symbol,group,exchange,time,date,snap_time,price,price_type,intra_buy_vol,intra_sell_vol,intra_delta,intra_buy_ratio,bid_price_1,bid_vol_1,ask_price_1,ask_vol_1,bid_price_2,bid_vol_2,ask_price_2,ask_vol_2,bid_price_3,bid_vol_3,ask_price_3,ask_vol_3,_ta_window,_last_close,ema20,ema50,adx,supertrend,ema200,ema_cross_pct,price_vs_ema20_pct,price_vs_ema200_pct,rsi,macd,macd_sig,macd_hist,stoch_k,stoch_d,bb_lower,bb_mid,bb_upper,atr,bb_position,atr_pct,obv,cmf,mfi,linreg_20,linreg_slope_pct,aroon_osc,donchian_upper_prev,donchian_lower_prev,ad_line,ad_slope_20d_pct,efi_13,willr_14,vol_ma_ratio,vol_today,vol_avg_20d,high_52w,low_52w,roc_10,return_20d,_cached_date,_ta_from_cache,_ta_stale_days,_should_cache,ff_room,ff_room_max_pct,ff_room_raw,ff_total_room_raw,ff_buy_val_5d,ff_sell_val_5d,ff_net_val_5d,ff_net_val_20d,ff_trend,ff_consistency,ff_acceleration,pt_net_val_5d,pt_net_val_20d,pt_trend,insider_buy_count,insider_sell_count,insider_count,insider_latest,insider_name,r_period,r_pe,r_pb,r_roe,r_roa,r_eps,r_bvps,r_beta,r_div_yield,r_gross_margin,r_net_margin,r_quick_ratio,r_interest_cov,r_ev_ebitda,is_revenue,is_gross_profit,is_net_profit,is_operating_profit,is_eps,is_rev_growth,is_profit_growth,is_rev_growth_yoy,is_profit_growth_yoy,eps_consistency,bs_total_assets,bs_equity,bs_total_liab,bs_short_debt,bs_long_debt,bs_debt_to_equity,cf_operating,cf_investing,cf_financing,cf_free,cf_quality_ratio,finance_score,finance_score_fund,finance_score_cf,finance_score_growth,industry,icb_code,vnindex_return_20d,vnindex_return_5d,market_valuation,trend_score,momentum_score,volume_score,volatility_score,order_flow_score,depth_score,ff_score,fundamental_score,cf_score,growth_score,context_score,news_score,confluence_bonus,tech_score,fund_score,news_industry,news_mention,news_macro,total_score,decision,confidence,signals,base_score_v2,scoring_version,data_missing,data_completeness,ext_rs_score,ext_52w_score,ext_roc_score,ext_nr7_score,ext_ba_score,ext_room_score,ext_fv_score,ext_div_score,ext_eps_score,ext_prop_score,ext_insider_score,ext_breadth_score,ext_linreg_score,ext_aroon_score,ext_donchian_score,ext_ad_score,ext_efi_score,ext_willr_score,ext_signals,smart_money_score,norm_smart_money,norm_trend,norm_momentum,norm_volume,norm_volatility,norm_order_flow,norm_depth,norm_ff,norm_fundamental,norm_cf,norm_growth,norm_context,w_trend,w_momentum,w_volume,w_order_flow,w_ff,w_fundamental,w_cf,w_growth,chg_pct_1d,chg_abs_vnd,accumulated_value,_of_pattern,_of_distribution,_of_buy_ratio,_of_sell_ratio,_of_vol_spike,_of_avg_size,_of_total_trades,_of_trader_type,_of_buy_count,_of_sell_count,_of_buy_vol,_of_sell_vol,_ctx_close,_ctx_ema50,_ctx_ema200,_ctx_chg_1d,_ctx_chg_5d,_ctx_chg_20d,_ctx_regime,_ctx_pe,_ctx_pb,_ctx_pe_pct,_ctx_pb_pct,_ctx_valuation,updated_at,news_evidence,pattern_flags
LPB,GAINER,HSX,2026-06-23 13:50,2026-06-23,13:50,52.6,realtime,48400.0,167100.0,-118700.0,0.22,52600.0,2914600.0,,0.0,52500.0,8200.0,0.0,0.0,52400.0,2000.0,0.0,0.0,12M,52.6,48.43,47.52,28.09,45.77,43.88,1.91,8.61,19.87,68.21,0.01,0.33,-0.32,67.74,46.88,42.95,48.45,53.96,1.82,0.88,3.46,117179484.0,-0.01,73.9,46.5,4.2,50.0,55.0,45.1,-4023799.59,-9.08,4125967.14,0.0,6.4,7089500.0,1108600.0,55.09,30.19,13.36,-2.77,2026-06-23,False,0,True,0.0,5.0,117792422.0,149364105.0,38.13,69.8,-31.68,-7.71,-1.22,0.47,-5.88,-4378800000.0,771676977000.0,-13.49,13,7,20,Mua,Nguyễn Văn Ngọc,2026-Q1,10.9,2.65,8.23,2.12,3834.74,15797.8,0.61,6.0,,,,,,,,,,,,,,,,,,,,,,56241284.0,-1043171.0,-7468205.0,55198113.0,,12,7,5,0,Ngân hàng,8300,-0.28,3.92,FAIR,30,-7,15,-5,8,3,-10,7,0,0,2,-0.03,5,49,9,0.04,0.0,-0.07,25.98,BUY,MEDIUM,EMA20>EMA50 +15 | Giá 20%>EMA200 (uptrend dài hạn) +5 | ADX=28.09 mạnh + giá>EMA200 (uptrend xác nhận) +5 | ST=45.77 bullish +5 | MACD hist=-0.32<0 -10 | Stoch K>46.88 cross up +3 | MFI=73.9 strong inflow +6 | OBV confirms trend +4 | Vol=6.4x avg breakout +5 | BB pos=0.88 near upper (overbought) -5 | OF pattern=SPIKE_BUY +5 | OF vol+268% buy 0.84 | AskClear (no wall) +1 | BidWall x2 mức ≥5K cp +2 | FF net sell intensity=-0.29 (5d/20d aligned) -5 | FF flow giảm tốc (trend+accel cùng âm) -5 | PE=10.9 cheap +7 | PB=2.65 neutral 0 | CFO=56241284000 (sector-skip) 0 | Market FAIR+uptrend +2 | News NEUTRAL -0.03 [LPBank đem giải pháp thanh toán thông mi... · vnexpress ·  2026] | CONFLUENCE bull (5/11 groups) +5 | CONFLUENCE bull (5/11) +5,20.98,v2.3,[],1.0,0,3,3,0,3,-7,0,2,0,-5,5,0,3,2,0,-2,2,-3,"RS=0.98(─) +0 | 52W_hi=-4.5% +3 | LinReg_slope=+4.2%/5d +3 | Aroon=+50(▲) +2 | ROC10=+13.4% +3 | Williams%R=0.0 -3 | NR=N compress=1.22 +0 | AD_slope20d=-9.1% -2 | EFI=+4,125,967 +2 | AskClear +1 | BidWall≤2%@52.6(2915K) +2 → +3 | FFroom=3.9% -7 | FairVal=-6%(PE×EPS=49852) +0 | DivYield=6.0% +2 | PropTrade=-4.4tỷ(5d) -5 | Insider=B13/S7(90d) net=+6 +5",0,0.0,0.72,-0.24,0.6,-0.62,0.8,0.86,-0.63,0.31,0.0,0.0,0.22,0.2,0.13,0.1,0.08,0.11,0.08,0.05,0.06,6.91,3400,365.02,SPIKE_BUY,BIMODAL,0.84,0.16,267.8,3483.0,2034,Mixed,1275,758,5873600,1119000,1885.11,1829.97,1740.26,1.46,4.27,0.05,UPTREND,13.97,2.12,50.2,74.0,FAIR,2026-06-23 13:53,mention·vnexpress·LPBank đem giải pháp thanh toán thông mi·05 Jun 2026 | mention·dantri·Dấu ấn LPBank tại Ngày Tài chính số 2026·05 Jun 2026 | industry·cafebiz·Chuyên gia lý giải vì sao tiền gửi ngân ·16 Jun 2026,
TCB,GAINER,HSX,2026-06-23 13:50,2026-06-23,13:50,32.55,realtime,255400.0,77200.0,178200.0,0.77,32500.0,19400.0,32550.0,70700.0,32450.0,37800.0,32600.0,166100.0,32400.0,107700.0,32650.0,115900.0,12M,32.55,31.65,31.88,17.21,30.06,33.52,-0.72,2.84,-2.89,58.09,-0.21,0.06,-0.26,31.83,20.96,30.16,31.66,33.17,0.64,0.79,1.97,101793958.0,-0.32,46.14,30.98,-0.15,57.14,33.7,30.8,-365364340.77,-20.28,4860391.29,-22.22,2.69,23708000.0,8798822.0,41.13,27.77,5.34,-1.06,2026-06-23,False,0,True,0.0,22.54,49981907.0,1597139381.0,119.39,737.43,-618.05,-1179.26,-4.81,0.06,-54.24,-12386610000.0,885186913000.0,-6.0,14,6,20,Mua,Nguyễn Thu Lan,2026-Q1,9.76,1.38,3.72,2.33,3575.81,25330.98,1.2,3.0,,,,,,,,,,,,,,,,,,,,,,39923618.0,-816440.0,5235750.0,39107178.0,,15,10,5,0,Ngân hàng,8300,-0.28,3.92,FAIR,-13,-2,9,0,8,-1,-15,10,0,0,2,0.07,0,2,14,0.04,0.1,-0.07,-2.22,NEUTRAL,MEDIUM,EMA20<EMA50 -15 | Giá -3%<EMA200 (dưới xu hướng) -3 | ST=30.06 bullish +5 | RSI=58.09 neutral +5 | MACD hist=-0.26<0 -10 | Stoch K>20.96 cross up +3 | CMF=-0.32 outflow (oversold) +8 | OBV divergence -4 | Vol=2.69x avg breakout +5 | OF pattern=SPIKE_BUY +5 | OF vol+125% buy 0.78 | AskWall x3 mức ≥5K cp -3 | BidWall x3 mức ≥5K cp +2 | FF net sell intensity=-0.72 (5d/20d aligned) -10 | FF flow giảm tốc (trend+accel cùng âm) -5 | PE=9.76 very cheap +10 | PB=1.38 fair +3 | ROE=3.72% weak -3 | CFO=39923618000 (sector-skip) 0 | Market FAIR+uptrend +2 | News NEUTRAL +0.07 [Ngân hàng ngấm đòn chạy đua lãi suất: Ch... · cafebiz ·  2026],-2.22,v2.3,[],1.0,0,-3,3,0,0,-7,3,1,0,-10,5,0,0,2,0,-2,1,-1,"RS=0.99(─) +0 | 52W_hi=-20.9% -3 | LinReg_slope=-0.1%/5d +0 | Aroon=+57(▲) +2 | ROC10=+5.3% +3 | Williams%R=-22.2 -1 | NR=N compress=5.66 +0 | AD_slope20d=-20.3% -2 | EFI=+4,860,391 +1 | AskWall≤2%@32.6(166K) -2 | BidWall≤2%@32.4(108K) +2 → +0 | FFroom=0.7% -7 | FairVal=+30%(PE×EPS=46486) +3 | DivYield=3.0% +1 | PropTrade=-12.4tỷ(5d) -10 | Insider=B14/S6(90d) net=+8 +5",-5,-0.25,-0.26,0.0,0.32,0.0,0.8,-0.14,-0.81,0.48,0.0,0.0,0.22,0.2,0.13,0.1,0.08,0.11,0.08,0.05,0.06,5.34,1650,761.76,SPIKE_BUY,BIMODAL,0.78,0.22,125.3,2128.0,10000,Mixed,7759,2241,16560900,4721700,1885.11,1829.97,1740.26,1.46,4.27,0.05,UPTREND,13.97,2.12,50.2,74.0,FAIR,2026-06-23 13:53,mention·cafebiz·Ngân hàng ngấm đòn chạy đua lãi suất: Ch·27 May 2026 | mention·cafebiz·Techcombank và hệ sinh thái cùng khát vọ·10 Jun 2026 | industry·cafebiz·Chuyên gia lý giải vì sao tiền gửi ngân ·16 Jun 2026,
STB,GAINER,HSX,2026-06-23 13:50,2026-06-23,13:50,73.8,realtime,239100.0,359300.0,-120200.0,0.4,73700.0,30400.0,73800.0,20900.0,73600.0,95400.0,73900.0,103200.0,73500.0,174400.0,74000.0,234700.0,12M,73.8,70.94,69.16,22.67,66.28,61.12,2.57,4.03,20.75,60.7,0.86,0.21,0.65,78.14,75.75,65.99,70.11,74.23,2.29,0.95,3.1,237492400.0,-0.25,78.07,72.97,3.55,100.0,73.5,66.1,-124388649.99,-27.28,4428589.5,-18.28,1.22,6389900.0,5235400.0,76.8,45.95,2.5,6.03,2026-06-23,False,0,True,0.0,30.0,344399922.0,565564714.0,146.93,379.18,-232.25,-414.01,-2.43,0.29,-22.1,-17944330000.0,-135390624000.0,1.06,11,9,20,Bán,nan,2026-Q1,18.41,1.83,-4.49,0.71,3150.36,31755.91,1.05,0.0,,,,,,,,,,,,,,,,,,,,,,92478004.0,-764340.0,-3818948.0,91713664.0,,8,3,5,0,Ngân hàng,8300,-0.28,3.92,FAIR,25,13,18,-5,0,-1,-15,3,0,0,2,-0.04,0,60,-3,0.04,-0.01,-0.07,14.14,NEUTRAL,MEDIUM,EMA20>EMA50 +15 | Giá 21%>EMA200 (uptrend dài hạn) +5 | ST=66.28 bullish +5 | MACD hist=0.65>0 +10 | Stoch K>75.75 cross up +3 | CMF=-0.25 outflow (oversold) +8 | MFI=78.07 strong inflow +6 | OBV confirms trend +4 | BB pos=0.95 near upper (overbought) -5 | AskWall x3 mức ≥5K cp -3 | BidWall x3 mức ≥5K cp +2 | FF net sell intensity=-0.44 (5d/20d aligned) -10 | FF flow giảm tốc (trend+accel cùng âm) -5 | PE=18.41 fair +3 | PB=1.83 fair +3 | ROE=-4.49% weak -3 | CFO=92478004000 (sector-skip) 0 | Market FAIR+uptrend +2 | News NEUTRAL -0.04 [Tin tức sáng 15-6: Người từ 60 tuổi ở Hà... · tuoitre ·  2026 eff:2026-07-01],14.14,v2.3,[],1.0,0,3,1,0,0,0,-6,0,0,-10,3,0,3,3,2,-2,2,-3,"RS=1.06(─) +0 | 52W_hi=-3.9% +3 | LinReg_slope=+3.5%/5d +3 | Aroon=+100(▲) +3 | Donch_BO↑(>73.50) +2 | ROC10=+2.5% +1 | Williams%R=-18.3 -3 | NR=N compress=2.59 +0 | AD_slope20d=-27.3% -2 | EFI=+4,428,590 +2 | AskWall≤2%@74.0(235K) -2 | BidWall≤2%@73.5(174K) +2 → +0 | FFroom=18.3% +0 | FairVal=-80%(PE×EPS=40955) -6 | PropTrade=-17.9tỷ(5d) -10 | Insider=B11/S9(90d) net=+2 +3",-7,-0.35,0.68,0.38,0.72,-0.62,0.0,-0.14,-0.56,-0.1,0.0,0.0,0.22,0.2,0.13,0.1,0.08,0.11,0.08,0.05,0.06,3.51,2500,467.75,CONTENTION,BIMODAL,0.53,0.47,34.2,1743.0,3668,Mixed,1782,1885,3344600,2987900,1885.11,1829.97,1740.26,1.46,4.27,0.05,UPTREND,13.97,2.12,50.2,74.0,FAIR,2026-06-23 13:53,mention·tuoitre·Tin tức sáng 15-6: Người từ 60 tuổi ở Hà·15 Jun 2026 | mention·cafebiz·Lãi suất tiết kiệm 30/5: Bảng lãi suất A·30 May 2026 | industry·cafebiz·Chuyên gia lý giải vì sao tiền gửi ngân ·16 Jun 2026,
VPB,GAINER,HSX,2026-06-23 13:50,2026-06-23,13:50,26.95,realtime,239000.0,66300.0,172700.0,0.78,26900.0,304900.0,26950.0,202500.0,26850.0,137300.0,27000.0,611800.0,26800.0,140700.0,27050.0,400500.0,12M,26.9,26.44,26.63,13.01,27.39,27.36,-0.71,1.74,-1.68,55.02,-0.16,0.04,-0.2,44.04,39.49,25.33,26.46,27.58,0.57,0.7,2.12,1067803016.0,-0.17,67.99,25.94,0.04,71.43,28.25,25.6,48552631.52,-46.13,1719756.33,-21.21,1.42,17456100.0,12281873.0,38.22,18.03,3.86,-2.54,2026-06-23,False,0,True,0.0,30.0,474057691.0,2380177080.0,82.69,424.41,-341.71,-1170.86,0.23,0.0,0.53,18860313000.0,90907310000.0,1.22,1,0,1,Mua,Phạm Thị Nhung,2026-Q1,9.48,1.26,4.68,2.11,3023.72,22722.13,1.31,2.0,,,,,,,,,,,,,,,,,,,,,,44532621.0,-88786.0,8650600.0,44443835.0,,15,10,5,0,Ngân hàng,8300,-0.28,3.92,FAIR,-23,-2,10,0,0,-1,-5,10,0,0,2,0.14,0,-16,16,0.04,0.17,-0.07,0.05,NEUTRAL,MEDIUM,EMA20<EMA50 -15 | Giá -1%<EMA200 (dưới xu hướng) -3 | ST=27.39 bearish -5 | RSI=55.02 neutral +5 | MACD hist=-0.2<0 -10 | Stoch K>39.49 cross up +3 | CMF=-0.17 outflow (oversold) +8 | MFI=67.99 strong inflow +6 | OBV divergence -4 | AskWall x3 mức ≥5K cp -3 | BidWall x3 mức ≥5K cp +2 | FF net sell intensity=-0.67 (5d/20d aligned) -10 | FF flow tăng tốc (trend+accel cùng dương) +5 | PE=9.48 very cheap +10 | PB=1.26 fair +3 | ROE=4.68% weak -3 | CFO=44532621000 (sector-skip) 0 | Market FAIR+uptrend +2 | News NEUTRAL +0.14 [4 năm VPBankS: Từ xây nền tảng đến giai ... · tuoitre ·  2026],0.05,v2.3,[],1.0,0,-3,1,0,0,-3,6,0,0,10,3,0,0,3,0,-2,1,-1,"RS=0.98(─) +0 | 52W_hi=-29.5% -3 | LinReg_slope=+0.0%/5d +0 | Aroon=+71(▲) +3 | ROC10=+3.9% +1 | Williams%R=-21.2 -1 | NR=N compress=2.91 +0 | AD_slope20d=-46.1% -2 | EFI=+1,719,756 +1 | AskWall≤2%@27.0(612K) -2 | BidWall≤2%@26.9(305K) +2 → +0 | FFroom=6.0% -3 | FairVal=+31%(PE×EPS=39308) +6 | DivYield=2.0% +0 | PropTrade=+18.9tỷ(5d) +10 | Insider=B1/S0(90d) net=+1 +3",13,0.65,-0.43,-0.07,0.36,0.0,0.0,-0.14,-0.3,0.55,0.0,0.0,0.22,0.2,0.13,0.1,0.08,0.11,0.08,0.05,0.06,3.46,900,465.64,CONTENTION,BIMODAL,0.67,0.33,50.9,2184.0,8055,Mixed,5005,3049,11812700,5707500,1885.11,1829.97,1740.26,1.46,4.27,0.05,UPTREND,13.97,2.12,50.2,74.0,FAIR,2026-06-23 13:53,mention·tuoitre·4 năm VPBankS: Từ xây nền tảng đến giai ·01 Jun 2026 | mention·cafebiz·Ngân hàng ngấm đòn chạy đua lãi suất: Ch·27 May 2026 | industry·cafebiz·Chuyên gia lý giải vì sao tiền gửi ngân ·16 Jun 2026,
VIC,GAINER,HSX,2026-06-23 13:50,2026-06-23,13:50,226.7,realtime,27500.0,26500.0,1000.0,0.51,226700.0,6600.0,226800.0,9500.0,226600.0,10600.0,226900.0,2000.0,226500.0,25900.0,227000.0,20100.0,12M,226.7,205.68,198.48,21.09,199.06,147.35,3.63,10.22,53.85,67.96,1.64,2.49,-0.85,90.7,78.27,184.35,202.96,221.57,9.27,1.0,4.09,119934721.0,0.21,68.81,203.64,7.38,42.86,219.8,184.7,74219411.04,22.81,14685271.54,-7.28,1.03,3298500.0,3195515.0,232.0,45.5,17.34,6.43,2026-06-23,False,0,True,0.0,48.02,3482380105.0,3713436895.0,930.61,543.57,-1744.98,-2321.3,63.98,0.41,-212.45,-15932300000.0,-235602227000.0,2.68,0,2,2,Bán,nan,2026-Q1,49.13,8.66,4.32,1.38,1785.27,19584.0,1.12,0.0,22.68,2.19,0.77,2.35,33.09,46312274.0,2917635.0,-580986.0,-13907759.0,,-0.45,-1.08,-0.45,-1.08,-1.0,,,,,,,69244889.0,-139928403.0,101619123.0,-70683514.0,6.1,-7,-11,10,-6,Bất động sản,8600,-0.28,3.92,FAIR,25,-15,2,-5,-3,-1,-10,-11,0,-6,2,0.05,-5,20,-24,0.04,0.08,-0.07,-14.69,SELL,MEDIUM,EMA20>EMA50 +15 | Giá 54%>EMA200 (uptrend dài hạn) +5 | ST=199.06 bullish +5 | MACD hist=-0.85<0 -10 | Stoch K=90.7 overbought -5 | CMF=0.21 inflow (overbought) -8 | MFI=68.81 strong inflow +6 | OBV confirms trend +4 | BB pos=1.0 near upper (overbought) -5 | OF pattern=WEAK -3 | AskWall x2 mức ≥5K cp -3 | BidWall x3 mức ≥5K cp +2 | FF net sell intensity=-1.18 (5d/20d aligned) -10 | PE=49.13 expensive -5 | PB=8.66 expensive -3 | ROE=4.32% weak -3 | CFO=69244889000 (sector-skip) 0 | RevG-YoY=-44.9% declining -3 | ProfitG-YoY=-108.3% declining -3 | Market FAIR+uptrend +2 | News NEUTRAL +0.05 [Vinhomes dừng mở rộng quỹ đất tại Việt N... · cafebiz ·  2026] | CONFLUENCE bear (6/11 groups) -5 | CONFLUENCE bear (6/11) -5,-9.69,v2.3,[],1.0,0,3,3,1,0,3,-6,0,-1,-10,-3,0,3,2,2,2,3,-3,"RS=1.07(─) +0 | 52W_hi=-2.3% +3 | LinReg_slope=+7.4%/5d +3 | Aroon=+43(▲) +2 | Donch_BO↑(>219.80) +2 | ROC10=+17.3% +3 | Williams%R=-7.3 -3 | NR=N compress=0.68 +1 | AD_slope20d=+22.8% +2 | EFI=+14,685,272 +3 | AskWall≤2%@227.0(20K) -2 | BidWall≤2%@226.5(26K) +2 → +0 | FFroom=45.0% +3 | FairVal=-877%(PE×EPS=23209) -6 | EPScons=-1qtrs -1 | PropTrade=-15.9tỷ(5d) -10 | Insider=B0/S2(90d) net=-2 -3",-13,-0.65,0.66,-0.52,0.28,-0.5,-0.3,-0.14,-0.26,-0.59,0.0,-0.47,0.22,0.2,0.13,0.1,0.08,0.11,0.08,0.05,0.06,3.23,7100,745.63,WEAK,BIMODAL,0.47,0.53,-26.6,447.0,7419,Retail,3745,3673,1499000,1681100,1885.11,1829.97,1740.26,1.46,4.27,0.05,UPTREND,13.97,2.12,50.2,74.0,FAIR,2026-06-23 13:53,mention·cafebiz·Vinhomes dừng mở rộng quỹ đất tại Việt N·17 Jun 2026 | mention·cafebiz·Bức tranh sôi động của tỉnh tăng trưởng ·05 Jun 2026 | industry·petrotimes·Tin nhanh chứng khoán ngày 2 6 VN Index ·02 Jun 2026,
ACB,GAINER,HSX,2026-06-23 13:50,2026-06-23,13:50,22.6,realtime,44300.0,220700.0,-176400.0,0.17,22600.0,65800.0,22650.0,257500.0,22550.0,218300.0,22700.0,173300.0,22500.0,348500.0,22750.0,97500.0,12M,22.6,22.01,21.31,33.98,21.33,21.11,3.28,2.68,7.06,60.11,0.45,-0.08,0.53,42.55,44.07,21.19,22.22,23.25,0.55,0.69,2.43,75308818.0,0.04,60.88,22.66,-2.71,50.0,23.35,20.29,-266864482.38,7.05,3173103.55,-44.64,0.57,17138000.0,30107238.0,25.42,18.22,-1.01,5.76,2026-06-23,False,0,True,0.0,30.0,282100559.0,1540996979.0,132.92,147.58,-14.66,-544.92,7.76,0.35,29.12,-174755911000.0,-335433049000.0,-1.54,7,1,8,Mua,Nguyễn Thiên Hương Jenny,2026-Q1,7.43,1.3,3.0,1.64,3229.59,18401.02,0.84,4.0,,,,,,,,,,,,,,,,,,,,,,28160074.0,-304232.0,-4466658.0,27855842.0,,15,10,5,0,Ngân hàng,8300,-0.28,3.92,FAIR,30,7,10,0,0,-1,5,10,0,0,2,0.08,0,51,17,0.04,0.11,-0.07,24.11,NEUTRAL,HIGH,EMA20>EMA50 +15 | Giá 7%>EMA200 (uptrend dài hạn) +5 | ADX=33.98 mạnh + giá>EMA200 (uptrend xác nhận) +5 | ST=21.33 bullish +5 | MACD hist=0.53>0 +10 | Stoch K<44.07 cross down -3 | MFI=60.88 strong inflow +6 | OBV confirms trend +4 | AskWall x3 mức ≥5K cp -3 | BidWall x3 mức ≥5K cp +2 | FF net trung tính (intensity=-0.05) +0 | FF flow tăng tốc (trend+accel cùng dương) +5 | PE=7.43 very cheap +10 | PB=1.3 fair +3 | ROE=3.0% weak -3 | CFO=28160074000 (sector-skip) 0 | Market FAIR+uptrend +2 | News NEUTRAL +0.08 [Dấu ấn phát triển bền vững của ACB... · vnexpress ·  2026],24.11,v2.3,[],1.0,0,0,0,0,0,-3,6,1,0,-10,5,0,-1,2,0,2,1,0,"RS=1.06(─) +0 | 52W_hi=-11.1% +0 | LinReg_slope=-2.7%/5d -1 | Aroon=+50(▲) +2 | ROC10=-1.0% +0 | Williams%R=-44.6 +0 | NR=N compress=2.24 +0 | AD_slope20d=+7.0% +2 | EFI=+3,173,104 +1 | AskWall≤2%@22.6(258K) -2 | BidWall≤2%@22.5(348K) +2 → +0 | FFroom=5.5% -3 | FairVal=+46%(PE×EPS=41985) +6 | DivYield=4.0% +1 | PropTrade=-174.8tỷ(5d) -10 | Insider=B7/S1(90d) net=+6 +5",-5,-0.25,0.58,0.24,0.52,0.0,0.0,-0.14,0.07,0.59,0.0,0.0,0.22,0.2,0.13,0.1,0.08,0.11,0.08,0.05,0.06,2.73,600,383.23,CONTENTION,BIMODAL,0.58,0.42,34.8,1942.0,8932,Mixed,4795,4136,9886900,7231200,1885.11,1829.97,1740.26,1.46,4.27,0.05,UPTREND,13.97,2.12,50.2,74.0,FAIR,2026-06-23 13:53,mention·vnexpress·Dấu ấn phát triển bền vững của ACB·28 May 2026 | mention·cafebiz·Hành trình 33 năm của ACB: không chỉ tăn·04 Jun 2026 | industry·cafebiz·Chuyên gia lý giải vì sao tiền gửi ngân ·16 Jun 2026,CONSENSUS_BULL
HDB,GAINER,HSX,2026-06-23 13:50,2026-06-23,13:50,25.85,realtime,93800.0,172500.0,-78700.0,0.35,25850.0,111100.0,25900.0,257700.0,25800.0,190400.0,25950.0,193000.0,25750.0,116900.0,26000.0,162200.0,12M,25.85,25.51,25.88,28.71,26.32,25.15,-1.43,1.33,2.78,53.85,-0.23,0.07,-0.31,57.12,45.05,24.59,25.41,26.22,0.47,0.77,1.82,847128266.0,0.02,58.42,25.09,0.38,100.0,27.0,24.8,567806386.3,0.54,1135116.09,-21.74,1.73,15274400.0,8851020.0,30.0,16.77,2.99,-2.45,2026-06-23,False,0,True,0.0,27.0,282595586.0,1351424607.0,40.98,172.41,-131.43,-478.75,0.26,0.18,1.88,-20717416000.0,-50638845000.0,0.0,2,1,3,Mua,Trần Hoài Nam,2026-Q1,6.39,1.46,6.96,2.06,4644.45,20278.87,1.2,0.0,,,,,,,,,,,,,,,,,,,,,,75411390.0,-122012.0,7823678.0,75289378.0,,18,13,5,0,Ngân hàng,8300,-0.28,3.92,FAIR,-12,-2,-1,0,0,-1,-5,13,0,0,2,-0.03,0,-11,19,0.04,0.0,-0.07,-4.44,NEUTRAL,MEDIUM,"EMA20<EMA50 -15 | Giá 3%>EMA200 (trên xu hướng) +3 | ADX=28.71 mạnh + giá>EMA200 (uptrend xác nhận) +5 | ST=26.32 bearish -5 | RSI=53.85 neutral +5 | MACD hist=-0.31<0 -10 | Stoch K>45.05 cross up +3 | OBV divergence -4 | Vol=1.73x avg elevated +3 | AskWall x3 mức ≥5K cp -3 | BidWall x3 mức ≥5K cp +2 | FF net sell intensity=-0.62 (5d/20d aligned) -10 | FF flow tăng tốc (trend+accel cùng dương) +5 | PE=6.39 very cheap +10 | PB=1.46 fair +3 | CFO=75411390000 (sector-skip) 0 | Market FAIR+uptrend +2 | News NEUTRAL -0.03 [HDBank: Mọi khoản vay đều phải đi qua ""b... · dantri ·  2026]",-4.44,v2.3,[],1.0,0,0,1,0,0,-3,6,0,0,-10,3,0,0,3,0,0,1,-1,"RS=0.98(─) +0 | 52W_hi=-13.8% +0 | LinReg_slope=+0.4%/5d +0 | Aroon=+100(▲) +3 | ROC10=+3.0% +1 | Williams%R=-21.7 -1 | NR=N compress=2.88 +0 | AD_slope20d=+0.5% +0 | EFI=+1,135,116 +1 | AskWall≤2%@25.9(258K) -2 | BidWall≤2%@25.8(190K) +2 → +0 | FFroom=5.7% -3 | FairVal=+57%(PE×EPS=60378) +6 | PropTrade=-20.7tỷ(5d) -10 | Insider=B2/S1(90d) net=+1 +3",-7,-0.35,-0.17,-0.07,0.0,0.0,0.0,-0.14,-0.3,0.66,0.0,0.0,0.22,0.2,0.13,0.1,0.08,0.11,0.08,0.05,0.06,2.57,650,392.15,CONTENTION,BIMODAL,0.66,0.34,92.0,2409.0,6355,Mixed,3510,2844,9929100,5043600,1885.11,1829.97,1740.26,1.46,4.27,0.05,UPTREND,13.97,2.12,50.2,74.0,FAIR,2026-06-23 13:53,"mention·dantri·HDBank: Mọi khoản vay đều phải đi qua ""b·27 May 2026 | mention·cafebiz·Lãi suất tiết kiệm 30/5: Bảng lãi suất A·30 May 2026 | industry·cafebiz·Chuyên gia lý giải vì sao tiền gửi ngân ·16 Jun 2026",
VPI,GAINER,HSX,2026-06-23 13:50,2026-06-23,13:50,60.8,realtime,694700.0,334200.0,360500.0,0.68,60800.0,15600.0,60900.0,3600.0,60700.0,36500.0,61000.0,15100.0,60600.0,30100.0,61100.0,13500.0,12M,60.8,60.61,60.31,11.75,58.21,57.86,0.5,0.31,5.08,50.83,-0.16,-0.13,-0.03,37.41,34.42,58.39,60.86,63.32,1.44,0.49,2.37,28132600.0,0.07,52.06,59.92,-1.94,35.71,63.1,58.0,76364186.21,2.8,-171004.26,-39.13,0.68,1029400.0,1509600.0,63.5,49.95,2.18,0.0,2026-06-23,False,0,True,0.0,49.0,124993076.0,156824292.0,22.26,33.68,-11.42,-48.13,0.08,0.29,0.55,-357350000.0,-357350000.0,-0.05,5,8,13,Bán,nan,2026-Q1,46.85,3.38,2.4,2.9,1235.82,17122.0,0.34,0.0,41.47,11.19,0.85,15.91,100.12,180234.76,50017.04,6829.85,22487.09,21.0,-0.28,-0.95,-0.28,-0.95,-1.0,,,,,,,156828.99,-806373.76,858159.93,-649544.77,0.4,-17,-11,0,-6,Bất động sản,8600,-0.28,3.92,FAIR,25,-2,4,0,-3,-1,0,-11,0,-6,2,-0.03,0,28,-24,0.04,0.0,-0.07,1.55,NEUTRAL,MEDIUM,EMA20>EMA50 +15 | Giá 5%>EMA200 (uptrend dài hạn) +5 | ST=58.21 bullish +5 | RSI=50.83 neutral +5 | MACD hist=-0.03<0 -10 | Stoch K>34.42 cross up +3 | OBV confirms trend +4 | OF pattern=WEAK -3 | AskWall x2 mức ≥5K cp -3 | BidWall x3 mức ≥5K cp +2 | FF net sell intensity=-0.20 (5d/20d aligned) -5 | FF flow tăng tốc (trend+accel cùng dương) +5 | PE=46.85 expensive -5 | PB=3.38 expensive -3 | ROE=2.4% weak -3 | CFO=156828991 (sector-skip) 0 | RevG-YoY=-27.5% declining -3 | ProfitG-YoY=-95.2% declining -3 | Market FAIR+uptrend +2 | News NEUTRAL -0.03 [VPI trước yêu cầu mới về phát triển khoa... · petrotimes ·  2026],1.55,v2.3,[],1.0,0,3,1,0,0,3,-6,0,-1,0,-5,0,-1,2,0,1,-1,-1,"RS=1.00(─) +0 | 52W_hi=-4.3% +3 | LinReg_slope=-1.9%/5d -1 | Aroon=+36(▲) +2 | ROC10=+2.2% +1 | Williams%R=-39.1 -1 | NR=N compress=1.33 +0 | AD_slope20d=+2.8% +1 | EFI=-171,004 -1 | AskWall≤2%@61.0(15K) -2 | BidWall≤2%@60.7(36K) +2 → +0 | FFroom=39.0% +3 | FairVal=-278%(PE×EPS=16066) -6 | EPScons=-1qtrs -1 | PropTrade=-0.4tỷ(5d) +0 | Insider=B5/S8(90d) net=-3 -5",-5,-0.25,0.55,-0.07,0.16,0.0,-0.3,-0.14,0.11,-0.59,0.0,-0.47,0.22,0.2,0.13,0.1,0.08,0.11,0.08,0.05,0.06,2.18,1300,62.27,WEAK,BIMODAL,0.68,0.32,-35.4,5148.0,200,Mixed,111,88,694700,334300,1885.11,1829.97,1740.26,1.46,4.27,0.05,UPTREND,13.97,2.12,50.2,74.0,FAIR,2026-06-23 13:53,mention·petrotimes·VPI trước yêu cầu mới về phát triển khoa·22 May 2026 | mention·petrotimes·VPI đào tạo chuyên sâu về kinh tế và quả·05 Jun 2026 | industry·petrotimes·Tin nhanh chứng khoán ngày 2 6 VN Index ·02 Jun 2026,
BSI,GAINER,HSX,2026-06-23 13:51,2026-06-23,13:50,34.75,realtime,28300.0,92700.0,-64400.0,0.23,34700.0,300.0,34750.0,300.0,34650.0,5400.0,34800.0,2400.0,34600.0,1800.0,34850.0,1000.0,12M,34.75,32.73,32.48,27.01,31.75,36.06,0.77,6.17,-3.63,65.66,0.69,0.44,0.24,75.48,77.03,28.85,32.16,35.47,1.08,0.89,3.11,23952314.0,-0.1,69.32,33.8,8.75,57.14,36.0,29.95,-19507720.41,-4.28,321908.13,-20.66,2.08,754900.0,363609.0,53.0,28.95,14.95,7.69,2026-06-23,False,0,True,0.0,100.0,158113081.0,245365943.0,9.57,9.12,0.45,0.54,0.04,0.59,0.06,,,,3,6,9,Mua,nan,2026-Q1,17.84,1.67,1.73,3.23,2108.17,22528.63,1.36,0.0,56.01,16.81,,,0.0,,262408.39,,,,,,,,,,,,,,,-4249312.49,2339.39,5026644.95,-4246973.1,,-7,3,-10,0,Dịch vụ tài chính,8700,-0.28,3.92,FAIR,12,7,15,-5,0,2,5,3,0,0,2,-0.05,0,33,0,0.02,0.0,-0.07,18.07,NEUTRAL,MEDIUM,"EMA20>EMA50 +15 | Giá -4%<EMA200 (dưới xu hướng) -3 | ADX=27.01 mạnh + giá<EMA200 (downtrend xác nhận) -5 | ST=31.75 bullish +5 | MACD hist=0.24>0 +10 | Stoch K<77.03 cross down -3 | MFI=69.32 strong inflow +6 | OBV confirms trend +4 | Vol=2.08x avg breakout +5 | BB pos=0.89 near upper (overbought) -5 | AskClear (no wall) +1 | BidWall 34.65 (5K cp, -0.3%) +1 | FF net trung tính (intensity=+0.02) +0 | FF flow tăng tốc (trend+accel cùng dương) +5 | PE=17.84 fair +3 | PB=1.67 fair +3 | ROE=1.73% weak -3 | CFO=-4249312492 (sector-skip) 0 | Market FAIR+uptrend +2 | News NEUTRAL -0.05 [Chứng khoán 2-6: Nên làm gì khi thị trườ... · tuoitre ·  2026]",18.07,v2.3,[],1.0,0,-3,3,0,3,3,-3,0,0,0,-5,0,3,2,0,-1,1,-1,"RS=1.08(─) +0 | 52W_hi=-34.4% -3 | LinReg_slope=+8.8%/5d +3 | Aroon=+57(▲) +2 | ROC10=+14.9% +3 | Williams%R=-20.7 -1 | NR=N compress=0.70 +0 | AD_slope20d=-4.3% -1 | EFI=+321,908 +1 | AskClear +1 | BidWall≤2%@34.6(5K) +2 → +3 | FFroom=64.4% +3 | FairVal=-27%(PE×EPS=27406) -3 | Insider=B3/S6(90d) net=-3 -5",-5,-0.25,0.26,0.31,0.6,-0.62,0.0,0.71,0.3,0.0,0.0,0.0,0.22,0.2,0.13,0.1,0.08,0.11,0.08,0.05,0.06,1.76,600,26.52,CONTENTION,BIMODAL,0.51,0.49,-13.2,744.0,1015,Retail,579,435,383600,368500,1885.11,1829.97,1740.26,1.46,4.27,0.05,UPTREND,13.97,2.12,50.2,74.0,FAIR,2026-06-23 13:53,industry·tuoitre·Chứng khoán 2-6: Nên làm gì khi thị trườ·02 Jun 2026 | industry·vietstock·Thủ tướng: TPHCM phải xử lý dứt điểm dự ·14 Jun 2026 | macro·znews·Sự ra đời của ngân hàng trung ương đầu t·16 Jun 2026,
FTS,GAINER,HSX,2026-06-23 13:50,2026-06-23,13:50,26.95,realtime,34900.0,104000.0,-69100.0,0.25,26950.0,12500.0,27000.0,9800.0,26900.0,23600.0,27100.0,18600.0,26850.0,3100.0,27150.0,9600.0,12M,26.95,25.01,24.66,27.09,24.66,28.37,1.42,7.76,-5.01,68.92,0.75,0.4,0.36,76.19,81.25,21.53,24.53,27.53,0.89,0.9,3.3,-5115714.0,0.09,83.72,26.16,10.74,57.14,28.15,22.55,-117013058.8,1.85,945075.71,-21.43,1.25,1405800.0,1128551.0,40.22,21.36,16.67,11.83,2026-06-23,False,0,True,0.0,100.0,260230356.0,346498009.0,29.98,20.72,9.26,6.43,0.23,0.47,1.47,352025000.0,690185000.0,-0.01,5,15,20,Bán,Nguyễn Thị Thu Hương,2026-Q1,27.12,2.58,2.94,3.2,1215.12,12756.11,1.39,2.0,50.34,34.59,,,0.0,,102235.44,,,,,,,,,,,,,,,-876034.91,-5653.2,3229754.41,-881688.11,,-18,-8,-10,0,Dịch vụ tài chính,8700,-0.28,3.92,FAIR,10,7,2,-5,-3,-1,10,-8,0,0,2,-0.05,0,22,-14,0.02,0.0,-0.07,7.17,NEUTRAL,MEDIUM,EMA20>EMA50 +15 | Giá -5%<EMA200 (downtrend dài hạn) -5 | ADX=27.09 mạnh + giá<EMA200 (downtrend xác nhận) -5 | ST=24.66 bullish +5 | MACD hist=0.36>0 +10 | Stoch K<81.25 cross down -3 | MFI=83.72 strong inflow +6 | OBV divergence -4 | BB pos=0.9 near upper (overbought) -5 | OF pattern=WEAK -3 | AskWall x3 mức ≥5K cp -3 | BidWall x2 mức ≥5K cp +2 | FF net buy intensity=+0.18 (5d/20d aligned) +5 | FF flow tăng tốc (trend+accel cùng dương) +5 | PE=27.12 expensive -5 | PB=2.58 neutral 0 | ROE=2.94% weak -3 | CFO=-876034906 (sector-skip) 0 | Market FAIR+uptrend +2 | News NEUTRAL -0.05 [Chứng khoán 2-6: Nên làm gì khi thị trườ... · tuoitre ·  2026],7.17,v2.3,[],1.0,4,-3,3,0,0,3,-6,0,0,0,-5,0,3,2,0,1,2,-1,"RS=1.12(▲) +4 | 52W_hi=-33.0% -3 | LinReg_slope=+10.7%/5d +3 | Aroon=+57(▲) +2 | ROC10=+16.7% +3 | Williams%R=-21.4 -1 | NR=N compress=0.88 +0 | AD_slope20d=+1.9% +1 | EFI=+945,076 +2 | AskWall≤2%@27.1(19K) -2 | BidWall≤2%@26.9(24K) +2 → +0 | FFroom=75.1% +3 | FairVal=-71%(PE×EPS=15797) -6 | DivYield=2.0% +0 | PropTrade=+0.4tỷ(5d) +0 | Insider=B5/S15(90d) net=-10 -5",-5,-0.25,0.3,0.31,0.2,-0.62,-0.3,-0.14,0.48,-0.48,0.0,0.0,0.22,0.2,0.13,0.1,0.08,0.11,0.08,0.05,0.06,1.69,450,37.63,WEAK,BIMODAL,0.46,0.54,-52.8,966.0,1456,Retail,679,776,641900,759600,1885.11,1829.97,1740.26,1.46,4.27,0.05,UPTREND,13.97,2.12,50.2,74.0,FAIR,2026-06-23 13:53,industry·tuoitre·Chứng khoán 2-6: Nên làm gì khi thị trườ·02 Jun 2026 | industry·vietstock·Thủ tướng: TPHCM phải xử lý dứt điểm dự ·14 Jun 2026 | macro·znews·Sự ra đời của ngân hàng trung ương đầu t·16 Jun 2026,
VHM,GAINER,HSX,2026-06-23 13:51,2026-06-23,13:50,157.3,realtime,64100.0,21900.0,42200.0,0.75,157300.0,800.0,157600.0,1600.0,157200.0,5100.0,157700.0,10500.0,157100.0,4300.0,157800.0,1600.0,12M,157.3,147.39,143.07,21.35,138.02,120.67,3.02,6.72,30.36,60.49,-0.02,0.83,-0.85,83.14,66.82,133.9,147.35,160.8,7.03,0.87,4.47,29589000.0,-0.12,56.67,143.34,2.83,42.86,161.6,129.0,156830732.46,-7.08,7111044.71,-14.24,1.01,4936400.0,4866145.0,173.3,74.7,7.74,2.28,2026-06-23,False,0,True,0.0,50.0,1744590539.0,2053706002.0,573.84,1777.19,-1304.33,-2192.23,-15.88,0.12,-131.91,61932905000.0,44126644000.0,3.02,0,2,2,Bán,nan,2026-Q1,12.38,2.05,11.07,5.93,10019.1,60356.0,1.35,0.0,32.64,26.02,1.06,12.83,16.79,19022223.0,4523840.0,7553449.0,8742571.0,1839.0,0.21,1.81,0.21,1.81,1.0,,,,,,,41189141.0,-78087978.0,58080605.0,-36898837.0,0.98,22,7,5,10,Bất động sản,8600,-0.28,3.92,FAIR,25,-15,12,-5,-3,-1,-15,7,0,10,2,0.05,0,17,14,0.04,0.08,-0.07,6.72,NEUTRAL,MEDIUM,"EMA20>EMA50 +15 | Giá 30%>EMA200 (uptrend dài hạn) +5 | ST=138.02 bullish +5 | MACD hist=-0.85<0 -10 | Stoch K=83.14 overbought -5 | CMF=-0.12 outflow (oversold) +8 | OBV confirms trend +4 | BB pos=0.87 near upper (overbought) -5 | OF pattern=WEAK -3 | AskWall 157.70 (10K cp, +0.3%) -2 | BidWall 157.20 (5K cp, -0.1%) +1 | FF net sell intensity=-0.55 (5d/20d aligned) -10 | FF flow giảm tốc (trend+accel cùng âm) -5 | PE=12.38 cheap +7 | PB=2.05 neutral 0 | ROE=11.07% neutral 0 | CFO=41189141000 (sector-skip) 0 | RevG-YoY=21.2% strong +5 | ProfitG-YoY=180.9% strong +5 | Market FAIR+uptrend +2 | News NEUTRAL +0.05 [Vinhomes dừng mở rộng quỹ đất tại Việt N... · cafebiz ·  2026]",6.72,v2.3,[],1.0,0,0,3,0,0,3,-3,0,0,10,-3,0,1,2,0,-2,2,-3,"RS=1.03(─) +0 | 52W_hi=-9.2% +0 | LinReg_slope=+2.8%/5d +1 | Aroon=+43(▲) +2 | ROC10=+7.7% +3 | Williams%R=-14.2 -3 | NR=N compress=0.91 +0 | AD_slope20d=-7.1% -2 | EFI=+7,111,045 +2 | AskWall≤2%@157.7(10K) -2 | BidWall≤2%@157.2(5K) +2 → +0 | FFroom=42.5% +3 | FairVal=-21%(PE×EPS=130248) -3 | EPScons=1qtrs +0 | PropTrade=+61.9tỷ(5d) +10 | Insider=B0/S2(90d) net=-2 -3",7,0.35,0.53,-0.52,0.48,-0.62,-0.3,-0.14,-0.44,0.14,0.0,0.67,0.22,0.2,0.13,0.1,0.08,0.11,0.08,0.05,0.06,1.67,2600,779.0,WEAK,BIMODAL,0.48,0.52,-22.0,612.0,8088,Retail,3586,4501,2205600,2429800,1885.11,1829.97,1740.26,1.46,4.27,0.05,UPTREND,13.97,2.12,50.2,74.0,FAIR,2026-06-23 13:53,mention·cafebiz·Vinhomes dừng mở rộng quỹ đất tại Việt N·17 Jun 2026 | mention·vnexpress·'Thị trường phía Nam sôi động nhờ làn só·01 Jun 2026 | industry·petrotimes·Tin nhanh chứng khoán ngày 2 6 VN Index ·02 Jun 2026,
CTS,GAINER,HSX,2026-06-23 13:51,2026-06-23,13:50,26.3,realtime,55000.0,119800.0,-64800.0,0.31,26250.0,16900.0,26300.0,2800.0,26200.0,45700.0,26350.0,5900.0,26150.0,2500.0,26400.0,7700.0,12M,26.3,23.39,22.52,29.1,23.46,25.32,3.86,12.44,3.87,76.5,1.14,0.5,0.64,85.93,85.86,18.88,22.71,26.55,0.95,0.97,3.61,37480070.0,0.07,85.95,25.22,14.33,78.57,26.75,20.74,-21541277.39,7.59,1152298.33,-13.93,1.62,2070600.0,1275403.0,36.6,19.1,25.84,18.1,2026-06-23,False,0,True,0.0,49.0,102502319.0,104219784.0,31.9,32.6,-0.7,1.48,0.02,0.47,-0.23,-142000000.0,-201035000.0,-0.01,1,0,1,Mua,nan,2026-Q1,10.34,2.47,0.89,5.24,3206.31,13425.13,1.64,0.0,50.93,6.29,,,0.0,,335784.78,,,,,,,,,,,,,,,-1649039.9,-10137.33,2092361.82,-1659177.23,,-6,4,-10,0,Dịch vụ tài chính,8700,-0.28,3.92,FAIR,28,-5,13,-5,-3,-1,0,4,0,0,2,-0.05,0,39,10,0.02,0.0,-0.07,18.21,NEUTRAL,MEDIUM,EMA20>EMA50 +15 | Giá 4%>EMA200 (trên xu hướng) +3 | ADX=29.1 mạnh + giá>EMA200 (uptrend xác nhận) +5 | ST=23.46 bullish +5 | RSI=76.5 overbought -10 | MACD hist=0.64>0 +10 | Stoch K=85.93 overbought -5 | MFI=85.95 strong inflow +6 | OBV confirms trend +4 | Vol=1.62x avg elevated +3 | BB pos=0.97 near upper (overbought) -5 | OF pattern=WEAK -3 | AskWall x2 mức ≥5K cp -3 | BidWall x2 mức ≥5K cp +2 | FF net trung tính (intensity=-0.01) +0 | PE=10.34 cheap +7 | PB=2.47 neutral 0 | ROE=0.89% weak -3 | CFO=-1649039897 (sector-skip) 0 | Market FAIR+uptrend +2 | News NEUTRAL -0.05 [Chứng khoán 2-6: Nên làm gì khi thị trườ... · tuoitre ·  2026],18.21,v2.3,[],1.0,4,-3,3,0,0,3,6,0,0,0,3,0,3,3,0,2,2,-3,"RS=1.18(▲) +4 | 52W_hi=-28.1% -3 | LinReg_slope=+14.3%/5d +3 | Aroon=+79(▲) +3 | ROC10=+25.8% +3 | Williams%R=-13.9 -3 | NR=N compress=0.94 +0 | AD_slope20d=+7.6% +2 | EFI=+1,152,298 +2 | AskWall≤2%@26.4(8K) -2 | BidWall≤2%@26.2(46K) +2 → +0 | FFroom=48.2% +3 | FairVal=+37%(PE×EPS=41682) +6 | PropTrade=-0.1tỷ(5d) +0 | Insider=B1/S0(90d) net=+1 +3",3,0.15,0.66,-0.17,0.68,-0.62,-0.3,-0.14,0.11,0.34,0.0,0.0,0.22,0.2,0.13,0.1,0.08,0.11,0.08,0.05,0.06,1.54,400,55.11,WEAK,BIMODAL,0.58,0.42,-23.9,996.0,2090,Retail,1187,902,1191400,866500,1885.11,1829.97,1740.26,1.46,4.27,0.05,UPTREND,13.97,2.12,50.2,74.0,FAIR,2026-06-23 13:53,industry·tuoitre·Chứng khoán 2-6: Nên làm gì khi thị trườ·02 Jun 2026 | industry·vietstock·Thủ tướng: TPHCM phải xử lý dứt điểm dự ·14 Jun 2026 | macro·znews·Sự ra đời của ngân hàng trung ương đầu t·16 Jun 2026,
BID,GAINER,HSX,2026-06-23 13:51,2026-06-23,13:50,43.05,realtime,15400.0,136700.0,-121300.0,0.1,43050.0,31900.0,43100.0,37200.0,43000.0,101800.0,43150.0,43700.0,42950.0,11500.0,43200.0,78000.0,12M,43.05,42.18,42.14,20.55,40.25,41.4,0.09,2.06,3.99,56.24,0.09,0.1,-0.01,64.58,66.44,40.73,42.04,43.34,1.0,0.89,2.32,143488491.0,-0.21,67.01,42.08,2.61,71.43,43.85,40.8,-163874774.91,-11.8,1169293.8,-16.67,1.59,6325500.0,3989245.0,56.6,35.75,4.62,-1.26,2026-06-23,False,0,True,0.0,30.0,902494607.0,2184019563.0,147.98,56.45,93.42,69.57,1.55,0.47,14.59,-31829040000.0,-17938465000.0,-0.39,7,10,17,Bán,Quách Hùng Hiệp,2026-Q1,9.09,1.57,6.68,0.98,4277.87,24726.16,0.99,1.0,,,,,,,,,,,,,,,,,,,,,,192940485.0,-1638693.0,14251434.0,191301792.0,,18,13,5,0,Ngân hàng,8300,-0.28,3.92,FAIR,23,-8,20,-5,0,-1,15,13,0,0,2,0.02,0,28,16,0.04,0.05,-0.07,15.27,NEUTRAL,MEDIUM,EMA20>EMA50 +15 | Giá 4%>EMA200 (trên xu hướng) +3 | ST=40.25 bullish +5 | RSI=56.24 neutral +5 | MACD hist=-0.01<0 -10 | Stoch K<66.44 cross down -3 | CMF=-0.21 outflow (oversold) +8 | MFI=67.01 strong inflow +6 | OBV confirms trend +4 | Vol=1.59x avg elevated +3 | BB pos=0.89 near upper (overbought) -5 | AskWall x3 mức ≥5K cp -3 | BidWall x3 mức ≥5K cp +2 | FF net buy intensity=+0.46 (5d/20d aligned) +10 | FF flow tăng tốc (trend+accel cùng dương) +5 | PE=9.09 very cheap +10 | PB=1.57 fair +3 | CFO=192940485000 (sector-skip) 0 | Market FAIR+uptrend +2 | News NEUTRAL +0.02 [Ngân hàng ngấm đòn chạy đua lãi suất: Ch... · cafebiz ·  2026],15.27,v2.3,[],1.0,0,-3,1,0,0,0,3,0,0,-10,-5,0,1,3,0,-2,1,-3,"RS=0.99(─) +0 | 52W_hi=-23.9% -3 | LinReg_slope=+2.6%/5d +1 | Aroon=+71(▲) +3 | ROC10=+4.6% +1 | Williams%R=-16.7 -3 | NR=N compress=0.82 +0 | AD_slope20d=-11.8% -2 | EFI=+1,169,294 +1 | AskWall≤2%@43.2(78K) -2 | BidWall≤2%@43.0(102K) +2 → +0 | FFroom=12.4% +0 | FairVal=+23%(PE×EPS=55612) +3 | DivYield=1.0% +0 | PropTrade=-31.8tỷ(5d) -10 | Insider=B7/S10(90d) net=-3 -5",-15,-0.75,0.45,-0.34,0.76,-0.62,0.0,-0.14,0.56,0.55,0.0,0.0,0.22,0.2,0.13,0.1,0.08,0.11,0.08,0.05,0.06,1.41,600,272.55,CONTENTION,BIMODAL,0.62,0.38,15.2,1026.0,6241,Mixed,3620,2620,3913000,2439200,1885.11,1829.97,1740.26,1.46,4.27,0.05,UPTREND,13.97,2.12,50.2,74.0,FAIR,2026-06-23 13:53,mention·cafebiz·Ngân hàng ngấm đòn chạy đua lãi suất: Ch·27 May 2026 | mention·petrotimes·BIDV giữ vững vị thế Ngân hàng lưu ký tố·29 May 2026 | industry·cafebiz·Chuyên gia lý giải vì sao tiền gửi ngân ·16 Jun 2026,
CTG,GAINER,HSX,2026-06-23 13:51,2026-06-23,13:50,34.25,realtime,32600.0,145300.0,-112700.0,0.18,34250.0,24200.0,34300.0,105300.0,34200.0,148100.0,34350.0,58600.0,34150.0,80900.0,34400.0,148600.0,12M,34.25,34.08,34.57,13.14,34.94,34.78,-1.42,0.5,-1.52,50.46,-0.26,0.08,-0.34,54.83,46.62,32.9,33.99,35.07,0.53,0.62,1.55,214376679.0,-0.42,60.54,33.53,0.98,57.14,35.5,33.25,-195660192.75,-37.98,495106.0,-20.0,1.11,7071900.0,6362725.0,43.5,28.5,2.54,-2.84,2026-06-23,False,0,True,0.0,30.0,404113009.0,2330083391.0,38.62,293.9,-256.47,-733.53,1.67,0.06,-8.14,-59204855000.0,-86481695000.0,-1.15,8,12,20,Bán,Mai Xuân Hiền,2026-Q1,5.55,1.07,6.32,1.3,6441.47,33452.79,1.15,1.0,,,,,,,,,,,,,,,,,,,,,,82644000.0,-1915192.0,-2416496.0,80728808.0,,18,13,5,0,Ngân hàng,8300,-0.28,3.92,FAIR,-23,-2,10,0,0,-1,-10,13,0,0,2,0.02,0,-19,19,0.04,0.05,-0.07,-12.24,SELL,MEDIUM,EMA20<EMA50 -15 | Giá -2%<EMA200 (dưới xu hướng) -3 | ST=34.94 bearish -5 | RSI=50.46 neutral +5 | MACD hist=-0.34<0 -10 | Stoch K>46.62 cross up +3 | CMF=-0.42 outflow (oversold) +8 | MFI=60.54 strong inflow +6 | OBV divergence -4 | AskWall x3 mức ≥5K cp -3 | BidWall x3 mức ≥5K cp +2 | FF net sell intensity=-0.77 (5d/20d aligned) -10 | PE=5.55 very cheap +10 | PB=1.07 fair +3 | CFO=82644000000 (sector-skip) 0 | Market FAIR+uptrend +2 | News NEUTRAL +0.02 [Điều gì tạo nên những khoản lãi lớn nhất... · cafebiz ·  2026],-12.24,v2.3,[],1.0,0,-3,1,0,0,-3,6,0,0,-10,-5,0,0,2,0,-2,1,-3,"RS=0.97(─) +0 | 52W_hi=-21.3% -3 | LinReg_slope=+1.0%/5d +0 | Aroon=+57(▲) +2 | ROC10=+2.5% +1 | Williams%R=-20.0 -3 | NR=N compress=1.00 +0 | AD_slope20d=-38.0% -2 | EFI=+495,106 +1 | AskWall≤2%@34.4(149K) -2 | BidWall≤2%@34.2(148K) +2 → +0 | FFroom=5.2% -3 | FairVal=+59%(PE×EPS=83739) +6 | DivYield=1.0% +0 | PropTrade=-59.2tỷ(5d) -10 | Insider=B8/S12(90d) net=-4 -5",-15,-0.75,-0.45,-0.14,0.36,0.0,0.0,-0.14,-0.48,0.66,0.0,0.0,0.22,0.2,0.13,0.1,0.08,0.11,0.08,0.05,0.06,1.33,450,240.95,CONTENTION,BIMODAL,0.52,0.48,23.6,1163.0,6132,Mixed,3421,2710,3668900,3381600,1885.11,1829.97,1740.26,1.46,4.27,0.05,UPTREND,13.97,2.12,50.2,74.0,FAIR,2026-06-23 13:53,mention·cafebiz·Điều gì tạo nên những khoản lãi lớn nhất·04 Jun 2026 | mention·dantri·VietinBank 6 năm liên tiếp khẳng định vị·16 Jun 2026 | industry·cafebiz·Chuyên gia lý giải vì sao tiền gửi ngân ·16 Jun 2026,
VIB,GAINER,HSX,2026-06-23 13:51,2026-06-23,13:51,16.2,realtime,81700.0,310900.0,-229200.0,0.21,16200.0,473500.0,16250.0,38800.0,16150.0,707300.0,16300.0,417500.0,16100.0,255300.0,16350.0,378700.0,12M,16.2,16.11,16.13,12.38,15.61,17.0,-0.12,0.56,-4.71,52.36,0.02,0.02,0.01,47.06,52.94,15.67,16.11,16.56,0.33,0.6,2.04,227529025.0,-0.25,63.34,16.09,0.0,42.86,16.95,15.7,-237771175.87,-26.71,392069.76,-41.18,1.15,11490200.0,9978660.0,23.51,14.74,2.53,-0.31,2026-06-23,False,0,True,0.0,4.99,27064272.0,169859884.0,39.61,148.27,-113.03,-262.5,-0.35,0.0,-7.17,-23794832000.0,-171738574000.0,1.01,4,1,5,Mua,nan,2026-Q1,7.65,1.29,3.58,1.37,2319.29,13779.28,0.92,4.0,,,,,,,,,,,,,,,,,,,,,,12935391.0,-225985.0,-2085210.0,12709406.0,,15,10,5,0,Ngân hàng,8300,-0.28,3.92,FAIR,-13,12,10,0,0,-1,-15,10,0,0,2,0.07,0,8,17,0.04,0.1,-0.07,-1.56,NEUTRAL,MEDIUM,EMA20<EMA50 -15 | Giá -5%<EMA200 (dưới xu hướng) -3 | ST=15.61 bullish +5 | RSI=52.36 neutral +5 | MACD hist=0.01>0 +10 | Stoch K<52.94 cross down -3 | CMF=-0.25 outflow (oversold) +8 | MFI=63.34 strong inflow +6 | OBV divergence -4 | AskWall x3 mức ≥5K cp -3 | BidWall x3 mức ≥5K cp +2 | FF net sell intensity=-0.60 (5d/20d aligned) -10 | FF flow giảm tốc (trend+accel cùng âm) -5 | PE=7.65 very cheap +10 | PB=1.29 fair +3 | ROE=3.58% weak -3 | CFO=12935391000 (sector-skip) 0 | Market FAIR+uptrend +2 | News NEUTRAL +0.07 [Tính năng 'mẹ chi tiêu - con tích lũy' t... · vnexpress ·  2026],-1.56,v2.3,[],1.0,0,-3,1,0,0,-7,6,1,0,-10,5,0,0,2,0,-2,1,0,"RS=1.00(─) +0 | 52W_hi=-31.1% -3 | LinReg_slope=+0.0%/5d +0 | Aroon=+43(▲) +2 | ROC10=+2.5% +1 | Williams%R=-41.2 +0 | NR=N compress=1.82 +0 | AD_slope20d=-26.7% -2 | EFI=+392,070 +1 | AskWall≤2%@16.3(418K) -2 | BidWall≤2%@16.1(707K) +2 → +0 | FFroom=0.8% -7 | FairVal=+46%(PE×EPS=30151) +6 | DivYield=4.0% +1 | PropTrade=-23.8tỷ(5d) -10 | Insider=B4/S1(90d) net=+3 +5",-5,-0.25,-0.26,0.45,0.36,0.0,0.0,-0.14,-0.81,0.59,0.0,0.0,0.22,0.2,0.13,0.1,0.08,0.11,0.08,0.05,0.06,1.25,200,186.33,CONTENTION,BIMODAL,0.67,0.33,27.8,3734.0,3084,Mixed,1679,1404,7627700,3816400,1885.11,1829.97,1740.26,1.46,4.27,0.05,UPTREND,13.97,2.12,50.2,74.0,FAIR,2026-06-23 13:53,mention·vnexpress·Tính năng 'mẹ chi tiêu - con tích lũy' t·15 Jun 2026 | mention·vnexpress·Tài khoản Siêu lợi suất giúp sinh lời ch·04 Jun 2026 | industry·cafebiz·Chuyên gia lý giải vì sao tiền gửi ngân ·16 Jun 2026,
NAB,GAINER,HSX,2026-06-23 13:51,2026-06-23,13:51,12.85,realtime,442700.0,254600.0,188100.0,0.63,12850.0,24000.0,12900.0,72600.0,12800.0,161000.0,12950.0,159500.0,12750.0,201900.0,13000.0,458900.0,12M,12.85,12.29,12.03,24.88,12.0,12.06,2.16,4.56,6.55,69.02,0.17,0.06,0.11,87.78,87.87,11.56,12.18,12.8,0.25,1.0,1.95,42780163.0,0.24,67.94,12.51,3.81,78.57,12.9,11.7,-9748428.39,45.09,221204.62,-4.17,1.28,2078300.0,1620030.0,14.42,10.08,8.9,4.05,2026-06-23,False,0,True,0.0,30.0,595844250.0,617646684.0,11.45,4.92,6.53,-1.51,0.44,0.65,1.39,-537835000.0,59159710000.0,-1.99,11,1,12,Mua,Trần Huy Khang,2026-Q1,5.16,1.05,4.99,1.22,2773.03,13656.79,0.19,0.0,,,,,,,,,,,,,,,,,,,,,,118612421.0,-808859.0,-159.0,117803562.0,,15,10,5,0,Ngân hàng,8300,-0.28,3.92,FAIR,25,2,2,-5,5,-1,10,10,0,0,2,-0.03,0,38,16,0.04,0.0,-0.07,25.95,BUY,HIGH,EMA20>EMA50 +15 | Giá 7%>EMA200 (uptrend dài hạn) +5 | ST=12.0 bullish +5 | MACD hist=0.11>0 +10 | Stoch K=87.78 overbought -5 | Stoch K<87.87 cross down -3 | CMF=0.24 inflow (overbought) -8 | MFI=67.94 strong inflow +6 | OBV confirms trend +4 | BB pos=1.0 near upper (overbought) -5 | OF pattern=ACCUMULATION +5 | AskWall x3 mức ≥5K cp -3 | BidWall x3 mức ≥5K cp +2 | FF net buy intensity=+0.40 +5 | FF flow tăng tốc (trend+accel cùng dương) +5 | PE=5.16 very cheap +10 | PB=1.05 fair +3 | ROE=4.99% weak -3 | CFO=118612421000 (sector-skip) 0 | Market FAIR+uptrend +2 | News NEUTRAL -0.03 [Chuyên gia lý giải vì sao tiền gửi ngân ... · cafebiz ·  2026],25.95,v2.3,[],1.0,0,0,3,0,0,0,6,0,0,-2,5,0,3,3,0,2,1,-3,"RS=1.04(─) +0 | 52W_hi=-10.9% +0 | LinReg_slope=+3.8%/5d +3 | Aroon=+79(▲) +3 | ROC10=+8.9% +3 | Williams%R=-4.2 -3 | NR=N compress=0.91 +0 | AD_slope20d=+45.1% +2 | EFI=+221,205 +1 | AskWall≤2%@12.9(160K) -2 | BidWall≤2%@12.8(202K) +2 → +0 | FFroom=28.9% +0 | FairVal=+64%(PE×EPS=36049) +6 | PropTrade=-0.5tỷ(5d) -2 | Insider=B11/S1(90d) net=+10 +5",3,0.15,0.58,0.07,0.2,-0.62,0.5,-0.14,0.37,0.55,0.0,0.0,0.22,0.2,0.13,0.1,0.08,0.11,0.08,0.05,0.06,1.18,150,26.6,ACCUMULATION,SKEWED_UP,0.74,0.26,2.0,2439.0,855,Mixed,678,176,1459200,523200,1885.11,1829.97,1740.26,1.46,4.27,0.05,UPTREND,13.97,2.12,50.2,74.0,FAIR,2026-06-23 13:53,industry·cafebiz·Chuyên gia lý giải vì sao tiền gửi ngân ·16 Jun 2026 | industry·petrotimes·Tin nhanh chứng khoán ngày 2 6 VN Index ·02 Jun 2026 | macro·znews·Sự ra đời của ngân hàng trung ương đầu t·16 Jun 2026,CONSENSUS_BULL
VCB,GAINER,HSX,2026-06-23 13:51,2026-06-23,13:51,61.9,realtime,32500.0,70600.0,-38100.0,0.32,61800.0,108300.0,61900.0,2200.0,61700.0,160200.0,62000.0,60100.0,61600.0,88800.0,62100.0,112400.0,12M,61.9,61.83,61.66,11.9,59.67,61.84,0.28,0.11,0.1,50.91,-0.03,-0.08,0.05,42.76,41.97,60.67,61.92,63.17,1.03,0.49,1.66,158191245.0,-0.37,49.96,61.35,0.76,78.57,64.5,60.9,-354169651.52,-9.68,307980.63,-41.18,0.92,3985700.0,4313705.0,78.8,56.0,0.65,-3.88,2026-06-23,False,0,True,0.0,30.0,819066012.0,2506702528.0,175.59,534.89,-359.3,-367.22,-6.47,0.41,-50.26,124065692000.0,224578297000.0,1.93,11,9,20,Mua,Nguyễn Tuấn Anh,2026-Q1,12.66,2.11,3.83,1.54,4542.29,27231.3,0.67,1.0,,,,,,,,,,,,,,,,,,,,,,116230551.0,-1379136.0,-3776798.0,114851415.0,,9,4,5,0,Ngân hàng,8300,-0.28,3.92,FAIR,23,18,12,0,0,-1,-15,4,0,0,2,0.01,0,52,4,0.04,0.04,-0.07,19.79,NEUTRAL,MEDIUM,EMA20>EMA50 +15 | Giá 0%>EMA200 (trên xu hướng) +3 | ST=59.67 bullish +5 | RSI=50.91 neutral +5 | MACD hist=0.05>0 +10 | Stoch K>41.97 cross up +3 | CMF=-0.37 outflow (oversold) +8 | OBV confirms trend +4 | AskWall x2 mức ≥5K cp -3 | BidWall x3 mức ≥5K cp +2 | FF net sell intensity=-0.51 (5d/20d aligned) -10 | FF flow giảm tốc (trend+accel cùng âm) -5 | PE=12.66 cheap +7 | PB=2.11 neutral 0 | ROE=3.83% weak -3 | CFO=116230551000 (sector-skip) 0 | Market FAIR+uptrend +2 | News NEUTRAL +0.01 [Điều gì tạo nên những khoản lãi lớn nhất... · cafebiz ·  2026],19.79,v2.3,[],1.0,0,-3,0,0,0,-3,0,0,0,10,3,0,0,3,0,-2,1,0,"RS=0.96(─) +0 | 52W_hi=-21.4% -3 | LinReg_slope=+0.8%/5d +0 | Aroon=+79(▲) +3 | ROC10=+0.7% +0 | Williams%R=-41.2 +0 | NR=N compress=1.38 +0 | AD_slope20d=-9.7% -2 | EFI=+307,981 +1 | AskWall≤2%@62.1(112K) -2 | BidWall≤2%@61.7(160K) +2 → +0 | FFroom=9.8% -3 | FairVal=-5%(PE×EPS=59050) +0 | DivYield=1.0% +0 | PropTrade=+124.1tỷ(5d) +10 | Insider=B11/S9(90d) net=+2 +3",13,0.65,0.43,0.62,0.44,0.0,0.0,-0.14,-0.67,0.14,0.0,0.0,0.22,0.2,0.13,0.1,0.08,0.11,0.08,0.05,0.06,0.98,600,246.19,NORMAL,SKEWED_DOWN,0.5,0.5,-16.2,887.0,4544,Retail,2239,2304,1966600,1993300,1885.11,1829.97,1740.26,1.46,4.27,0.05,UPTREND,13.97,2.12,50.2,74.0,FAIR,2026-06-23 13:53,mention·cafebiz·Điều gì tạo nên những khoản lãi lớn nhất·04 Jun 2026 | mention·dantri·Vietcombank đồng hành cùng hộ kinh doanh·08 Jun 2026 | industry·cafebiz·Chuyên gia lý giải vì sao tiền gửi ngân ·16 Jun 2026,
VND,GAINER,HSX,2026-06-23 13:51,2026-06-23,13:51,18.2,realtime,62900.0,197500.0,-134600.0,0.24,18150.0,230100.0,18200.0,715400.0,18100.0,1191300.0,18250.0,477300.0,18050.0,562000.0,18300.0,869800.0,12M,18.15,17.52,17.04,21.73,16.29,18.47,2.82,3.6,-1.73,60.37,0.38,0.02,0.36,69.3,66.37,16.71,17.55,18.4,0.61,0.85,3.36,285962606.0,-0.22,66.12,17.97,1.03,42.86,18.55,16.65,-605627981.89,-14.44,2155830.91,-21.05,0.72,13290100.0,18439627.0,26.58,13.9,4.91,3.18,2026-06-23,False,0,True,0.0,100.0,1406365243.0,1522299908.0,56.74,83.46,-26.72,-161.13,0.98,0.24,4.13,-7947810000.0,-7384108000.0,-0.14,6,14,20,Bán,Vũ Nam Hương,2026-Q1,14.64,1.42,1.65,3.93,1328.31,13731.14,1.46,3.0,61.97,23.96,,,0.0,,828306.14,,,,,,,,,,,,,,,-4435192.06,63026.82,5113117.03,-4372165.24,,-3,7,-10,0,Dịch vụ tài chính,8700,-0.28,3.92,FAIR,17,13,18,-5,0,-1,0,7,0,0,2,0.26,0,44,8,0.02,0.31,-0.07,16.04,NEUTRAL,MEDIUM,"EMA20>EMA50 +15 | Giá -1%<EMA200 (dưới xu hướng) -3 | ST=16.29 bullish +5 | MACD hist=0.36>0 +10 | Stoch K>66.37 cross up +3 | CMF=-0.22 outflow (oversold) +8 | MFI=66.12 strong inflow +6 | OBV confirms trend +4 | BB pos=0.85 near upper (overbought) -5 | AskWall x3 mức ≥5K cp -3 | BidWall x3 mức ≥5K cp +2 | FF net sell intensity=-0.19 (5d/20d aligned) -5 | FF flow tăng tốc (trend+accel cùng dương) +5 | PE=14.64 cheap +7 | PB=1.42 fair +3 | ROE=1.65% weak -3 | CFO=-4435192061 (sector-skip) 0 | Market FAIR+uptrend +2 | News NEUTRAL +0.26 [UOB: Tỷ giá dần ổn định, vàng chờ sóng m... · vietstock ·  2026]",16.04,v2.3,[],1.0,0,-3,1,2,0,3,0,1,0,-10,-5,0,1,2,0,-2,1,-1,"RS=1.03(─) +0 | 52W_hi=-31.5% -3 | LinReg_slope=+1.0%/5d +1 | Aroon=+43(▲) +2 | ROC10=+4.9% +1 | Williams%R=-21.1 -1 | NR=Y compress=0.64 +2 | AD_slope20d=-14.4% -2 | EFI=+2,155,831 +1 | AskWall≤2%@18.3(870K) -2 | BidWall≤2%@18.1(1191K) +2 → +0 | FFroom=92.4% +3 | FairVal=-5%(PE×EPS=17268) +0 | DivYield=3.0% +1 | PropTrade=-7.9tỷ(5d) -10 | Insider=B6/S14(90d) net=-8 -5",-15,-0.75,0.32,0.45,0.68,-0.38,0.0,-0.14,0.11,0.28,0.0,0.0,0.22,0.2,0.13,0.1,0.08,0.11,0.08,0.05,0.06,0.83,150,240.2,NORMAL,SKEWED_UP,0.56,0.44,-15.7,1988.0,6843,Mixed,3810,3032,7588700,5898200,1885.11,1829.97,1740.26,1.46,4.27,0.05,UPTREND,13.97,2.12,50.2,74.0,FAIR,2026-06-23 13:53,"mention·vietstock·UOB: Tỷ giá dần ổn định, vàng chờ sóng m·12 Jun 2026 | mention·cafebiz·Vì sao Ngân hàng Nhà nước bơm ròng VND m·01 Jun 2026 | industry·tuoitre·Chứng khoán 2-6: Nên làm gì khi thị trườ·02 Jun 2026",
OCB,GAINER,HSX,2026-06-23 13:51,2026-06-23,13:51,12.35,realtime,94400.0,337600.0,-243200.0,0.22,12300.0,282700.0,12350.0,261100.0,12250.0,701600.0,12400.0,119000.0,12200.0,404500.0,12450.0,87800.0,12M,12.35,12.16,11.82,30.24,11.58,11.99,2.88,1.56,3.0,57.06,0.25,-0.02,0.27,55.51,63.14,11.46,12.18,12.89,0.32,0.62,2.59,64736829.0,0.03,56.47,12.62,-0.47,50.0,12.95,11.1,42403320.07,7.08,127549.05,-54.55,0.61,3231000.0,5292155.0,15.4,10.23,1.65,8.81,2026-06-23,False,0,True,0.0,22.0,61704451.0,585871502.0,23.3,6.32,16.98,-5.46,0.39,0.53,3.72,298670000.0,3230290000.0,-0.08,0,2,2,Bán,Nguyễn Việt Triều,2026-Q1,7.5,0.94,3.89,1.3,1593.46,12746.07,0.91,6.0,,,,,,,,,,,,,,,,,,,,,,17111680.37,-490228.46,-1714049.09,16621451.91,,17,12,5,0,Ngân hàng,8300,-0.28,3.92,FAIR,28,12,4,0,-3,-1,10,12,0,0,2,0.17,0,46,20,0.04,0.2,-0.07,23.11,NEUTRAL,HIGH,EMA20>EMA50 +15 | Giá 3%>EMA200 (trên xu hướng) +3 | ADX=30.24 mạnh + giá>EMA200 (uptrend xác nhận) +5 | ST=11.58 bullish +5 | RSI=57.06 neutral +5 | MACD hist=0.27>0 +10 | Stoch K<63.14 cross down -3 | OBV confirms trend +4 | OF pattern=WEAK -3 | AskWall x3 mức ≥5K cp -3 | BidWall x3 mức ≥5K cp +2 | FF net buy intensity=+0.57 +5 | FF flow tăng tốc (trend+accel cùng dương) +5 | PE=7.5 very cheap +10 | PB=0.94 below book +5 | ROE=3.89% weak -3 | CFO=17111680374 (sector-skip) 0 | Market FAIR+uptrend +2 | News NEUTRAL +0.17 [OCB30 tăng tốc chặng cuối với loạt ưu đã... · cafebiz ·  2026],23.11,v2.3,[],1.0,0,0,0,0,0,-7,6,2,0,0,-3,0,0,2,0,2,1,0,"RS=1.09(─) +0 | 52W_hi=-19.8% +0 | LinReg_slope=-0.5%/5d +0 | Aroon=+50(▲) +2 | ROC10=+1.6% +0 | Williams%R=-54.5 +0 | NR=N compress=1.09 +0 | AD_slope20d=+7.1% +2 | EFI=+127,549 +1 | AskWall≤2%@12.4(119K) -2 | BidWall≤2%@12.2(702K) +2 → +0 | FFroom=2.3% -7 | FairVal=+40%(PE×EPS=20715) +6 | DivYield=6.0% +2 | PropTrade=+0.3tỷ(5d) +0 | Insider=B0/S2(90d) net=-2 -3",-3,-0.15,0.57,0.41,0.28,0.0,-0.3,-0.14,0.11,0.69,0.0,0.0,0.22,0.2,0.13,0.1,0.08,0.11,0.08,0.05,0.06,0.82,100,39.94,WEAK,SKEWED_DOWN,0.48,0.52,-32.6,2144.0,1508,Mixed,841,666,1528600,1668300,1885.11,1829.97,1740.26,1.46,4.27,0.05,UPTREND,13.97,2.12,50.2,74.0,FAIR,2026-06-23 13:53,"mention·cafebiz·OCB30 tăng tốc chặng cuối với loạt ưu đã·27 May 2026 | mention·cafebiz·Cách ngân hàng, doanh nghiệp lớn tăng vố·08 Jun 2026 | industry·cafebiz·Chuyên gia lý giải vì sao tiền gửi ngân ·16 Jun 2026",CONSENSUS_BULL
MBB,GAINER,HSX,2026-06-23 13:51,2026-06-23,13:51,25.0,realtime,40800.0,354000.0,-313200.0,0.1,24950.0,26000.0,25000.0,8000.0,24900.0,455200.0,25050.0,186900.0,24850.0,132500.0,25100.0,171800.0,12M,25.0,25.05,25.4,18.4,25.72,25.28,-1.38,-0.2,-1.11,47.38,-0.12,0.05,-0.17,47.92,60.42,24.53,24.97,25.41,0.35,0.53,1.4,580806655.0,-0.38,64.58,24.95,0.09,14.29,25.65,24.55,-931471719.42,-9.47,369619.17,-43.75,1.37,14798700.0,10768635.0,29.5,19.29,1.42,-1.96,2026-06-23,False,0,True,0.0,23.24,73919928.0,1871587283.0,139.09,282.91,-145.02,-534.41,-1.54,0.24,2.43,-2155580000.0,-209338151000.0,2.49,3,1,4,Mua,nan,2026-Q1,6.36,1.43,6.37,1.99,3980.45,17631.6,1.17,1.0,,,,,,,,,,,,,,,,,,,,,,137357399.0,904900.0,3957417.0,138262299.0,,18,13,5,0,Ngân hàng,8300,-0.28,3.92,FAIR,-23,-8,10,0,0,-1,-10,13,0,0,2,-0.03,0,-22,19,0.04,0.0,-0.07,-10.73,SELL,MEDIUM,EMA20<EMA50 -15 | Giá -1%<EMA200 (dưới xu hướng) -3 | ST=25.72 bearish -5 | RSI=47.38 neutral +5 | MACD hist=-0.17<0 -10 | Stoch K<60.42 cross down -3 | CMF=-0.38 outflow (oversold) +8 | MFI=64.58 strong inflow +6 | OBV divergence -4 | AskWall x3 mức ≥5K cp -3 | BidWall x3 mức ≥5K cp +2 | FF net sell intensity=-0.34 (5d/20d aligned) -10 | PE=6.36 very cheap +10 | PB=1.43 fair +3 | CFO=137357399000 (sector-skip) 0 | Market FAIR+uptrend +2 | News NEUTRAL -0.03 [BIZ MBBank được vinh danh tại lễ biểu dư... · nld ·  2026],-10.73,v2.3,[],1.0,0,0,0,0,0,-7,6,0,0,-5,3,0,0,0,0,-2,1,0,"RS=0.98(─) +0 | 52W_hi=-15.3% +0 | LinReg_slope=+0.1%/5d +0 | Aroon=+14(─) +0 | ROC10=+1.4% +0 | Williams%R=-43.8 +0 | NR=N compress=2.44 +0 | AD_slope20d=-9.5% -2 | EFI=+369,619 +1 | AskWall≤2%@25.1(187K) -2 | BidWall≤2%@24.9(455K) +2 → +0 | FFroom=0.9% -7 | FairVal=+52%(PE×EPS=51746) +6 | DivYield=1.0% +0 | PropTrade=-2.2tỷ(5d) -5 | Insider=B3/S1(90d) net=+2 +3",-2,-0.1,-0.43,-0.28,0.36,0.0,0.0,-0.14,-0.63,0.66,0.0,0.0,0.22,0.2,0.13,0.1,0.08,0.11,0.08,0.05,0.06,0.81,200,364.49,CONTENTION,BIMODAL,0.52,0.48,77.2,2054.0,7268,Mixed,2958,4309,7658800,7210400,1885.11,1829.97,1740.26,1.46,4.27,0.05,UPTREND,13.97,2.12,50.2,74.0,FAIR,2026-06-23 13:53,mention·nld·BIZ MBBank được vinh danh tại lễ biểu dư·02 Jun 2026 | industry·cafebiz·Chuyên gia lý giải vì sao tiền gửi ngân ·16 Jun 2026 | industry·petrotimes·Tin nhanh chứng khoán ngày 2 6 VN Index ·02 Jun 2026,
NVL,LOSER,HSX,2026-06-23 13:51,2026-06-23,13:51,12.55,realtime,358000.0,98200.0,259800.0,0.78,12550.0,50300.0,12600.0,158600.0,12500.0,302300.0,12650.0,84200.0,12450.0,561000.0,12700.0,71000.0,12M,12.55,13.39,13.91,29.06,14.37,14.0,-3.74,-6.27,-10.36,37.0,-0.48,0.04,-0.52,30.04,37.48,12.11,13.21,14.3,0.61,0.2,4.86,178944798.0,-0.25,52.02,12.74,0.91,-28.57,14.84,12.33,-473924124.57,-20.14,-2110519.48,-82.76,0.9,14385100.0,15985389.0,19.53,9.3,1.78,-13.21,2026-06-23,False,0,True,0.0,49.0,986346534.0,1094903272.0,41.08,82.52,-41.44,14.23,-2.18,0.47,-9.12,-97686410000.0,-58873145000.0,-2.69,0,3,3,Bán,nan,2026-Q1,15.47,0.46,5.8,0.71,863.1,28741.0,1.36,0.0,164.77,232.11,0.56,96.1,24.74,1936598.23,691106.31,-160571.47,-400170.12,-82.0,0.09,0.64,0.09,0.64,1.0,,,,,,,-6145392.03,266367.22,5666897.85,-5879024.8,-3.3,4,8,-10,6,Bất động sản,8600,-0.28,3.92,FAIR,-30,-13,4,0,0,-1,-10,8,0,6,2,0.05,0,-46,11,0.04,0.08,-0.07,-22.05,SELL,MEDIUM,"EMA20<EMA50 -15 | Giá -10%<EMA200 (downtrend dài hạn) -5 | ADX=29.06 mạnh + giá<EMA200 (downtrend xác nhận) -5 | ST=14.37 bearish -5 | MACD hist=-0.52<0 -10 | Stoch K<37.48 cross down -3 | CMF=-0.25 outflow (oversold) +8 | OBV divergence -4 | AskWall x3 mức ≥5K cp -3 | BidWall x3 mức ≥5K cp +2 | FF net sell intensity=-0.34 -5 | FF flow giảm tốc (trend+accel cùng âm) -5 | PE=15.47 fair +3 | PB=0.46 below book +5 | CFO=-6145392030 (sector-skip) 0 | RevG-YoY=8.9% positive +1 | ProfitG-YoY=63.8% strong +5 | Market FAIR+uptrend +2 | News NEUTRAL +0.05 [Cách ngân hàng, doanh nghiệp lớn tăng vố... · cafebiz ·  2026]",-22.05,v2.3,[],1.0,-4,-3,0,0,0,3,-3,0,0,-10,-5,0,0,0,0,-2,-1,3,"RS=0.87(▼) -4 | 52W_hi=-35.7% -3 | LinReg_slope=+0.9%/5d +0 | Aroon=-29(─) +0 | ROC10=+1.8% +0 | Williams%R=-82.8 +3 | NR=N compress=1.37 +0 | AD_slope20d=-20.1% -2 | EFI=-2,110,519 -1 | AskWall≤2%@12.6(159K) -2 | BidWall≤2%@12.4(561K) +2 → +0 | FFroom=44.1% +3 | FairVal=-12%(PE×EPS=11220) -3 | EPScons=1qtrs +0 | PropTrade=-97.7tỷ(5d) -10 | Insider=B0/S3(90d) net=-3 -5",-15,-0.75,-0.7,-0.34,0.04,0.0,0.0,-0.14,-0.26,0.17,0.0,0.4,0.22,0.2,0.13,0.1,0.08,0.11,0.08,0.05,0.06,-3.47,-450,180.49,CONTENTION,BIMODAL,0.2,0.8,4.6,2316.0,6313,Mixed,1846,4466,2837100,11537600,1885.11,1829.97,1740.26,1.46,4.27,0.05,UPTREND,13.97,2.12,50.2,74.0,FAIR,2026-06-23 13:53,"mention·cafebiz·Cách ngân hàng, doanh nghiệp lớn tăng vố·08 Jun 2026 | mention·cafebiz·VinFast, Novaland, REE… đồng loạt thay C·26 May 2026 | industry·petrotimes·Tin nhanh chứng khoán ngày 2 6 VN Index ·02 Jun 2026",
BSR,LOSER,HSX,2026-06-23 13:51,2026-06-23,13:51,25.6,realtime,148500.0,105300.0,43200.0,0.59,25550.0,112500.0,25600.0,62200.0,25500.0,532700.0,25650.0,89900.0,25450.0,239500.0,25700.0,392700.0,12M,25.6,27.34,27.58,15.15,29.19,22.17,-0.87,-6.36,15.47,37.68,-0.63,-0.28,-0.35,5.12,4.96,25.46,27.65,29.83,1.15,0.03,4.49,649720289.0,-0.41,18.34,26.11,-3.61,-92.86,29.95,26.0,-207842870.63,-46.43,-2475448.99,-97.5,1.08,8686900.0,8059810.0,39.6,10.96,-8.73,-10.18,2026-06-23,False,0,True,0.0,49.0,2387073259.0,2453576846.0,36.71,261.63,-224.92,-435.03,-1.24,0.12,-19.39,-900835000.0,36193490000.0,-0.14,1,1,2,Mua,Bùi Minh Tiến,2026-Q1,10.46,1.33,5.15,6.29,1539.15,12079.0,0.58,0.0,9.68,8.07,2.43,47.36,0.0,36772242.59,1030364.59,845889.01,973650.14,273.0,0.15,1.12,0.15,1.12,1.0,,,,,,,5258073.73,-21662245.61,-5354473.58,-16404171.87,1.01,28,10,10,8,Dầu khí,0500,-0.28,3.92,FAIR,-15,-2,-2,5,0,-1,-15,10,10,8,2,0.04,0,-28,25,0.0,0.11,-0.07,-5.35,NEUTRAL,MEDIUM,EMA20<EMA50 -15 | Giá 15%>EMA200 (uptrend dài hạn) +5 | ST=29.19 bearish -5 | MACD hist=-0.35<0 -10 | Stoch K=5.12 oversold +5 | Stoch K>4.96 cross up +3 | CMF=-0.41 outflow (oversold) +8 | MFI=18.34 weak -6 | OBV divergence -4 | BB pos=0.03 near lower (oversold) +5 | AskWall x3 mức ≥5K cp -3 | BidWall x3 mức ≥5K cp +2 | FF net sell intensity=-0.75 (5d/20d aligned) -10 | FF flow giảm tốc (trend+accel cùng âm) -5 | PE=10.46 cheap +7 | PB=1.33 fair +3 | CFO>0 real cash +5 | CF quality=1.01 high +5 | RevG-YoY=15.3% good +3 | ProfitG-YoY=112.1% strong +5 | Market FAIR+uptrend +2 | News NEUTRAL +0.04 [Đảng bộ BSR phát huy vai trò hạt nhân ch... · petrotimes ·  2026],-5.35,v2.3,[],1.0,0,-3,-3,0,0,3,-3,0,0,-2,0,0,-3,-3,-2,-2,-1,3,"RS=0.90(─) +0 | 52W_hi=-35.4% -3 | LinReg_slope=-3.6%/5d -3 | Aroon=-93(▼) -3 | Donch_BD↓(<26.00) -2 | ROC10=-8.7% -3 | Williams%R=-97.5 +3 | NR=N compress=1.53 +0 | AD_slope20d=-46.4% -2 | EFI=-2,475,449 -1 | AskWall≤2%@25.7(393K) -2 | BidWall≤2%@25.5(533K) +2 → +0 | FFroom=47.7% +3 | FairVal=-28%(PE×EPS=20009) -3 | EPScons=1qtrs +0 | PropTrade=-0.9tỷ(5d) -2 | Insider=B1/S1(90d) net=+0 +0",-2,-0.1,-0.49,-0.07,-0.2,0.62,0.0,-0.14,-0.44,0.24,1.0,0.53,0.22,0.2,0.13,0.1,0.08,0.11,0.08,0.05,0.06,-3.03,-800,222.75,CONTENTION,BIMODAL,0.24,0.76,13.4,964.0,9130,Retail,1942,7187,2136000,6600600,1885.11,1829.97,1740.26,1.46,4.27,0.05,UPTREND,13.97,2.12,50.2,74.0,FAIR,2026-06-23 13:53,mention·petrotimes·Đảng bộ BSR phát huy vai trò hạt nhân ch·23 May 2026 | mention·petrotimes·NMLD Dung Quất tăng 45 năng lực xuất sản·30 May 2026 | macro·znews·Sự ra đời của ngân hàng trung ương đầu t·16 Jun 2026,
BMP,LOSER,HSX,2026-06-23 13:51,2026-06-23,13:51,147.0,realtime,16300.0,20300.0,-4000.0,0.45,147000.0,7000.0,147100.0,300.0,146900.0,2400.0,147200.0,900.0,146800.0,3500.0,147400.0,600.0,12M,147.0,141.4,139.8,23.79,138.37,141.41,1.14,3.96,3.95,60.3,2.24,1.56,0.69,83.94,88.97,127.81,138.94,150.07,3.58,0.86,2.44,-1644419.0,0.05,73.91,145.06,7.27,71.43,152.5,131.6,-2281562.8,4.57,377482.1,-26.32,0.66,68500.0,104210.0,180.67,114.64,10.94,5.08,2026-06-23,False,0,True,0.0,100.0,15667772.0,81860938.0,40.51,13.48,27.04,-4.93,0.76,0.24,5.7,4236630000.0,19778330000.0,0.12,9,11,20,Bán,Phùng Hữu Luận,2026-Q1,11.66,4.98,8.67,33.87,15010.03,35151.0,0.48,7.0,47.0,20.32,4.62,93928.13,0.0,1308129.56,610817.36,329900.33,411646.62,4030.0,-0.05,0.15,-0.05,0.15,1.0,,,,,,,1218889.67,-381977.47,-1043726.96,836912.19,0.99,11,4,5,2,Xây dựng và Vật liệu,2300,-0.28,3.92,FAIR,23,2,2,-5,-3,2,10,4,5,2,2,-0.04,5,31,17,0.03,0.0,-0.07,29.82,BUY,HIGH,"EMA20>EMA50 +15 | Giá 4%>EMA200 (trên xu hướng) +3 | ST=138.37 bullish +5 | MACD hist=0.69>0 +10 | Stoch K=83.94 overbought -5 | Stoch K<88.97 cross down -3 | MFI=73.91 strong inflow +6 | OBV divergence -4 | BB pos=0.86 near upper (overbought) -5 | OF pattern=WEAK -3 | AskClear (no wall) +1 | BidWall 147.00 (7K cp, -0.0%) +1 | FF net buy intensity=+0.50 +5 | FF flow tăng tốc (trend+accel cùng dương) +5 | PE=11.66 cheap +7 | PB=4.98 expensive -3 | CFO>0 real cash +5 | RevG-YoY=-5.4% slight decline -1 | ProfitG-YoY=15.0% good +3 | Market FAIR+uptrend +2 | News NEUTRAL -0.04 [Nghị quyết 09 xác lập các trụ cột để TPH... · vietstock ·  2026] | CONFLUENCE bull (5/11) +5",24.82,v2.3,[],1.0,0,0,3,0,3,0,3,3,0,5,-3,0,3,3,0,1,3,-1,"RS=1.05(─) +0 | 52W_hi=-18.6% +0 | LinReg_slope=+7.3%/5d +3 | Aroon=+71(▲) +3 | ROC10=+10.9% +3 | Williams%R=-26.3 -1 | NR=N compress=0.83 +0 | AD_slope20d=+4.6% +1 | EFI=+377,482 +3 | AskClear +1 | BidWall≤2%@147.0(7K) +2 → +3 | FFroom=19.1% +0 | FairVal=+25%(PE×EPS=195130) +3 | DivYield=7.0% +3 | EPScons=1qtrs +0 | PropTrade=+4.2tỷ(5d) +5 | Insider=B9/S11(90d) net=-2 -3",2,0.1,0.55,0.14,0.24,-0.62,-0.3,0.71,0.37,0.34,0.5,0.13,0.22,0.2,0.13,0.1,0.08,0.11,0.08,0.05,0.06,-2.9,-4400,10.11,WEAK,BIMODAL,0.4,0.6,-66.3,170.0,404,Retail,168,235,27500,40800,1885.11,1829.97,1740.26,1.46,4.27,0.05,UPTREND,13.97,2.12,50.2,74.0,FAIR,2026-06-23 13:53,industry·vietstock·Nghị quyết 09 xác lập các trụ cột để TPH·26 May 2026 | industry·nld·Phát huy vai trò của HĐND trong xây dựng·28 May 2026 | macro·znews·Sự ra đời của ngân hàng trung ương đầu t·16 Jun 2026,CONSENSUS_BULL
PVD,LOSER,HSX,2026-06-23 13:51,2026-06-23,13:51,31.25,realtime,60300.0,110000.0,-49700.0,0.35,31250.0,84600.0,31300.0,62000.0,31200.0,29200.0,31350.0,32500.0,31150.0,19700.0,31400.0,35300.0,12M,31.25,30.83,31.58,18.51,32.18,28.29,-2.37,1.36,10.46,51.68,-0.17,0.27,-0.44,77.25,78.99,29.08,30.38,31.67,1.07,0.84,3.42,217626758.0,0.04,63.37,30.92,4.75,35.71,32.75,28.8,-56149278.46,2.89,781634.38,-37.97,0.94,2000200.0,2116840.0,45.5,18.8,2.97,3.65,2026-06-23,False,0,True,0.0,50.0,227476130.0,278148003.0,100.37,13.38,86.99,107.37,1.44,0.76,11.08,4417700000.0,2988800000.0,0.09,0,1,1,Bán,nan,2026-Q1,15.28,0.92,2.11,3.99,1855.36,30756.0,1.09,2.0,15.42,8.69,1.25,12.0,13.27,2430063.7,518890.64,239502.44,276005.84,362.0,0.62,0.57,0.62,0.57,1.0,,,,,,,1432040.0,-2868617.49,979841.84,-1436577.49,1.38,25,5,10,10,Dầu khí,0500,-0.28,3.92,FAIR,-15,-8,2,-5,-3,-1,15,5,10,10,2,-0.07,0,-25,22,0.0,0.0,-0.07,6.11,NEUTRAL,MEDIUM,EMA20<EMA50 -15 | Giá 10%>EMA200 (uptrend dài hạn) +5 | ST=32.18 bearish -5 | RSI=51.68 neutral +5 | MACD hist=-0.44<0 -10 | Stoch K<78.99 cross down -3 | MFI=63.37 strong inflow +6 | OBV divergence -4 | BB pos=0.84 near upper (overbought) -5 | OF pattern=WEAK -3 | AskWall x3 mức ≥5K cp -3 | BidWall x3 mức ≥5K cp +2 | FF net buy intensity=+0.76 (5d/20d aligned) +10 | FF flow tăng tốc (trend+accel cùng dương) +5 | PE=15.28 fair +3 | PB=0.92 below book +5 | ROE=2.11% weak -3 | CFO>0 real cash +5 | CF quality=1.38 high +5 | RevG-YoY=61.7% strong +5 | ProfitG-YoY=56.7% strong +5 | Market FAIR+uptrend +2 | News NEUTRAL -0.07 [Phóng sự ảnh PV DRILLING I Dấu ấn giàn k... · petrotimes ·  2026],6.11,v2.3,[],1.0,0,-3,1,0,0,3,-3,0,0,5,-3,0,3,2,0,1,1,-1,"RS=1.04(─) +0 | 52W_hi=-31.3% -3 | LinReg_slope=+4.8%/5d +3 | Aroon=+36(▲) +2 | ROC10=+3.0% +1 | Williams%R=-38.0 -1 | NR=N compress=0.87 +0 | AD_slope20d=+2.9% +1 | EFI=+781,634 +1 | AskWall≤2%@31.3(62K) -2 | BidWall≤2%@31.2(85K) +2 → +0 | FFroom=40.9% +3 | FairVal=-30%(PE×EPS=24120) -3 | DivYield=2.0% +0 | EPScons=1qtrs +0 | PropTrade=+4.4tỷ(5d) +5 | Insider=B0/S1(90d) net=-1 -3",2,0.1,-0.25,-0.28,0.16,-0.62,-0.3,-0.14,0.67,0.07,1.0,0.67,0.22,0.2,0.13,0.1,0.08,0.11,0.08,0.05,0.06,-2.8,-900,62.38,WEAK,BIMODAL,0.32,0.68,-40.6,1077.0,1877,Mixed,625,1251,628900,1346700,1885.11,1829.97,1740.26,1.46,4.27,0.05,UPTREND,13.97,2.12,50.2,74.0,FAIR,2026-06-23 13:53,mention·petrotimes·Phóng sự ảnh PV DRILLING I Dấu ấn giàn k·01 Jun 2026 | mention·petrotimes·PV Drilling đầu tư thêm giàn khoan tự nâ·02 Jun 2026 | macro·znews·Sự ra đời của ngân hàng trung ương đầu t·16 Jun 2026,
PVT,LOSER,HSX,2026-06-23 13:51,2026-06-23,13:51,19.95,realtime,162600.0,153800.0,8800.0,0.51,19950.0,161500.0,20000.0,114900.0,19900.0,126800.0,20050.0,22400.0,19850.0,59700.0,20100.0,51000.0,12M,19.95,20.06,20.24,10.57,21.2,18.71,-0.89,-0.55,6.63,47.89,-0.13,0.06,-0.19,73.5,72.02,19.36,19.92,20.49,0.67,0.52,3.36,14094220.0,-0.25,49.11,19.9,2.59,28.57,20.8,19.05,-177681285.38,-8.21,-21352.25,-48.57,1.2,3177200.0,2643891.0,29.73,14.95,-0.25,-1.58,2026-06-23,False,0,True,0.0,49.0,169474919.0,230266305.0,12.56,39.28,-26.73,-28.54,-0.58,0.35,-3.67,-1167990000.0,7690000.0,-0.03,0,1,1,Bán,Nguyễn Hùng Sơn,2026-Q1,7.24,0.75,2.35,4.95,2541.12,24452.0,0.9,0.0,14.96,7.7,1.76,4.81,6.3,4351967.76,598847.33,293686.73,423354.33,625.0,0.56,0.37,0.56,0.37,1.0,,,,,,,3161225.06,-3123382.08,701466.1,37842.98,3.05,32,12,10,10,Hàng & Dịch vụ Công nghiệp,2700,-0.28,3.92,FAIR,-15,-2,4,0,0,-1,-15,12,10,10,2,-0.07,0,-18,38,0.0,0.0,-0.07,0.73,NEUTRAL,MEDIUM,EMA20<EMA50 -15 | Giá 7%>EMA200 (uptrend dài hạn) +5 | ST=21.2 bearish -5 | RSI=47.89 neutral +5 | MACD hist=-0.19<0 -10 | Stoch K>72.02 cross up +3 | CMF=-0.25 outflow (oversold) +8 | OBV divergence -4 | AskWall x3 mức ≥5K cp -3 | BidWall x3 mức ≥5K cp +2 | FF net sell intensity=-0.52 (5d/20d aligned) -10 | FF flow giảm tốc (trend+accel cùng âm) -5 | PE=7.24 very cheap +10 | PB=0.75 below book +5 | ROE=2.35% weak -3 | CFO>0 real cash +5 | CF quality=3.05 high +5 | RevG-YoY=56.0% strong +5 | ProfitG-YoY=36.6% strong +5 | Market FAIR+uptrend +2 | News NEUTRAL -0.07 [PVTrans Pickleball Cup 2026 Lan tỏa tinh... · petrotimes ·  2026],0.73,v2.3,[],1.0,0,-3,0,0,0,3,6,0,0,-2,-3,0,1,0,0,-2,-1,0,"RS=0.99(─) +0 | 52W_hi=-32.9% -3 | LinReg_slope=+2.6%/5d +1 | Aroon=+29(─) +0 | ROC10=-0.2% +0 | Williams%R=-48.6 +0 | NR=N compress=1.08 +0 | AD_slope20d=-8.2% -2 | EFI=-21,352 -1 | AskWall≤2%@20.0(115K) -2 | BidWall≤2%@19.9(162K) +2 → +0 | FFroom=36.1% +3 | FairVal=+40%(PE×EPS=33035) +6 | EPScons=1qtrs +0 | PropTrade=-1.2tỷ(5d) -2 | Insider=B0/S1(90d) net=-1 -3",-5,-0.25,-0.32,-0.07,0.04,0.0,0.0,-0.14,-0.44,0.62,1.0,0.67,0.22,0.2,0.13,0.1,0.08,0.11,0.08,0.05,0.06,-2.68,-550,63.44,CONTENTION,BIMODAL,0.34,0.66,6.2,1406.0,2250,Mixed,567,1682,1030200,2026700,1885.11,1829.97,1740.26,1.46,4.27,0.05,UPTREND,13.97,2.12,50.2,74.0,FAIR,2026-06-23 13:53,mention·petrotimes·PVTrans Pickleball Cup 2026 Lan tỏa tinh·26 May 2026 | macro·znews·Sự ra đời của ngân hàng trung ương đầu t·16 Jun 2026,
DGW,LOSER,HSX,2026-06-23 13:51,2026-06-23,13:51,39.5,realtime,8800.0,53100.0,-44300.0,0.14,39500.0,51100.0,39550.0,3000.0,39450.0,3100.0,39650.0,2600.0,39400.0,29300.0,39850.0,20000.0,12M,39.5,40.48,41.44,16.68,38.62,42.2,-2.32,-2.42,-6.4,42.88,-0.35,0.13,-0.48,42.93,57.74,38.4,40.24,42.07,1.0,0.3,2.53,12749771.0,0.11,56.49,40.07,1.79,35.71,42.25,38.7,-50593.71,96.95,40092.81,-75.76,1.0,728400.0,729580.0,56.53,35.63,1.41,-4.7,2026-06-23,False,0,True,0.0,49.0,56130937.0,108446882.0,71.24,12.08,59.16,49.51,0.81,0.29,8.92,-54870000.0,80380000.0,0.01,18,2,20,Mua,Nguyễn Duy Tùng,2026-Q1,15.63,2.48,4.72,5.98,2495.9,15701.0,1.25,1.0,8.67,2.02,0.81,6.3,0.0,5731443.02,487328.16,115750.63,140848.47,528.0,0.04,0.09,0.04,0.09,1.0,,,,,,,-42388.53,-14167.67,391894.13,-56556.2,-0.08,-8,0,-10,2,Bán lẻ,5300,-0.28,3.92,FAIR,-15,-8,-12,0,0,0,15,0,-10,2,2,-0.05,0,-31,-11,0.02,0.0,-0.07,-8.68,NEUTRAL,MEDIUM,"EMA20<EMA50 -15 | Giá -6%<EMA200 (downtrend dài hạn) -5 | ST=38.62 bullish +5 | RSI=42.88 neutral +5 | MACD hist=-0.48<0 -10 | Stoch K<57.74 cross down -3 | CMF=0.11 inflow (overbought) -8 | OBV divergence -4 | AskWall 39.85 (20K cp, +0.9%) -2 | BidWall x2 mức ≥5K cp +2 | FF net buy intensity=+0.71 (5d/20d aligned) +10 | FF flow tăng tốc (trend+accel cùng dương) +5 | PE=15.63 fair +3 | PB=2.48 neutral 0 | ROE=4.72% weak -3 | CFO<0 cash burn -10 | CF quality=-0.08 low -5 | RevG-YoY=3.8% positive +1 | ProfitG-YoY=9.3% positive +1 | Market FAIR+uptrend +2 | News NEUTRAL -0.05 [6 tỷ người dùng Internet và nỗi sợ âm th... · cafebiz ·  2026]",-8.68,v2.3,[],1.0,0,-3,0,0,0,0,-3,0,0,0,5,0,1,2,0,2,1,1,"RS=0.96(─) +0 | 52W_hi=-30.1% -3 | LinReg_slope=+1.8%/5d +1 | Aroon=+36(▲) +2 | ROC10=+1.4% +0 | Williams%R=-75.8 +1 | NR=N compress=1.09 +0 | AD_slope20d=+97.0% +2 | EFI=+40,093 +1 | AskWall≤2%@39.9(20K) -2 | BidWall≤2%@39.5(51K) +2 → +0 | FFroom=25.4% +0 | FairVal=-22%(PE×EPS=32447) -3 | DivYield=1.0% +0 | EPScons=1qtrs +0 | PropTrade=-0.1tỷ(5d) +0 | Insider=B18/S2(90d) net=+16 +5",5,0.25,-0.28,-0.24,-0.36,0.0,0.0,0.0,0.56,-0.1,-1.0,0.13,0.22,0.2,0.13,0.1,0.08,0.11,0.08,0.05,0.06,-2.59,-1050,28.68,CONTENTION,BIMODAL,0.12,0.88,15.1,404.0,1942,Retail,217,1724,94600,678400,1885.11,1829.97,1740.26,1.46,4.27,0.05,UPTREND,13.97,2.12,50.2,74.0,FAIR,2026-06-23 13:53,mention·cafebiz·6 tỷ người dùng Internet và nỗi sợ âm th·09 Jun 2026 | mention·thanhnien·Infinity Kingdom: Siêu phẩm Global kết n·15 Jun 26 1 | industry·vietstock·Tổng mức bán lẻ hàng hóa và doanh thu dị·03 Jun 2026,
PLX,LOSER,HSX,2026-06-23 13:51,2026-06-23,13:51,37.8,realtime,13300.0,193200.0,-179900.0,0.06,37750.0,37300.0,37800.0,24000.0,37700.0,116600.0,37850.0,77100.0,37650.0,84600.0,37900.0,54700.0,12M,37.8,39.48,40.69,10.2,42.26,40.26,-2.97,-4.26,-6.11,39.99,-0.6,-0.21,-0.39,5.43,7.8,37.32,39.67,42.03,1.48,0.1,3.92,46286300.0,-0.34,47.28,38.7,-1.48,-85.71,44.0,38.25,-88757188.15,-28.23,-570654.36,-97.64,1.05,3004300.0,2862190.0,70.4,32.5,-6.67,-5.5,2026-06-23,False,0,True,0.0,20.0,78148149.0,258775616.0,5.39,12.78,-7.39,-50.53,0.01,0.24,1.49,198050000.0,2661250000.0,0.02,8,12,20,Bán,Đào Thị Thu Hà,2026-Q1,17.16,1.52,2.01,3.03,2056.91,23199.0,0.66,3.0,5.87,0.85,0.82,5.25,20.27,77054375.57,5134734.18,1283730.54,1628761.49,899.0,0.14,8.62,0.14,8.62,1.0,,,,,,,3990368.09,-7318982.16,-928898.35,-3328614.06,1.49,21,3,10,8,Dầu khí,0500,-0.28,3.92,FAIR,-25,-5,4,5,0,-1,-5,3,10,8,2,-0.07,0,-33,16,0.0,0.0,-0.07,-9.22,NEUTRAL,MEDIUM,EMA20<EMA50 -15 | Giá -6%<EMA200 (downtrend dài hạn) -5 | ST=42.26 bearish -5 | MACD hist=-0.39<0 -10 | Stoch K=5.43 oversold +5 | CMF=-0.34 outflow (oversold) +8 | OBV divergence -4 | BB pos=0.1 near lower (oversold) +5 | AskWall x3 mức ≥5K cp -3 | BidWall x3 mức ≥5K cp +2 | FF net sell intensity=-0.41 (5d/20d aligned) -10 | FF flow tăng tốc (trend+accel cùng dương) +5 | PE=17.16 fair +3 | PB=1.52 fair +3 | ROE=2.01% weak -3 | CFO>0 real cash +5 | CF quality=1.49 high +5 | RevG-YoY=13.6% good +3 | ProfitG-YoY=862.2% strong +5 | Market FAIR+uptrend +2 | News NEUTRAL -0.07 [Xăng E10 trước giờ G: Loạt 'ông lớn' BSR... · cafebiz ·  2026],-9.22,v2.3,[],1.0,0,-3,-3,0,0,-3,-6,1,0,0,-5,0,-1,-3,-2,-2,-1,3,"RS=0.95(─) +0 | 52W_hi=-46.3% -3 | LinReg_slope=-1.5%/5d -1 | Aroon=-86(▼) -3 | Donch_BD↓(<38.25) -2 | ROC10=-6.7% -3 | Williams%R=-97.6 +3 | NR=N compress=1.67 +0 | AD_slope20d=-28.2% -2 | EFI=-570,654 -1 | AskWall≤2%@37.9(77K) -2 | BidWall≤2%@37.7(117K) +2 → +0 | FFroom=6.0% -3 | FairVal=-41%(PE×EPS=26740) -6 | DivYield=3.0% +1 | EPScons=1qtrs +0 | PropTrade=+0.2tỷ(5d) +0 | Insider=B8/S12(90d) net=-4 -5",-5,-0.25,-0.64,-0.17,0.04,0.62,0.0,-0.14,-0.3,-0.07,1.0,0.53,0.22,0.2,0.13,0.1,0.08,0.11,0.08,0.05,0.06,-2.2,-850,108.87,CONTENTION,BIMODAL,0.29,0.71,80.0,763.0,3962,Retail,1185,2776,886800,2132700,1885.11,1829.97,1740.26,1.46,4.27,0.05,UPTREND,13.97,2.12,50.2,74.0,FAIR,2026-06-23 13:53,mention·cafebiz·Xăng E10 trước giờ G: Loạt 'ông lớn' BSR·25 May 2026 | mention·dantri·Petrolimex Sài Gòn chính thức phủ sóng x·25 May 2026 | macro·znews·Sự ra đời của ngân hàng trung ương đầu t·16 Jun 2026,VALUE_OPPORTUNITY
GAS,LOSER,HSX,2026-06-23 13:51,2026-06-23,13:51,80.0,realtime,37100.0,61000.0,-23900.0,0.38,80000.0,2500.0,80100.0,3000.0,79900.0,6500.0,80300.0,7800.0,79800.0,9300.0,80500.0,2200.0,12M,80.0,82.39,83.29,7.81,89.98,77.54,-1.08,-2.9,3.17,43.79,-0.5,-0.41,-0.08,13.33,16.61,79.33,82.91,86.48,3.24,0.09,4.05,34561496.0,-0.2,38.57,81.38,-1.34,-92.86,89.2,79.5,-29948569.54,-20.63,-233614.85,-96.84,1.04,1344200.0,1294155.0,131.5,56.0,-2.91,-3.03,2026-06-23,False,0,True,0.0,49.0,1131992278.0,1182345380.0,58.96,33.34,25.62,-5.54,0.49,0.41,5.45,5156990000.0,15942379000.0,-0.07,3,17,20,Bán,Trịnh Văn Bộ,2026-Q1,14.98,2.58,2.03,12.75,4832.77,28038.0,0.61,3.0,8.68,3.18,3.19,33.13,39.19,30080421.25,4953952.87,4747605.08,5978744.15,1985.0,0.17,0.72,0.17,0.72,1.0,,,,,,,13040237.87,-6468619.5,-5264541.76,6571618.37,1.14,22,4,10,8,"Điện, nước & xăng dầu khí đốt",7500,-0.28,3.92,FAIR,-17,0,-2,5,0,0,10,4,10,8,2,0.07,0,-22,20,0.0,0.14,-0.07,7.28,NEUTRAL,MEDIUM,"EMA20<EMA50 -15 | Giá 3%>EMA200 (trên xu hướng) +3 | ST=89.98 bearish -5 | RSI=43.79 neutral +5 | MACD hist=-0.08<0 -10 | Stoch K=13.33 oversold +5 | CMF=-0.2 outflow (oversold) +8 | MFI=38.57 weak -6 | OBV divergence -4 | BB pos=0.09 near lower (oversold) +5 | AskWall 80.30 (8K cp, +0.4%) -2 | BidWall x2 mức ≥5K cp +2 | FF net buy intensity=+0.28 +5 | FF flow tăng tốc (trend+accel cùng dương) +5 | PE=14.98 cheap +7 | PB=2.58 neutral 0 | ROE=2.03% weak -3 | CFO>0 real cash +5 | CF quality=1.14 high +5 | RevG-YoY=17.2% good +3 | ProfitG-YoY=72.2% strong +5 | Market FAIR+uptrend +2 | News NEUTRAL +0.07 [VIDEO PV GAS bứt phá tăng trưởng tăng tố... · petrotimes ·  2026]",7.28,v2.3,[],1.0,0,-3,-1,0,0,3,-3,1,0,5,-5,0,-1,-3,0,-2,-1,3,"RS=0.97(─) +0 | 52W_hi=-39.2% -3 | LinReg_slope=-1.3%/5d -1 | Aroon=-93(▼) -3 | ROC10=-2.9% -1 | Williams%R=-96.8 +3 | NR=N compress=1.17 +0 | AD_slope20d=-20.6% -2 | EFI=-233,615 -1 | AskWall≤2%@80.3(8K) -2 | BidWall≤2%@79.8(9K) +2 → +0 | FFroom=46.9% +3 | FairVal=-27%(PE×EPS=62826) -3 | DivYield=3.0% +1 | EPScons=1qtrs +0 | PropTrade=+5.2tỷ(5d) +5 | Insider=B3/S17(90d) net=-14 -5",0,0.0,-0.45,0.07,-0.2,0.62,0.0,0.0,0.48,0.07,1.0,0.53,0.22,0.2,0.13,0.1,0.08,0.11,0.08,0.05,0.06,-2.08,-1700,108.23,CONTENTION,BIMODAL,0.32,0.68,70.0,598.0,2255,Retail,682,1572,432000,909500,1885.11,1829.97,1740.26,1.46,4.27,0.05,UPTREND,13.97,2.12,50.2,74.0,FAIR,2026-06-23 13:53,mention·petrotimes·VIDEO PV GAS bứt phá tăng trưởng tăng tố·22 May 2026 | mention·vnexpress·Nhật Bản tung 3 tỷ USD hỗ trợ người dân ·26 May 2026 | macro·znews·Sự ra đời của ngân hàng trung ương đầu t·16 Jun 2026,
POW,LOSER,HSX,2026-06-23 13:51,2026-06-23,13:51,14.25,realtime,188500.0,337800.0,-149300.0,0.36,14200.0,31200.0,14250.0,90500.0,14150.0,268400.0,14300.0,362100.0,14100.0,356400.0,14350.0,320300.0,12M,14.25,13.91,13.72,16.68,13.25,13.07,1.38,2.44,9.03,57.88,0.15,0.06,0.09,75.41,76.54,13.24,13.83,14.42,0.37,0.86,2.6,274868974.0,0.01,72.91,14.09,2.81,71.43,14.55,13.3,-377102042.66,0.22,1162799.28,-26.92,0.78,6091500.0,7772070.0,16.85,10.62,4.4,4.4,2026-06-23,False,0,True,0.0,50.0,1393211266.0,1533922844.0,153.89,68.27,85.61,95.08,1.55,0.53,11.53,-21345466000.0,-3835554000.0,-0.19,6,14,20,Mua,Nguyễn Minh Hiếu,2026-Q1,12.86,0.8,1.32,2.71,987.82,15835.0,0.83,0.0,12.03,7.86,1.14,4.04,14.25,9414834.69,1205072.11,574732.84,783791.2,245.0,0.16,0.29,0.16,0.29,1.0,,,,,,,2094206.48,-12739016.66,5824798.57,-10644810.18,0.86,22,9,5,8,"Điện, nước & xăng dầu khí đốt",7500,-0.28,3.92,FAIR,25,12,10,-5,-3,-1,15,9,5,8,2,-0.04,5,44,19,0.0,0.03,-0.07,30.58,BUY,HIGH,EMA20>EMA50 +15 | Giá 9%>EMA200 (uptrend dài hạn) +5 | ST=13.25 bullish +5 | RSI=57.88 neutral +5 | MACD hist=0.09>0 +10 | Stoch K<76.54 cross down -3 | MFI=72.91 strong inflow +6 | OBV confirms trend +4 | BB pos=0.86 near upper (overbought) -5 | OF pattern=WEAK -3 | AskWall x3 mức ≥5K cp -3 | BidWall x3 mức ≥5K cp +2 | FF net buy intensity=+0.39 (5d/20d aligned) +10 | FF flow tăng tốc (trend+accel cùng dương) +5 | PE=12.86 cheap +7 | PB=0.8 below book +5 | ROE=1.32% weak -3 | CFO>0 real cash +5 | RevG-YoY=15.5% good +3 | ProfitG-YoY=29.1% strong +5 | Market FAIR+uptrend +2 | News NEUTRAL -0.04 [PV Power Services và SOOSAN ký kết MOU h... · petrotimes ·  2026] | CONFLUENCE strong bull (7/11 groups) +10 | CONFLUENCE bull (6/11) +5,25.58,v2.3,[],1.0,0,0,1,0,0,3,-3,0,0,-10,-5,0,1,3,0,0,1,-1,"RS=1.05(─) +0 | 52W_hi=-15.4% +0 | LinReg_slope=+2.8%/5d +1 | Aroon=+71(▲) +3 | ROC10=+4.4% +1 | Williams%R=-26.9 -1 | NR=N compress=1.12 +0 | AD_slope20d=+0.2% +0 | EFI=+1,162,799 +1 | AskWall≤2%@14.3(362K) -2 | BidWall≤2%@14.2(268K) +2 → +0 | FFroom=45.4% +3 | FairVal=-11%(PE×EPS=12842) -3 | EPScons=1qtrs +0 | PropTrade=-21.3tỷ(5d) -10 | Insider=B6/S14(90d) net=-8 -5",-15,-0.75,0.55,0.41,0.44,-0.62,-0.3,-0.14,0.67,0.21,0.5,0.53,0.22,0.2,0.13,0.1,0.08,0.11,0.08,0.05,0.06,-2.07,-300,86.37,WEAK,BIMODAL,0.41,0.59,-43.8,2615.0,2347,Mixed,945,1401,2456400,3571400,1885.11,1829.97,1740.26,1.46,4.27,0.05,UPTREND,13.97,2.12,50.2,74.0,FAIR,2026-06-23 13:53,mention·petrotimes·PV Power Services và SOOSAN ký kết MOU h·12 Jun 2026 | mention·petrotimes·PV Power động viên con em người lao động·30 May 2026 | macro·znews·Sự ra đời của ngân hàng trung ương đầu t·16 Jun 2026,CONSENSUS_BULL
PC1,LOSER,HSX,2026-06-23 13:51,2026-06-23,13:51,22.05,realtime,125000.0,160700.0,-35700.0,0.44,22000.0,419300.0,22050.0,13400.0,21950.0,51000.0,22100.0,28100.0,21900.0,101300.0,22150.0,64100.0,12M,22.05,20.33,21.11,22.99,19.57,22.17,-3.69,8.46,-0.54,63.64,0.31,0.46,-0.15,89.06,90.8,17.66,19.81,21.96,0.92,1.0,4.17,102151414.0,0.33,88.46,21.21,9.74,92.86,22.5,18.05,-107911721.26,21.17,3045388.11,-19.32,0.73,3221600.0,4438045.0,32.2,16.65,15.14,10.8,2026-06-23,False,0,True,0.0,50.0,165490886.0,205642671.0,91.15,51.29,39.86,-30.96,1.58,0.53,9.79,4660305000.0,14801325000.0,0.07,2,0,2,Mua,nan,2026-Q1,7.79,1.04,6.41,4.55,2894.98,21612.0,0.82,0.0,21.27,13.18,1.27,5.38,11.24,2934930.77,509592.23,138315.79,196780.97,,0.58,1.5,0.58,1.5,1.0,,,,,,,2272718.21,-1474000.7,728904.0,798717.51,2.18,33,13,10,10,Xây dựng và Vật liệu,2300,-0.28,3.92,FAIR,-13,-18,-6,-5,-3,-1,10,13,10,10,2,-0.04,5,-34,39,0.03,0.0,-0.07,11.62,NEUTRAL,MEDIUM,"EMA20<EMA50 -15 | Giá -1%<EMA200 (dưới xu hướng) -3 | ST=19.57 bullish +5 | MACD hist=-0.15<0 -10 | Stoch K=89.06 overbought -5 | Stoch K<90.8 cross down -3 | CMF=0.33 inflow (overbought) -8 | MFI=88.46 strong inflow +6 | OBV divergence -4 | BB pos=1.0 near upper (overbought) -5 | OF pattern=WEAK -3 | AskWall x3 mức ≥5K cp -3 | BidWall x3 mức ≥5K cp +2 | FF net buy intensity=+0.28 +5 | FF flow tăng tốc (trend+accel cùng dương) +5 | PE=7.79 very cheap +10 | PB=1.04 fair +3 | CFO>0 real cash +5 | CF quality=2.18 high +5 | RevG-YoY=57.8% strong +5 | ProfitG-YoY=150.2% strong +5 | Market FAIR+uptrend +2 | News NEUTRAL -0.04 [Chủ tịch Nguyễn Như Hoàng Tuấn bị bắt, d... · cafebiz ·  2026] | CONFLUENCE bear (5/11 groups) -5 | CONFLUENCE bull (5/11) +5",6.62,v2.3,[],1.0,4,-3,3,0,0,3,6,0,0,5,3,0,3,3,0,2,2,-3,"RS=1.11(▲) +4 | 52W_hi=-31.5% -3 | LinReg_slope=+9.7%/5d +3 | Aroon=+93(▲) +3 | ROC10=+15.1% +3 | Williams%R=-19.3 -3 | NR=N compress=1.19 +0 | AD_slope20d=+21.2% +2 | EFI=+3,045,388 +2 | AskWall≤2%@22.1(64K) -2 | BidWall≤2%@22.0(419K) +2 → +0 | FFroom=40.2% +3 | FairVal=+41%(PE×EPS=37635) +6 | EPScons=1qtrs +0 | PropTrade=+4.7tỷ(5d) +5 | Insider=B2/S0(90d) net=+2 +3",8,0.4,-0.11,-0.62,-0.08,-0.62,-0.3,-0.14,0.48,0.66,1.0,0.67,0.22,0.2,0.13,0.1,0.08,0.11,0.08,0.05,0.06,-2.0,-450,70.36,WEAK,BIMODAL,0.33,0.67,-57.5,1359.0,2372,Mixed,927,1444,1052500,2136000,1885.11,1829.97,1740.26,1.46,4.27,0.05,UPTREND,13.97,2.12,50.2,74.0,FAIR,2026-06-23 13:53,"mention·cafebiz·Chủ tịch Nguyễn Như Hoàng Tuấn bị bắt, d·17 Jun 2026 | mention·cafebiz·Nối gót Chủ tịch PC1, TV2, đến lượt Chủ ·25 May 2026 | industry·vietstock·Nghị quyết 09 xác lập các trụ cột để TPH·26 May 2026",VALUE_OPPORTUNITY
VRE,LOSER,HSX,2026-06-23 13:51,2026-06-23,13:51,30.1,realtime,134800.0,62400.0,72400.0,0.68,30050.0,86400.0,30100.0,33600.0,30000.0,235100.0,30150.0,39500.0,29950.0,73600.0,30200.0,28200.0,12M,30.1,30.15,30.44,27.94,31.5,30.96,-0.95,-0.17,-2.78,48.72,-0.54,0.08,-0.61,60.29,51.48,27.71,30.1,32.49,1.35,0.5,4.49,135705500.0,-0.15,55.71,28.8,1.23,-57.14,32.9,27.55,191907607.62,-7.49,1728187.05,-37.8,0.82,4207500.0,5105255.0,45.2,23.5,3.44,-7.95,2026-06-23,False,0,True,0.0,49.0,860681177.0,1141121020.0,146.7,249.99,-126.27,-300.73,-1.22,0.06,-7.56,7143970000.0,-54464518000.0,0.89,9,11,20,Bán,,2026-Q1,11.86,1.58,5.65,10.89,2836.72,21286.0,1.59,0.0,52.35,114.99,1.49,19.02,0.0,2142630.0,1182311.0,1233261.0,1428329.0,,0.01,0.05,0.01,0.05,1.0,,,,,,,-3262205.0,3007764.0,1804378.0,-254441.0,-0.51,2,10,-10,2,Bất động sản,8600,-0.28,3.92,FAIR,-28,-2,4,0,-3,-1,-15,10,0,2,2,-0.03,0,-32,15,0.04,0.0,-0.07,-12.66,SELL,MEDIUM,EMA20<EMA50 -15 | Giá -3%<EMA200 (dưới xu hướng) -3 | ADX=27.94 mạnh + giá<EMA200 (downtrend xác nhận) -5 | ST=31.5 bearish -5 | RSI=48.72 neutral +5 | MACD hist=-0.61<0 -10 | Stoch K>51.48 cross up +3 | CMF=-0.15 outflow (oversold) +8 | OBV divergence -4 | OF pattern=WEAK -3 | AskWall x3 mức ≥5K cp -3 | BidWall x3 mức ≥5K cp +2 | FF net sell intensity=-0.32 (5d/20d aligned) -10 | FF flow giảm tốc (trend+accel cùng âm) -5 | PE=11.86 cheap +7 | PB=1.58 fair +3 | CFO=-3262205000 (sector-skip) 0 | RevG-YoY=0.5% positive +1 | ProfitG-YoY=4.7% positive +1 | Market FAIR+uptrend +2 | News NEUTRAL -0.03 [Việt Nam vừa có thêm 1 doanh nghiệp vốn ... · cafebiz ·  2026],-12.66,v2.3,[],1.0,0,-3,1,2,0,3,3,0,0,5,-3,0,1,-2,0,-2,1,-1,"RS=0.92(─) +0 | 52W_hi=-33.4% -3 | LinReg_slope=+1.2%/5d +1 | Aroon=-57(▼) -2 | ROC10=+3.4% +1 | Williams%R=-37.8 -1 | NR=Y compress=0.65 +2 | AD_slope20d=-7.5% -2 | EFI=+1,728,187 +1 | AskWall≤2%@30.1(40K) -2 | BidWall≤2%@30.0(235K) +2 → +0 | FFroom=37.0% +3 | FairVal=+18%(PE×EPS=36877) +3 | EPScons=1qtrs +0 | PropTrade=+7.1tỷ(5d) +5 | Insider=B9/S11(90d) net=-2 -3",2,0.1,-0.6,-0.07,0.12,0.25,-0.3,-0.14,-0.44,0.45,0.0,0.13,0.22,0.2,0.13,0.1,0.08,0.11,0.08,0.05,0.06,-1.95,-600,127.29,WEAK,BIMODAL,0.39,0.61,-53.1,946.0,4516,Retail,1907,2608,1645500,2548000,1885.11,1829.97,1740.26,1.46,4.27,0.05,UPTREND,13.97,2.12,50.2,74.0,FAIR,2026-06-23 13:53,mention·cafebiz·Việt Nam vừa có thêm 1 doanh nghiệp vốn ·03 Jun 2026 | industry·petrotimes·Tin nhanh chứng khoán ngày 2 6 VN Index ·02 Jun 2026 | industry·cafebiz·Vinhomes dừng mở rộng quỹ đất tại Việt N·17 Jun 2026,VALUE_OPPORTUNITY
FRT,LOSER,HSX,2026-06-23 13:51,2026-06-23,13:51,128.0,realtime,21000.0,62100.0,-41100.0,0.25,128000.0,2300.0,128500.0,1900.0,127900.0,1900.0,128600.0,3200.0,127800.0,7000.0,128700.0,4400.0,12M,128.0,128.7,134.98,31.02,120.53,142.5,-4.65,-0.54,-10.18,45.36,-1.85,1.34,-3.19,70.95,75.08,119.33,127.0,134.67,3.49,0.57,2.73,570870.0,0.06,38.24,126.87,3.71,35.71,133.8,119.0,14421590.66,4.07,285243.97,-39.19,0.53,233400.0,437685.0,181.0,119.0,4.58,-1.69,2026-06-23,False,0,True,0.0,49.0,29553494.0,83447874.0,219.57,88.81,130.76,60.58,3.07,0.59,22.59,12100900000.0,-27101365000.0,1.09,3,0,3,Mua,,2026-Q1,28.2,4.95,6.59,4.06,5301.9,30176.0,1.05,0.0,19.28,2.34,0.53,4.9,0.0,11390344.66,2271099.32,118657.65,205700.59,871.0,-0.02,-0.29,-0.02,-0.29,-1.0,,,,,,,2747326.55,-5263902.41,3288620.02,-2516575.86,3.46,-2,-8,10,-4,Bán lẻ,5300,-0.28,3.92,FAIR,-20,-8,-10,0,-3,2,15,-8,10,-4,2,-0.05,0,-36,-9,0.02,0.0,-0.07,-3.08,NEUTRAL,MEDIUM,"EMA20<EMA50 -15 | Giá -10%<EMA200 (downtrend dài hạn) -5 | ADX=31.02 mạnh + giá<EMA200 (downtrend xác nhận) -5 | ST=120.53 bullish +5 | RSI=45.36 neutral +5 | MACD hist=-3.19<0 -10 | Stoch K<75.08 cross down -3 | MFI=38.24 weak -6 | OBV divergence -4 | OF pattern=WEAK -3 | AskClear (no wall) +1 | BidWall 127.80 (7K cp, -0.2%) +1 | FF net buy intensity=+0.42 (5d/20d aligned) +10 | FF flow tăng tốc (trend+accel cùng dương) +5 | PE=28.2 expensive -5 | PB=4.95 expensive -3 | CFO>0 real cash +5 | CF quality=3.46 high +5 | RevG-YoY=-2.4% slight decline -1 | ProfitG-YoY=-29.3% declining -3 | Market FAIR+uptrend +2 | News NEUTRAL -0.05 [Tổng mức bán lẻ hàng hóa và doanh thu dị... · vietstock ·  2026] | CONFLUENCE bear (6/11 groups) -5",-3.08,v2.3,[],1.0,0,-3,1,0,3,0,-6,0,-1,5,5,0,3,2,0,1,2,-1,"RS=0.99(─) +0 | 52W_hi=-29.3% -3 | LinReg_slope=+3.7%/5d +3 | Aroon=+36(▲) +2 | ROC10=+4.6% +1 | Williams%R=-39.2 -1 | NR=N compress=0.93 +0 | AD_slope20d=+4.1% +1 | EFI=+285,244 +2 | AskClear +1 | BidWall≤2%@127.8(7K) +2 → +3 | FFroom=17.4% +0 | FairVal=-86%(PE×EPS=68925) -6 | EPScons=-1qtrs -1 | PropTrade=+12.1tỷ(5d) +5 | Insider=B3/S0(90d) net=+3 +5",10,0.5,-0.34,-0.28,-0.28,0.0,-0.3,0.71,0.56,-0.48,1.0,-0.33,0.22,0.2,0.13,0.1,0.08,0.11,0.08,0.05,0.06,-1.92,-2500,30.03,WEAK,BIMODAL,0.32,0.68,-53.8,434.0,541,Retail,218,322,71800,153600,1885.11,1829.97,1740.26,1.46,4.27,0.05,UPTREND,13.97,2.12,50.2,74.0,FAIR,2026-06-23 13:53,industry·vietstock·Tổng mức bán lẻ hàng hóa và doanh thu dị·03 Jun 2026 | industry·vietstock·Ngày hội thể thao lớn nhất hành tinh kíc·08 Jun 2026 | macro·znews·Sự ra đời của ngân hàng trung ương đầu t·16 Jun 2026,
VPL,LOSER,HSX,2026-06-23 13:51,2026-06-23,13:51,90.1,realtime,12400.0,52500.0,-40100.0,0.19,90100.0,1900.0,90200.0,500.0,90000.0,12900.0,90400.0,700.0,89900.0,14500.0,90500.0,4100.0,12M,90.1,90.33,88.97,12.44,84.39,86.65,1.53,-0.25,3.98,49.99,0.22,-0.1,0.32,68.1,66.81,87.63,90.62,93.62,3.37,0.41,3.74,14811500.0,0.25,38.31,89.41,1.0,35.71,99.5,85.5,10119733.09,69.15,81398.65,-45.24,0.66,562200.0,848390.0,111.0,67.0,0.11,-5.85,2026-06-23,False,0,True,0.0,49.0,844601843.0,878717184.0,326.76,130.64,222.41,170.6,3.87,0.35,34.45,573260000.0,984410000.0,0.01,13,7,20,Mua,Ngạc Văn Lượng,2026-Q1,149.63,4.61,1.94,1.36,629.56,20424.0,0.11,0.0,46.32,10.77,0.9,2.55,10.84,2941850.0,765523.0,166665.0,203511.0,,-0.01,0.84,-0.01,0.84,1.0,,,,,,,-1399892.0,-185170.0,1396724.0,-1585062.0,-1.27,-17,-11,-10,4,Du lịch và Giải trí,5700,-0.28,3.92,FAIR,23,18,-10,0,-3,3,15,-11,-10,4,2,0.21,5,35,-23,0.05,0.23,-0.07,24.31,NEUTRAL,MEDIUM,EMA20>EMA50 +15 | Giá 4%>EMA200 (trên xu hướng) +3 | ST=84.39 bullish +5 | RSI=49.99 neutral +5 | MACD hist=0.32>0 +10 | Stoch K>66.81 cross up +3 | CMF=0.25 inflow (overbought) -8 | MFI=38.31 weak -6 | OBV confirms trend +4 | OF pattern=WEAK -3 | AskClear (no wall) +1 | BidWall x2 mức ≥5K cp +2 | FF net buy intensity=+0.49 (5d/20d aligned) +10 | FF flow tăng tốc (trend+accel cùng dương) +5 | PE=149.63 expensive -5 | PB=4.61 expensive -3 | ROE=1.94% weak -3 | CFO<0 cash burn -10 | CF quality=-1.27 low -5 | RevG-YoY=-1.0% slight decline -1 | ProfitG-YoY=84.5% strong +5 | Market FAIR+uptrend +2 | News NEUTRAL +0.21 [Vinpearl mở rộng hợp tác tại Philippines... · tuoitre ·  2026] | CONFLUENCE bull (5/11 groups) +5 | CONFLUENCE bull (5/11) +5,19.31,v2.3,[],1.0,0,0,0,2,3,3,-6,0,0,2,5,0,0,2,0,2,1,0,"RS=0.94(─) +0 | 52W_hi=-18.8% +0 | LinReg_slope=+1.0%/5d +0 | Aroon=+36(▲) +2 | ROC10=+0.1% +0 | Williams%R=-45.2 +0 | NR=Y compress=0.68 +2 | AD_slope20d=+69.2% +2 | EFI=+81,399 +1 | AskClear +1 | BidWall≤2%@89.9(14K) +2 → +3 | FFroom=47.1% +3 | FairVal=-1001%(PE×EPS=8184) -6 | EPScons=1qtrs +0 | PropTrade=+0.6tỷ(5d) +2 | Insider=B13/S7(90d) net=+6 +5",7,0.35,0.47,0.62,-0.28,0.25,-0.3,0.86,0.67,-0.59,-1.0,0.27,0.22,0.2,0.13,0.1,0.08,0.11,0.08,0.05,0.06,-1.85,-1700,50.95,WEAK,BIMODAL,0.44,0.56,-57.0,607.0,927,Retail,308,618,250200,312300,1885.11,1829.97,1740.26,1.46,4.27,0.05,UPTREND,13.97,2.12,50.2,74.0,FAIR,2026-06-23 13:53,mention·tuoitre·Vinpearl mở rộng hợp tác tại Philippines·01 Jun 2026 | industry·vnexpress·M Riverside Danang hưởng lợi từ đà tăng ·16 Jun 2026 | industry·dantri·Du lịch Việt lập kỷ lục mới trong tháng ·03 Jun 2026,
KDH,LOSER,HSX,2026-06-23 13:51,2026-06-23,13:51,22.1,realtime,164700.0,121200.0,43500.0,0.58,22050.0,287400.0,22100.0,107000.0,22000.0,479800.0,22150.0,102900.0,21950.0,397400.0,22200.0,111300.0,12M,22.1,23.08,23.88,15.02,24.08,28.12,-3.35,-4.25,-21.41,34.38,-0.28,-0.03,-0.25,10.17,21.28,22.24,23.03,23.82,0.59,0.0,2.67,-3124273.0,-0.3,45.49,23.04,-2.04,-64.29,24.15,22.5,-101112691.16,-28.45,-480537.4,-97.62,1.15,4204400.0,3662935.0,38.1,21.6,-6.75,-5.15,2026-06-23,False,0,True,0.0,50.0,280507894.0,561107449.0,25.45,96.81,-71.36,-75.87,-1.42,0.24,-9.81,-144845000.0,47646360000.0,-0.28,3,4,7,Bán,nan,2026-Q1,31.63,1.67,2.39,3.27,995.99,18865.0,1.25,0.0,71.0,43.66,2.39,0.0,46.01,1046770.52,404851.99,198736.33,242631.35,180.0,0.47,0.63,0.47,0.63,1.0,,,,,,,-2024212.19,-1722556.5,3195434.86,-3746768.69,-1.94,-5,-5,-10,10,Bất động sản,8600,-0.28,3.92,FAIR,-25,-5,12,5,0,-1,-15,-5,0,10,2,-0.03,0,-25,-1,0.04,0.0,-0.07,-14.85,SELL,MEDIUM,EMA20<EMA50 -15 | Giá -21%<EMA200 (downtrend dài hạn) -5 | ST=24.08 bearish -5 | MACD hist=-0.25<0 -10 | Stoch K=10.17 oversold +5 | CMF=-0.3 outflow (oversold) +8 | OBV confirms trend +4 | BB pos=0.0 near lower (oversold) +5 | AskWall x3 mức ≥5K cp -3 | BidWall x3 mức ≥5K cp +2 | FF net sell intensity=-0.58 (5d/20d aligned) -10 | FF flow giảm tốc (trend+accel cùng âm) -5 | PE=31.63 expensive -5 | PB=1.67 fair +3 | ROE=2.39% weak -3 | CFO=-2024212189 (sector-skip) 0 | RevG-YoY=47.5% strong +5 | ProfitG-YoY=63.0% strong +5 | Market FAIR+uptrend +2 | News NEUTRAL -0.03 [Tin nhanh chứng khoán ngày 2 6 VN Index ... · petrotimes ·  2026],-14.85,v2.3,[],1.0,0,-3,-3,0,0,0,-6,0,0,0,-3,0,-1,-3,-2,-2,-1,3,"RS=0.95(─) +0 | 52W_hi=-42.0% -3 | LinReg_slope=-2.0%/5d -1 | Aroon=-64(▼) -3 | Donch_BD↓(<22.50) -2 | ROC10=-6.8% -3 | Williams%R=-97.6 +3 | NR=N compress=1.04 +0 | AD_slope20d=-28.4% -2 | EFI=-480,537 -1 | AskWall≤2%@22.2(111K) -2 | BidWall≤2%@22.0(480K) +2 → +0 | FFroom=25.0% +0 | FairVal=-71%(PE×EPS=12948) -6 | EPScons=1qtrs +0 | PropTrade=-0.1tỷ(5d) +0 | Insider=B3/S4(90d) net=-1 -3",-3,-0.15,-0.64,-0.17,0.36,0.62,0.0,-0.14,-0.56,-0.38,0.0,0.67,0.22,0.2,0.13,0.1,0.08,0.11,0.08,0.05,0.06,-1.78,-400,92.68,CONTENTION,BIMODAL,0.3,0.7,10.3,1218.0,3623,Mixed,943,2679,1325400,3065100,1885.11,1829.97,1740.26,1.46,4.27,0.05,UPTREND,13.97,2.12,50.2,74.0,FAIR,2026-06-23 13:53,industry·petrotimes·Tin nhanh chứng khoán ngày 2 6 VN Index ·02 Jun 2026 | industry·cafebiz·Vinhomes dừng mở rộng quỹ đất tại Việt N·17 Jun 2026 | macro·znews·Sự ra đời của ngân hàng trung ương đầu t·16 Jun 2026,
DCM,LOSER,HSX,2026-06-23 13:51,2026-06-23,13:51,36.25,realtime,46000.0,93300.0,-47300.0,0.33,36250.0,30300.0,36300.0,7000.0,36200.0,67400.0,36350.0,8600.0,36150.0,59000.0,36400.0,12900.0,12M,36.25,38.07,40.07,29.34,39.46,38.66,-4.99,-4.78,-6.23,33.06,-1.38,0.01,-1.38,13.85,14.74,35.38,38.01,40.64,1.07,0.17,2.95,87486056.0,-0.42,27.05,35.99,-1.81,-85.71,41.25,36.05,-66184421.68,-38.83,-679246.04,-94.81,0.94,2025600.0,2148640.0,52.9,31.2,-2.55,-10.93,2026-06-23,False,0,True,0.0,49.0,218499155.0,259406000.0,65.65,238.92,-173.27,-330.98,-1.17,0.12,-15.19,64507405000.0,116860980000.0,1.36,8,12,20,Bán,Nguyễn Đức Hạnh,2026-Q1,8.95,1.61,3.66,11.18,3652.8,20288.0,1.03,6.0,27.65,8.6,1.61,25.34,20.07,6037272.33,1201910.44,804673.61,892089.14,1474.0,0.77,0.96,0.77,0.96,1.0,,,,,,,-775841.65,2590122.24,-127406.11,1814280.59,-0.4,10,10,-10,10,Hóa chất,1300,-0.28,3.92,FAIR,-30,-5,-2,5,0,-1,-15,10,-10,10,2,0.09,0,-44,15,0.01,0.15,-0.07,-16.0,SELL,MEDIUM,EMA20<EMA50 -15 | Giá -6%<EMA200 (downtrend dài hạn) -5 | ADX=29.34 mạnh + giá<EMA200 (downtrend xác nhận) -5 | ST=39.46 bearish -5 | MACD hist=-1.38<0 -10 | Stoch K=13.85 oversold +5 | CMF=-0.42 outflow (oversold) +8 | MFI=27.05 weak -6 | OBV divergence -4 | BB pos=0.17 near lower (oversold) +5 | AskWall x3 mức ≥5K cp -3 | BidWall x3 mức ≥5K cp +2 | FF net sell intensity=-0.57 (5d/20d aligned) -10 | FF flow giảm tốc (trend+accel cùng âm) -5 | PE=8.95 very cheap +10 | PB=1.61 fair +3 | ROE=3.66% weak -3 | CFO<0 cash burn -10 | CF quality=-0.4 low -5 | RevG-YoY=77.2% strong +5 | ProfitG-YoY=95.6% strong +5 | Market FAIR+uptrend +2 | News NEUTRAL +0.09 [PVCFC và Samsung C T tăng cường hợp tác ... · petrotimes ·  2026],-16.0,v2.3,[],1.0,-4,-3,-1,0,0,3,3,2,0,10,-5,0,-1,-3,0,-2,-1,3,"RS=0.89(▼) -4 | 52W_hi=-31.5% -3 | LinReg_slope=-1.8%/5d -1 | Aroon=-86(▼) -3 | ROC10=-2.5% -1 | Williams%R=-94.8 +3 | NR=N compress=0.93 +0 | AD_slope20d=-38.8% -2 | EFI=-679,246 -1 | AskWall≤2%@36.4(13K) -2 | BidWall≤2%@36.2(67K) +2 → +0 | FFroom=41.3% +3 | FairVal=+24%(PE×EPS=47486) +3 | DivYield=6.0% +2 | EPScons=1qtrs +0 | PropTrade=+64.5tỷ(5d) +10 | Insider=B8/S12(90d) net=-4 -5",5,0.25,-0.77,-0.1,-0.2,0.62,0.0,-0.14,-0.44,0.52,-1.0,0.67,0.22,0.2,0.13,0.1,0.08,0.11,0.08,0.05,0.06,-1.76,-650,73.67,CONTENTION,BIMODAL,0.22,0.78,-18.4,796.0,2553,Retail,543,2009,421400,1521400,1885.11,1829.97,1740.26,1.46,4.27,0.05,UPTREND,13.97,2.12,50.2,74.0,FAIR,2026-06-23 13:53,"mention·petrotimes·PVCFC và Samsung C T tăng cường hợp tác ·02 Jun 2026 | mention·tuoitre·PVCFC được vinh danh ở Vietnam I4 Impact·01 Jun 2026 | industry·vnexpress·Điểm tin 6h: Tổng Bí thư, Chủ tịch nước ·29 May 2026",VALUE_OPPORTUNITY
GVR,LOSER,HSX,2026-06-23 13:51,2026-06-23,13:51,33.9,realtime,85300.0,86300.0,-1000.0,0.5,33900.0,26700.0,33950.0,13400.0,33850.0,19200.0,34000.0,44000.0,33800.0,36800.0,34050.0,11800.0,12M,33.9,34.89,34.79,11.15,37.36,32.32,0.29,-2.84,4.89,43.46,-0.07,-0.06,-0.01,46.87,62.57,33.48,34.75,36.01,1.15,0.16,3.39,134045812.0,-0.13,52.46,34.88,1.48,50.0,36.2,33.0,-118369127.77,-5.25,-173656.93,-71.88,0.71,1658200.0,2326615.0,46.5,24.15,1.5,-3.56,2026-06-23,False,0,True,0.0,13.0,495254502.0,520000000.0,19.64,19.0,0.63,12.8,0.09,0.53,-0.63,16988605000.0,36076570000.0,0.12,9,11,20,Mua,Phạm Văn Thành,2026-Q1,19.1,1.68,1.58,6.49,1371.73,15638.0,1.42,2.0,29.19,13.36,2.32,30.04,26.01,6016671.53,1626477.96,1403971.69,1287062.22,351.0,0.06,0.19,0.06,0.19,1.0,,,,,,,6954349.28,1408809.93,-6084190.66,8363159.21,1.31,17,3,10,4,Hóa chất,1300,-0.28,3.92,FAIR,13,-8,12,5,-3,-1,0,3,10,4,2,-0.06,0,17,11,0.01,0.0,-0.07,14.01,NEUTRAL,MEDIUM,EMA20>EMA50 +15 | Giá 5%>EMA200 (trên xu hướng) +3 | ST=37.36 bearish -5 | RSI=43.46 neutral +5 | MACD hist=-0.01<0 -10 | Stoch K<62.57 cross down -3 | CMF=-0.13 outflow (oversold) +8 | OBV confirms trend +4 | BB pos=0.16 near lower (oversold) +5 | OF pattern=WEAK -3 | AskWall x3 mức ≥5K cp -3 | BidWall x3 mức ≥5K cp +2 | FF net trung tính (intensity=+0.02) +0 | PE=19.1 fair +3 | PB=1.68 fair +3 | ROE=1.58% weak -3 | CFO>0 real cash +5 | CF quality=1.31 high +5 | RevG-YoY=6.0% positive +1 | ProfitG-YoY=18.5% good +3 | Market FAIR+uptrend +2 | News NEUTRAL -0.06 [PVCFC và Samsung C T tăng cường hợp tác ... · petrotimes ·  2026] | CONFLUENCE bull (5/11 groups) +5,14.01,v2.3,[],1.0,0,-3,0,0,0,0,-6,0,0,10,-3,0,1,2,0,-2,-1,1,"RS=0.97(─) +0 | 52W_hi=-27.1% -3 | LinReg_slope=+1.5%/5d +1 | Aroon=+50(▲) +2 | ROC10=+1.5% +0 | Williams%R=-71.9 +1 | NR=N compress=1.46 +0 | AD_slope20d=-5.2% -2 | EFI=-173,657 -1 | AskWall≤2%@34.0(44K) -2 | BidWall≤2%@33.8(37K) +2 → +0 | FFroom=12.4% +0 | FairVal=-90%(PE×EPS=17832) -6 | DivYield=2.0% +0 | EPScons=1qtrs +0 | PropTrade=+17.0tỷ(5d) +10 | Insider=B9/S11(90d) net=-2 -3",7,0.35,0.25,-0.24,0.36,0.62,-0.3,-0.14,0.0,-0.1,1.0,0.27,0.22,0.2,0.13,0.1,0.08,0.11,0.08,0.05,0.06,-1.59,-550,55.36,WEAK,BIMODAL,0.3,0.7,-24.4,856.0,1963,Retail,534,1428,501600,1172400,1885.11,1829.97,1740.26,1.46,4.27,0.05,UPTREND,13.97,2.12,50.2,74.0,FAIR,2026-06-23 13:53,"industry·petrotimes·PVCFC và Samsung C T tăng cường hợp tác ·02 Jun 2026 | industry·vnexpress·Điểm tin 6h: Tổng Bí thư, Chủ tịch nước ·29 May 2026 | macro·znews·Sự ra đời của ngân hàng trung ương đầu t·16 Jun 2026",
HDC,LOSER,HSX,2026-06-23 13:51,2026-06-23,13:51,15.7,realtime,98500.0,78800.0,19700.0,0.56,15650.0,109700.0,15750.0,48100.0,15600.0,99600.0,15800.0,8700.0,15550.0,15600.0,15850.0,15100.0,12M,15.7,15.74,15.97,17.81,16.39,20.12,-1.44,-0.25,-21.97,48.84,0.02,0.08,-0.06,58.62,64.9,14.79,15.54,16.3,0.46,0.6,2.93,93139362.0,-0.26,62.78,15.93,3.25,50.0,16.65,14.7,-119307890.62,-5.58,25992.03,-50.8,0.78,944900.0,1204748.0,32.84,14.17,2.88,-1.07,2026-06-23,False,0,True,0.0,49.0,93865400.0,97879739.0,24.44,15.74,8.7,22.35,0.07,0.65,0.42,-808625000.0,-808625000.0,,2,0,2,Mua,Đoàn Hữu Thuận,2026-Q1,6.39,1.54,1.03,12.02,3549.69,14703.0,1.15,0.0,18.36,17.65,0.87,2.88,63.65,80226.38,10664.16,57868.64,67022.04,,-0.19,3.26,-0.19,3.26,1.0,,,,,,,-1016766.84,903414.21,601871.26,-113352.64,-1.59,2,10,-10,2,Bất động sản,8600,-0.28,3.92,FAIR,-25,-8,10,0,-3,-1,10,10,0,2,2,-0.03,0,-24,18,0.04,0.0,-0.07,0.81,NEUTRAL,MEDIUM,EMA20<EMA50 -15 | Giá -22%<EMA200 (downtrend dài hạn) -5 | ST=16.39 bearish -5 | RSI=48.84 neutral +5 | MACD hist=-0.06<0 -10 | Stoch K<64.9 cross down -3 | CMF=-0.26 outflow (oversold) +8 | MFI=62.78 strong inflow +6 | OBV divergence -4 | OF pattern=WEAK -3 | AskWall x3 mức ≥5K cp -3 | BidWall x3 mức ≥5K cp +2 | FF net buy intensity=+0.22 (5d/20d aligned) +5 | FF flow tăng tốc (trend+accel cùng dương) +5 | PE=6.39 very cheap +10 | PB=1.54 fair +3 | ROE=1.03% weak -3 | CFO=-1016766844 (sector-skip) 0 | RevG-YoY=-18.9% declining -3 | ProfitG-YoY=326.0% strong +5 | Market FAIR+uptrend +2 | News NEUTRAL -0.03 [Tin nhanh chứng khoán ngày 2 6 VN Index ... · petrotimes ·  2026],0.81,v2.3,[],1.0,0,-5,1,2,0,3,6,0,0,-2,3,0,3,2,0,-2,1,0,"RS=0.99(─) +0 | 52W_hi=-52.2% -5 | LinReg_slope=+3.2%/5d +3 | Aroon=+50(▲) +2 | ROC10=+2.9% +1 | Williams%R=-50.8 +0 | NR=Y compress=0.73 +2 | AD_slope20d=-5.6% -2 | EFI=+25,992 +1 | AskWall≤2%@15.8(48K) -2 | BidWall≤2%@15.7(110K) +2 → +0 | FFroom=47.0% +3 | FairVal=+66%(PE×EPS=46146) +6 | EPScons=1qtrs +0 | PropTrade=-0.8tỷ(5d) -2 | Insider=B2/S0(90d) net=+2 +3",1,0.05,-0.47,-0.24,0.36,0.25,-0.3,-0.14,0.48,0.55,0.0,0.13,0.22,0.2,0.13,0.1,0.08,0.11,0.08,0.05,0.06,-1.57,-250,14.73,WEAK,BIMODAL,0.26,0.74,-55.5,1005.0,961,Mixed,287,673,246300,708500,1885.11,1829.97,1740.26,1.46,4.27,0.05,UPTREND,13.97,2.12,50.2,74.0,FAIR,2026-06-23 13:53,industry·petrotimes·Tin nhanh chứng khoán ngày 2 6 VN Index ·02 Jun 2026 | industry·cafebiz·Vinhomes dừng mở rộng quỹ đất tại Việt N·17 Jun 2026 | macro·znews·Sự ra đời của ngân hàng trung ương đầu t·16 Jun 2026,
CII,LOSER,HSX,2026-06-23 13:51,2026-06-23,13:51,17.4,realtime,9400.0,248800.0,-239400.0,0.04,17400.0,307500.0,17450.0,42000.0,17350.0,238700.0,17500.0,128500.0,17300.0,235000.0,17550.0,29700.0,12M,17.4,17.54,17.85,15.88,18.32,19.7,-1.74,-0.8,-11.68,47.31,-0.1,0.11,-0.21,61.01,66.81,16.15,17.24,18.33,0.67,0.57,3.85,526674451.0,-0.28,75.81,17.59,3.78,64.29,18.65,16.0,-589088411.81,-12.72,853396.34,-47.17,0.69,8414600.0,12278150.0,31.35,12.54,6.1,-3.6,2026-06-23,False,0,True,0.0,40.0,244965607.0,268794116.0,15.56,47.76,-32.2,-6.09,-0.6,0.29,-6.08,-1851520000.0,-18954560000.0,0.01,8,12,20,Mua,Trần Thị Tuất,2026-Q1,83.03,1.09,0.63,0.37,251.73,19133.0,1.74,2.0,56.9,16.46,0.91,1.41,30.64,750961.77,420900.46,35735.64,149341.09,59.0,0.08,0.98,0.08,0.98,1.0,,,,,,,-501844.47,-1360282.84,1312458.21,-1862127.32,-4.05,-9,-5,-10,6,Xây dựng và Vật liệu,2300,-0.28,3.92,FAIR,-25,-8,10,0,-3,-1,-15,-5,-10,6,2,-0.04,-5,-19,-15,0.03,0.0,-0.07,-26.0,STRONG SELL,MEDIUM,EMA20<EMA50 -15 | Giá -12%<EMA200 (downtrend dài hạn) -5 | ST=18.32 bearish -5 | RSI=47.31 neutral +5 | MACD hist=-0.21<0 -10 | Stoch K<66.81 cross down -3 | CMF=-0.28 outflow (oversold) +8 | MFI=75.81 strong inflow +6 | OBV divergence -4 | OF pattern=WEAK -3 | AskWall x3 mức ≥5K cp -3 | BidWall x3 mức ≥5K cp +2 | FF net sell intensity=-0.51 (5d/20d aligned) -10 | FF flow giảm tốc (trend+accel cùng âm) -5 | PE=83.03 expensive -5 | PB=1.09 fair +3 | ROE=0.63% weak -3 | CFO<0 cash burn -10 | CF quality=-4.05 low -5 | RevG-YoY=8.0% positive +1 | ProfitG-YoY=97.7% strong +5 | Market FAIR+uptrend +2 | News NEUTRAL -0.04 [PC1 bất ngờ lùi ngày chốt quyền họp cổ đ... · cafebiz ·  2026] | CONFLUENCE bear (5/11 groups) -5 | CONFLUENCE bear (6/11) -5,-21.0,v2.3,[],1.0,0,-3,3,2,0,3,-6,0,0,-2,-5,0,3,3,0,-2,1,0,"RS=0.97(─) +0 | 52W_hi=-44.5% -3 | LinReg_slope=+3.8%/5d +3 | Aroon=+64(▲) +3 | ROC10=+6.1% +3 | Williams%R=-47.2 +0 | NR=Y compress=0.71 +2 | AD_slope20d=-12.7% -2 | EFI=+853,396 +1 | AskWall≤2%@17.5(128K) -2 | BidWall≤2%@17.4(308K) +2 → +0 | FFroom=36.5% +3 | FairVal=-432%(PE×EPS=3272) -6 | DivYield=2.0% +0 | EPScons=1qtrs +0 | PropTrade=-1.9tỷ(5d) -2 | Insider=B8/S12(90d) net=-4 -5",-7,-0.35,-0.42,-0.17,0.36,0.25,-0.3,-0.14,-0.44,-0.38,-1.0,0.4,0.22,0.2,0.13,0.1,0.08,0.11,0.08,0.05,0.06,-1.41,-250,142.06,WEAK,BIMODAL,0.29,0.71,-41.8,1661.0,5177,Mixed,1454,3722,2485800,6055300,1885.11,1829.97,1740.26,1.46,4.27,0.05,UPTREND,13.97,2.12,50.2,74.0,FAIR,2026-06-23 13:53,mention·cafebiz·PC1 bất ngờ lùi ngày chốt quyền họp cổ đ·09 Jun 2026 | industry·vietstock·Nghị quyết 09 xác lập các trụ cột để TPH·26 May 2026 | industry·nld·Phát huy vai trò của HĐND trong xây dựng·28 May 2026,
CTD,LOSER,HSX,2026-06-23 13:51,2026-06-23,13:51,71.5,realtime,33500.0,90400.0,-56900.0,0.27,71500.0,3700.0,71600.0,4300.0,71400.0,27000.0,71700.0,1400.0,71300.0,16000.0,71800.0,1500.0,12M,71.5,72.79,74.77,22.94,76.12,75.58,-2.65,-1.77,-5.4,42.13,-0.92,0.31,-1.23,53.14,66.88,70.29,72.07,73.85,1.66,0.34,2.32,-4668959.0,0.32,57.5,72.24,1.69,71.43,74.3,69.9,-25799077.3,10.9,-42914.31,-70.59,0.52,262200.0,507015.0,92.78,65.98,-0.28,-3.51,2026-06-23,False,0,True,0.0,49.0,4191259.0,55872968.0,19.36,10.19,9.17,34.33,-0.03,0.59,-0.19,240440000.0,-1003056000.0,0.01,1,4,5,Mua,nan,2026-Q3,13.47,0.98,3.24,2.26,6339.55,89361.0,0.64,0.0,4.32,3.96,1.02,9.46,0.0,8350684.67,215710.86,186937.81,222557.0,1896.0,0.12,-0.37,,,,,,,,,,-1153594.51,302891.21,1352269.02,-850703.31,-2.53,-1,9,-10,0,Xây dựng và Vật liệu,2300,-0.28,3.92,FAIR,-25,-8,-4,0,-3,3,5,9,-10,0,2,-0.04,0,-37,2,0.03,0.0,-0.07,-15.73,SELL,MEDIUM,EMA20<EMA50 -15 | Giá -5%<EMA200 (downtrend dài hạn) -5 | ST=76.12 bearish -5 | RSI=42.13 neutral +5 | MACD hist=-1.23<0 -10 | Stoch K<66.88 cross down -3 | CMF=0.32 inflow (overbought) -8 | OBV confirms trend +4 | OF pattern=WEAK -3 | AskClear (no wall) +1 | BidWall x2 mức ≥5K cp +2 | FF net buy intensity=+0.31 (5d/20d aligned) +10 | FF flow giảm tốc (trend+accel cùng âm) -5 | PE=13.47 cheap +7 | PB=0.98 below book +5 | ROE=3.24% weak -3 | CFO<0 cash burn -10 | CF quality=-2.53 low -5 | RevG-QoQ=12.1% good +3 | ProfitG-QoQ=-36.6% declining -3 | Market FAIR+uptrend +2 | News NEUTRAL -0.04 [Nghị quyết 09 xác lập các trụ cột để TPH... · vietstock ·  2026],-15.73,v2.3,[],1.0,0,-3,0,0,3,-7,3,0,0,0,-5,0,1,3,0,2,-1,1,"RS=0.97(─) +0 | 52W_hi=-22.9% -3 | LinReg_slope=+1.7%/5d +1 | Aroon=+71(▲) +3 | ROC10=-0.3% +0 | Williams%R=-70.6 +1 | NR=N compress=0.78 +0 | AD_slope20d=+10.9% +2 | EFI=-42,914 -1 | AskClear +1 | BidWall≤2%@71.4(27K) +2 → +3 | FFroom=3.7% -7 | FairVal=+13%(PE×EPS=82414) +3 | PropTrade=+0.2tỷ(5d) +0 | Insider=B1/S4(90d) net=-3 -5",-5,-0.25,-0.45,-0.24,-0.12,0.0,-0.3,0.86,-0.07,0.41,-1.0,0.0,0.22,0.2,0.13,0.1,0.08,0.11,0.08,0.05,0.06,-1.38,-1000,18.65,WEAK,BIMODAL,0.19,0.81,-31.7,642.0,411,Retail,69,341,49400,210800,1885.11,1829.97,1740.26,1.46,4.27,0.05,UPTREND,13.97,2.12,50.2,74.0,FAIR,2026-06-23 13:53,industry·vietstock·Nghị quyết 09 xác lập các trụ cột để TPH·26 May 2026 | industry·nld·Phát huy vai trò của HĐND trong xây dựng·28 May 2026 | macro·znews·Sự ra đời của ngân hàng trung ương đầu t·16 Jun 2026,
KOS,LOSER,HSX,2026-06-23 13:51,2026-06-23,13:51,36.6,realtime,0.0,156400.0,-156400.0,0.0,36600.0,1000.0,36850.0,200.0,36500.0,1000.0,36900.0,800.0,36450.0,200.0,37100.0,100.0,12M,36.6,37.86,38.12,29.74,38.63,38.47,-0.68,-3.33,-4.86,28.16,-0.33,-0.19,-0.14,30.84,34.77,36.82,38.02,39.22,0.63,0.0,1.72,29186200.0,0.33,41.81,37.48,-2.6,-71.43,38.95,36.0,-4593401.74,33.71,-47185.15,-79.31,0.52,189600.0,361450.0,42.15,33.55,-4.69,-3.68,2026-06-23,False,0,True,0.0,49.0,105840494.0,106075854.0,2.9,3.58,-0.67,-0.59,-0.01,0.47,-0.1,-224560000.0,-224560000.0,,13,7,20,Bán,Nguyễn Việt Thung,2026-Q1,452.27,3.57,0.04,0.38,85.24,10798.0,0.01,0.0,9.4,0.15,0.52,1.18,123.58,436108.65,53232.19,3938.66,11268.52,18.19,0.92,0.51,0.92,0.51,1.0,,,,,,,-22136.4,-13177.0,-5008.9,-35313.39,-1.17,-11,-11,-10,10,Bất động sản,8600,-0.28,3.92,FAIR,-28,2,-12,5,-3,0,-10,-11,0,10,2,-0.03,0,-38,-7,0.04,0.0,-0.07,-15.88,SELL,MEDIUM,EMA20<EMA50 -15 | Giá -5%<EMA200 (dưới xu hướng) -3 | ADX=29.74 mạnh + giá<EMA200 (downtrend xác nhận) -5 | ST=38.63 bearish -5 | RSI=28.16 oversold +15 | MACD hist=-0.14<0 -10 | Stoch K<34.77 cross down -3 | CMF=0.33 inflow (overbought) -8 | OBV divergence -4 | BB pos=0.0 near lower (oversold) +5 | OF pattern=WEAK -3 | AskClear (no wall) +1 | NoBidWall -1 | FF net sell intensity=-0.10 (5d/20d aligned) -5 | FF flow giảm tốc (trend+accel cùng âm) -5 | PE=452.27 expensive -5 | PB=3.57 expensive -3 | ROE=0.04% weak -3 | CFO=-22136395 (sector-skip) 0 | RevG-YoY=92.4% strong +5 | ProfitG-YoY=51.0% strong +5 | Market FAIR+uptrend +2 | News NEUTRAL -0.03 [Tin nhanh chứng khoán ngày 2 6 VN Index ... · petrotimes ·  2026] | CONFLUENCE bear (5/11 groups) -5,-15.88,v2.3,[],1.0,0,0,-1,1,0,3,-6,0,0,0,5,0,-1,-3,0,2,-1,1,"RS=0.97(─) +0 | 52W_hi=-13.2% +0 | LinReg_slope=-2.6%/5d -1 | Aroon=-71(▼) -3 | ROC10=-4.7% -1 | Williams%R=-79.3 +1 | NR=N compress=0.69 +1 | AD_slope20d=+33.7% +2 | EFI=-47,185 -1 | FFroom=48.9% +3 | FairVal=-3203%(PE×EPS=1108) -6 | EPScons=1qtrs +0 | PropTrade=-0.2tỷ(5d) +0 | Insider=B13/S7(90d) net=+6 +5",5,0.25,-0.6,0.07,-0.44,0.75,-0.3,0.0,-0.26,-0.59,0.0,0.67,0.22,0.2,0.13,0.1,0.08,0.11,0.08,0.05,0.06,-1.35,-500,6.94,WEAK,NORMAL,0.01,0.99,-47.6,790.0,240,Retail,1,238,1100,188300,1885.11,1829.97,1740.26,1.46,4.27,0.05,UPTREND,13.97,2.12,50.2,74.0,FAIR,2026-06-23 13:53,industry·petrotimes·Tin nhanh chứng khoán ngày 2 6 VN Index ·02 Jun 2026 | industry·cafebiz·Vinhomes dừng mở rộng quỹ đất tại Việt N·17 Jun 2026 | macro·znews·Sự ra đời của ngân hàng trung ương đầu t·16 Jun 2026,
