symbol,group,exchange,time,date,snap_time,price,price_type,intra_buy_vol,intra_sell_vol,intra_delta,intra_buy_ratio,bid_price_1,bid_vol_1,ask_price_1,ask_vol_1,bid_price_2,bid_vol_2,ask_price_2,ask_vol_2,bid_price_3,bid_vol_3,ask_price_3,ask_vol_3,_ta_window,_last_close,ema20,ema50,adx,supertrend,ema200,ema_cross_pct,price_vs_ema20_pct,price_vs_ema200_pct,rsi,macd,macd_sig,macd_hist,stoch_k,stoch_d,bb_lower,bb_mid,bb_upper,atr,bb_position,atr_pct,obv,cmf,mfi,linreg_20,linreg_slope_pct,aroon_osc,donchian_upper_prev,donchian_lower_prev,ad_line,ad_slope_20d_pct,efi_13,willr_14,vol_ma_ratio,vol_today,vol_avg_20d,high_52w,low_52w,roc_10,return_20d,_cached_date,_ta_from_cache,_ta_stale_days,_should_cache,ff_room,ff_room_max_pct,ff_room_raw,ff_total_room_raw,ff_buy_val_5d,ff_sell_val_5d,ff_net_val_5d,ff_net_val_20d,ff_trend,ff_consistency,ff_acceleration,pt_net_val_5d,pt_net_val_20d,pt_trend,insider_count,insider_buy_count,insider_sell_count,insider_name,r_period,r_pe,r_pb,r_roe,r_roa,r_eps,r_bvps,r_beta,r_div_yield,r_gross_margin,r_net_margin,r_quick_ratio,r_interest_cov,r_ev_ebitda,is_revenue,is_gross_profit,is_net_profit,is_operating_profit,is_eps,is_rev_growth,is_profit_growth,is_rev_growth_yoy,is_profit_growth_yoy,eps_consistency,bs_total_assets,bs_equity,bs_total_liab,bs_short_debt,bs_long_debt,bs_debt_to_equity,cf_operating,cf_investing,cf_financing,cf_free,cf_quality_ratio,finance_score,finance_score_fund,finance_score_cf,finance_score_growth,industry,icb_code,organ_short_name,organ_name,vnindex_return_20d,vnindex_return_5d,ff_intra_net,ff_intra_gtgd,ff_intra_ratio,ff_intra_frac,ff_intra_pts,ff_intra_strong_buy,ff_intra_strong_sell,ff_intra_flag_pts,insider_latest,_price_fallback,updated_at
ACB,LOSER,HSX,2026-10-08 11:26,2026-10-08,11:26,20.55,realtime,69500.0,82800.0,-13300.0,0.46,20550.0,99200.0,20600.0,93900.0,20500.0,332900.0,20650.0,121100.0,20450.0,138500.0,20700.0,122000.0,12M,20.55,21.36,21.79,23.89,21.68,21.44,-1.97,-3.79,-4.15,30.46,-0.42,-0.1,-0.33,11.08,8.22,20.22,21.54,22.86,0.39,0.13,1.9,-170540607.0,-0.27,15.09,20.56,-3.16,-92.86,22.85,20.3,-262773425.53,-18.76,-898974.68,-88.64,0.27,2099300.0,7692755.0,23.85,18.7,-3.97,-8.26,2026-10-08,False,0,True,0.0,30.0,384676908.0,1741326587.0,91.04,234.95,-143.9,-381.27,-4.53,0.33,-7.6,-25776645000.0,-118678115000.0,-0.82,0.0,0.0,0.0,,2026-Q2,7.65,1.21,16.0,2.0,0.0,,,0.0,68.0,45.0,0.0,,0.0,9142900000.0,,4292478000.0,6427073000.0,0.0,0.03,-0.01,-0.02,-0.12,-1,1067845075000.0,99314518000.0,968530557000.0,,,9.75,28160074000.0,-304232000.0,-4466658000.0,27855842000.0,1.8,26,16,10,0,Ngân hàng,8300,ACB,Ngân hàng Thương mại Cổ phần Á Châu,-4.09,0.3,-7524385000.0,43337650000.0,-0.17,0.59,-4,False,False,0,,,2026-10-08 11:28
ANV,GAINER,HSX,2026-10-08 11:26,2026-10-08,11:26,18.65,realtime,140300.0,66100.0,74200.0,0.68,18650.0,5600.0,,0.0,18600.0,71600.0,0.0,0.0,18550.0,17600.0,0.0,0.0,12M,18.65,16.69,17.13,22.77,16.11,21.84,-2.57,11.74,-14.61,70.81,0.21,0.33,-0.12,89.31,87.63,14.61,16.27,17.92,0.62,1.0,3.32,-19408411.0,0.29,74.94,17.23,10.19,50.0,17.75,15.1,-35120349.25,10.67,618838.89,0.0,2.99,1910900.0,638990.0,33.4,15.1,15.12,15.12,2026-10-08,False,0,True,0.0,49.0,124088975.0,130667075.0,6.81,13.47,-6.66,-4.59,-0.12,0.56,-1.08,-12000000.0,-1151220000.0,0.02,2.0,2.0,0.0,Doãn Chí Thiên,2026-Q2,5.37,1.2,24.0,14.0,506.0,,,0.0,20.0,11.0,1.08,,5.51,1937045719.52,311757820.49,134869981.06,159094618.33,506.0,0.05,-0.31,0.12,-0.59,-1,6433725742.77,3857096522.11,2576629220.65,1824026821.46,38864453.66,0.67,997997131.07,-797009360.7,,200987770.37,1.0,21,18,5,-2,Thực phẩm và đồ uống,3500,Thủy sản Nam Việt,Công ty Cổ phần Nam Việt,-4.09,0.3,774560000.0,35242865000.0,0.02,0.59,1,False,False,0,Mua,,2026-10-08 11:28
BAF,GAINER,HSX,2026-10-08 11:26,2026-10-08,11:26,31.5,realtime,380200.0,416500.0,-36300.0,0.48,31450.0,51900.0,31500.0,22900.0,31400.0,78400.0,31550.0,16900.0,31350.0,206700.0,31600.0,60900.0,12M,31.5,31.55,31.37,22.66,32.46,30.26,0.57,-0.16,4.1,48.47,-0.12,-0.06,-0.06,61.26,51.72,30.91,31.65,32.38,0.55,0.4,1.75,87940957.0,0.44,49.02,31.16,-0.98,-64.29,32.25,30.15,162773593.16,9.48,79153.58,-32.5,0.57,922600.0,1612295.0,33.0,25.37,-0.47,-2.17,2026-10-08,False,0,True,0.0,50.0,168447868.0,182412453.0,35.14,42.62,-7.48,-27.83,0.08,0.44,0.05,-8431432000.0,-8422207000.0,-0.68,0.0,0.0,0.0,,2026-Q2,122.82,2.63,2.0,1.0,170.0,,,0.0,14.0,1.0,0.95,,18.33,2126498179.17,351232577.51,103460328.38,140290574.57,170.0,0.21,-0.5,0.53,-0.51,-1,13512025259.18,4373759559.26,9138265699.92,3040675598.72,3196420031.77,2.09,-1379717534.3,-1464058853.35,,-2843776387.65,-10.9,-16,-8,-10,2,Thực phẩm và đồ uống,3500,Nông nghiệp BAF Việt Nam,Công ty Cổ phần Nông nghiệp BAF Việt Nam,-4.09,0.3,2005305000.0,29087645000.0,0.07,0.59,2,False,False,0,,,2026-10-08 11:28
BCM,GAINER,HSX,2026-10-08 11:26,2026-10-08,11:26,39.3,realtime,42500.0,85200.0,-42700.0,0.33,39250.0,500.0,39300.0,2200.0,39200.0,6300.0,39350.0,1400.0,39150.0,2600.0,39400.0,2400.0,12M,39.25,39.67,41.3,13.29,41.51,51.75,-3.95,-1.06,-24.15,45.13,-0.7,-0.06,-0.64,39.14,25.12,38.02,39.58,41.14,1.39,0.39,3.54,-11393943.0,-0.23,49.24,38.95,-0.97,-57.14,41.95,36.5,-24411749.35,-10.55,-50459.4,-49.54,0.64,342500.0,532065.0,82.28,33.9,-4.15,-3.56,2026-10-08,False,0,True,0.0,34.0,348451949.0,351900000.0,9.2,8.36,0.84,13.19,0.04,0.67,-0.56,,,,0.0,0.0,0.0,,2026-Q2,20.47,1.82,9.0,3.0,-10.0,,,0.0,66.0,51.0,0.5,,57.61,544943011.91,304023842.14,12554300.66,-43738522.47,-10.0,-0.51,-0.96,-0.81,-0.99,-1,62642358216.79,22493073792.15,40149284424.64,9433653546.78,16900243201.26,1.78,-222925896.41,-1871098203.92,,-2094024100.33,-0.06,-10,6,-10,-6,Bất động sản,8600,Becamex Group,Tập đoàn Đầu tư và Phát triển Công nghiệp Becamex - CTCP,-4.09,0.3,2650170000.0,13550925000.0,0.2,0.59,4,False,False,0,,,2026-10-08 11:28
BID,LOSER,HSX,2026-10-08 11:26,2026-10-08,11:26,34.25,realtime,85500.0,61700.0,23800.0,0.58,34300.0,900.0,34400.0,24400.0,34250.0,61800.0,34450.0,16100.0,34200.0,44500.0,34500.0,20100.0,12M,34.3,35.45,36.0,15.16,36.45,37.57,-1.53,-3.24,-8.7,32.29,-0.45,-0.18,-0.27,14.28,10.37,34.22,35.66,37.1,0.71,0.03,2.07,-12987708.0,-0.3,22.93,34.73,-3.05,-85.71,37.85,33.95,-189993703.09,-13.57,-513653.46,-87.93,0.29,1094100.0,3803840.0,52.37,32.15,-4.46,-5.64,2026-10-08,False,0,True,0.0,30.0,974317819.0,2333468841.0,33.99,125.48,-91.49,-24.68,-3.76,0.28,-16.93,-21615800000.0,28171280000.0,-1.29,0.0,0.0,0.0,,2026-Q2,8.12,1.39,18.0,1.0,0.0,,,0.0,67.0,34.0,0.0,,0.0,23637194000.0,,8146256000.0,16153261000.0,0.0,0.14,0.2,0.07,0.21,1,3440840854000.0,198783286000.0,3242057568000.0,,,16.31,192940485000.0,-1638693000.0,14251434000.0,191301792000.0,6.45,32,16,10,6,Ngân hàng,8300,BIDV,Ngân hàng Thương mại Cổ phần Đầu tư và Phát triển Việt Nam,-4.09,0.3,-6339149700.0,37768605000.0,-0.17,0.59,-4,False,False,0,,,2026-10-08 11:28
BMP,GAINER,HSX,2026-10-08 11:26,2026-10-08,11:26,142.9,realtime,8200.0,5800.0,2400.0,0.59,142800.0,800.0,142900.0,800.0,142700.0,1600.0,143000.0,2700.0,142600.0,1400.0,143100.0,700.0,12M,142.9,143.27,144.35,12.41,138.88,146.0,-0.75,-0.26,-2.12,47.59,-0.63,-0.0,-0.62,25.42,24.03,139.12,143.37,147.61,2.04,0.45,1.43,-1001294.0,-0.13,59.91,142.89,-1.18,-42.86,147.6,138.0,-724869.05,-26.34,-5179.7,-67.8,0.23,14200.0,62520.0,180.67,114.64,-2.12,0.63,2026-10-08,False,0,True,0.0,100.0,14418898.0,81860938.0,4.14,7.14,-2.99,20.41,-0.24,0.61,-1.73,-1535990000.0,-2603290000.0,-0.0,0.0,0.0,0.0,,2026-Q2,9.1,4.1,43.0,35.0,4486.0,,,0.0,47.0,23.0,3.97,,6.19,1319560280.24,616687292.13,367189104.89,457725438.85,4486.0,-0.09,0.21,0.01,0.11,1,3355304197.14,2851963910.26,503340286.88,54900000.0,0.0,0.18,1218889664.9,-381977475.07,,836912189.83,0.99,21,12,5,4,Xây dựng và Vật liệu,2300,Nhựa Bình Minh,Công ty Cổ phần Nhựa Bình Minh,-4.09,0.3,-13630000.0,2137930000.0,-0.01,0.59,0,False,False,0,,,2026-10-08 11:28
BSI,LOSER,HSX,2026-10-08 11:26,2026-10-08,11:26,24.65,realtime,35000.0,25100.0,9900.0,0.58,24550.0,900.0,24800.0,5100.0,24500.0,44400.0,24850.0,1500.0,24450.0,1400.0,24900.0,11200.0,12M,24.6,26.04,27.59,37.25,26.65,31.66,-5.62,-5.53,-22.3,28.39,-0.92,-0.09,-0.82,17.12,13.85,24.34,26.05,27.75,0.7,0.08,2.85,-5531436.0,-0.31,5.22,24.83,-2.71,-85.71,28.45,24.25,-21741436.17,-7.68,-30638.3,-89.23,0.4,103200.0,255865.0,42.41,24.25,-7.34,-12.14,2026-10-08,False,0,True,0.0,100.0,174444660.0,269901549.0,2.72,1.59,1.13,-3.85,0.02,0.39,0.44,-67285000.0,-67285000.0,,0.0,0.0,0.0,,2026-Q2,12.83,1.18,9.0,3.0,424.0,,,0.0,59.0,20.0,1.39,,13.78,616834996.67,410819217.19,123215863.13,,424.0,-0.12,0.39,0.22,0.21,1,19479336191.99,5695829407.49,13783506784.5,11814757188.71,0.0,2.42,-4249312491.87,2339390.08,,-4246973101.79,-8.61,2,10,-10,2,Dịch vụ tài chính,8700,Chứng khoán BIDV,Công ty Cổ phần Chứng khoán BIDV,-4.09,0.3,-320390000.0,2551300000.0,-0.13,0.59,-4,False,False,0,,,2026-10-08 11:28
BSR,GAINER,HSX,2026-10-08 11:26,2026-10-08,11:26,31.9,realtime,42200.0,184500.0,-142300.0,0.19,31850.0,39000.0,31900.0,30200.0,31800.0,72600.0,31950.0,39700.0,31750.0,30000.0,32000.0,107400.0,12M,31.9,30.5,28.78,32.19,28.62,25.13,5.98,4.59,26.94,62.86,1.03,-0.1,1.12,48.66,38.43,28.47,30.79,33.11,1.18,0.74,3.7,604910408.0,-0.06,55.09,31.94,-2.15,50.0,33.45,27.05,-342942501.44,-4.98,1217828.7,-43.06,0.32,4329200.0,13562880.0,39.16,13.35,6.33,17.71,2026-10-08,False,0,True,0.0,49.0,2373547882.0,2453576846.0,131.06,111.07,19.99,615.43,-6.05,0.67,-30.19,10826350000.0,32431898000.0,-0.23,0.0,0.0,0.0,,2026-Q2,7.99,2.13,30.0,21.0,1530.0,,,0.0,13.0,11.0,2.55,,7.09,58716386704.01,8797639412.05,7666084165.61,8641681781.33,1530.0,0.28,-0.07,0.6,8.07,1,105590618323.73,74563861230.66,31026757093.07,12766300000.0,0.0,0.42,5258073731.08,-21662245604.64,,-16404171873.56,1.01,29,15,10,4,Dầu khí,0500,Lọc Hoá dầu Việt Nam,Công ty Cổ phần - Tổng Công ty Lọc Hoá dầu Việt Nam,-4.09,0.3,-22754805000.0,139543530000.0,-0.16,0.59,-4,False,True,-3,,,2026-10-08 11:28
BVH,GAINER,HSX,2026-10-08 11:26,2026-10-08,11:26,77.3,realtime,73000.0,65700.0,7300.0,0.53,77200.0,200.0,77300.0,1900.0,77100.0,6400.0,77400.0,4100.0,77000.0,1100.0,77500.0,12300.0,12M,77.2,72.14,68.68,44.01,68.93,66.43,5.04,7.01,16.21,72.96,2.81,0.39,2.42,74.95,78.21,64.93,71.74,78.54,2.48,0.9,3.21,21807196.0,0.17,75.05,76.74,3.45,57.14,79.0,62.8,6421478.19,120.17,1084798.46,-16.67,0.46,478900.0,1045150.0,88.5,46.21,11.56,22.54,2026-10-08,False,0,True,0.0,49.0,163392981.0,363738154.0,54.46,50.11,4.35,-117.32,-1.04,0.44,7.39,166970000.0,408970000.0,0.02,0.0,0.0,0.0,,2026-Q2,16.88,2.18,13.0,1.0,1390.0,,,0.0,1.0,8.0,1.73,,-6.27,10703923026.13,983097692.63,1032377110.24,0.0,1390.0,0.09,0.29,0.0,0.55,1,315683051794.04,26723763712.73,288959288081.31,3599959728.47,754000.0,10.81,5793873750.87,-24150042247.94,,-18356168497.07,2.04,19,3,10,6,Bảo hiểm,8500,Tập đoàn Bảo Việt,Tập đoàn Bảo Việt,-4.09,0.3,8983679000.0,36905420000.0,0.24,0.59,4,False,False,0,,,2026-10-08 11:28
BWE,LOSER,HSX,2026-10-08 11:26,2026-10-08,11:26,40.45,realtime,9400.0,3700.0,5700.0,0.72,40450.0,2000.0,40500.0,1400.0,40300.0,500.0,40600.0,3500.0,40250.0,100.0,40700.0,3500.0,12M,40.45,41.04,41.9,55.15,42.29,42.96,-2.05,-1.44,-5.84,38.82,-0.52,0.01,-0.53,26.28,30.13,39.8,41.08,42.36,0.68,0.25,1.68,-3597002.0,-0.02,62.0,40.21,-1.07,-28.57,42.25,39.65,-365419.23,-5.99,1240.18,-69.23,0.25,13200.0,52185.0,48.03,39.65,-0.98,-3.11,2026-10-08,False,0,True,0.0,49.0,103165788.0,107765035.0,0.14,0.88,-0.74,-8.87,0.01,0.06,0.35,,,,20.0,20.0,0.0,Nguyễn Văn Thiền,2026-Q2,8.24,1.4,18.0,7.0,1302.0,,,0.0,45.0,24.0,0.81,,8.45,1222425768.02,564966154.12,332745970.07,370858656.35,1302.0,0.18,0.56,-0.08,0.1,1,15625846415.51,6406760369.83,9219086045.68,1776873088.74,5410960013.14,1.44,1088372266.13,-1121804258.41,,-33431992.28,1.1,34,16,10,8,"Điện, nước & xăng dầu khí đốt",7500,Nước - Môi trường Bình Dương,Công ty Cổ phần - Tổng công ty Nước - Môi trường Bình Dương,-4.09,0.3,-28280000.0,555240000.0,-0.05,0.59,-2,False,False,0,Mua,,2026-10-08 11:28
CII,LOSER,HSX,2026-10-08 11:27,2026-10-08,11:26,11.9,realtime,109100.0,220800.0,-111700.0,0.33,11900.0,135200.0,11950.0,190200.0,11850.0,163200.0,12000.0,191000.0,11800.0,281100.0,12050.0,47800.0,12M,11.95,12.59,13.55,37.65,13.18,17.42,-7.08,-5.08,-31.4,34.97,-0.53,-0.0,-0.52,38.46,28.61,11.66,12.52,13.38,0.48,0.17,4.02,-227686400.0,-0.47,34.6,11.88,-0.93,-78.57,14.4,11.35,-881088401.96,-7.85,-90045.79,-69.23,0.23,1654000.0,7189880.0,31.35,11.35,-5.53,-14.95,2026-10-08,False,0,True,0.0,40.0,243714840.0,268794116.0,32.81,24.82,7.99,15.02,0.16,0.33,0.76,4999280000.0,67192900000.0,-0.36,0.0,0.0,0.0,,2026-Q2,70.42,0.83,1.0,0.0,12.0,,,0.0,56.0,9.0,1.14,,16.07,750931411.69,465499537.99,11694540.78,96026625.74,12.0,-0.1,-0.44,0.03,-0.59,-1,43467396913.49,12955567906.19,30511829007.3,6061507035.18,18473186051.94,2.35,-501844470.68,-1360282845.36,,-1862127316.04,-4.05,-17,-3,-10,-4,Xây dựng và Vật liệu,2300,Hạ tầng Kỹ thuật TP.HCM,Công ty Cổ phần Đầu tư Hạ tầng Kỹ thuật Thành phố Hồ Chí Minh,-4.09,0.3,-1724365000.0,22110910000.0,-0.08,0.59,-2,False,False,0,,,2026-10-08 11:28
CMG,LOSER,HSX,2026-10-08 11:27,2026-10-08,11:26,20.45,realtime,82000.0,39700.0,42300.0,0.67,20450.0,300.0,20500.0,11500.0,20400.0,900.0,20550.0,2000.0,20350.0,600.0,20600.0,2100.0,12M,20.45,21.87,23.23,20.97,22.32,28.07,-5.85,-6.49,-27.15,23.36,-0.86,-0.14,-0.72,9.72,6.54,20.12,22.05,23.99,0.66,0.09,3.23,-2524634.0,-0.51,6.41,20.59,-5.37,-71.43,23.9,20.1,-13518272.35,-12.14,-39038.9,-90.28,1.29,187500.0,145195.0,39.0,20.1,-9.71,-13.89,2026-10-08,False,0,True,0.0,50.0,31937501.0,116477304.0,0.52,3.64,-3.12,-5.31,-0.05,0.28,-0.33,-793385000.0,-793385000.0,,0.0,0.0,0.0,,2026-Q2,12.12,1.43,12.0,4.0,322.0,,,0.0,18.0,5.0,1.36,,8.67,2323243675.18,415445800.77,75074096.4,120631913.59,322.0,-0.02,-0.2,0.05,-0.2,-1,10769089838.85,4192679454.82,6576410384.03,1515315059.91,2304232434.55,1.57,621000858.93,-2591112914.07,,-1970112055.14,1.57,16,10,10,-4,Công nghệ Thông tin,9500,Tập đoàn Công nghệ CMC,Công ty Cổ phần Tập đoàn Công nghệ CMC,-4.09,0.3,-1211005000.0,3819775000.0,-0.32,0.59,-4,False,False,0,,,2026-10-08 11:28
CTD,GAINER,HSX,2026-10-08 11:27,2026-10-08,11:26,63.0,realtime,12800.0,51800.0,-39000.0,0.2,63000.0,1100.0,63100.0,5300.0,62900.0,3900.0,63200.0,4200.0,62800.0,10700.0,63300.0,4300.0,12M,63.0,59.72,61.22,20.79,58.0,69.79,-2.45,5.49,-9.73,64.39,-0.06,0.54,-0.59,76.39,57.14,56.33,58.93,61.53,1.55,1.0,2.46,-12797653.0,-0.0,54.77,60.19,3.3,28.57,62.4,56.8,-10847494.58,-0.24,295388.32,-12.31,1.12,297500.0,265975.0,92.78,54.7,7.69,6.78,2026-10-08,False,0,True,0.0,50.0,3954479.0,57013233.0,22.07,15.36,6.71,-7.05,0.09,0.67,1.73,-919440000.0,-2370462000.0,-0.02,0.0,0.0,0.0,,2026-Q2,8.79,0.72,8.0,2.0,721.0,,,0.0,4.0,2.0,0.97,,10.16,10471181365.1,465987309.58,146276982.43,197699254.85,721.0,0.63,0.23,0.27,-0.27,-1,38750874266.15,9651883682.24,29098990583.92,4401304582.53,1541672975.38,3.02,-830902274.3,-2196201142.45,,-3027103416.74,-1.06,15,15,-10,10,Xây dựng và Vật liệu,2300,Xây dựng Coteccons,Công ty Cổ phần Xây dựng Coteccons,-4.09,0.3,729820000.0,18679570000.0,0.04,0.59,2,False,False,0,,,2026-10-08 11:28
CTG,LOSER,HSX,2026-10-08 11:27,2026-10-08,11:26,29.55,realtime,73900.0,188600.0,-114700.0,0.28,29550.0,7800.0,29600.0,50200.0,29500.0,119000.0,29650.0,72600.0,29450.0,162700.0,29700.0,122600.0,12M,29.55,30.19,30.86,18.3,31.06,33.2,-2.17,-2.12,-10.99,38.39,-0.39,-0.03,-0.36,30.68,22.07,29.17,30.2,31.23,0.56,0.19,1.9,14942405.0,-0.13,31.14,29.69,-1.21,-85.71,31.7,28.9,-357106730.8,-5.76,-449058.24,-70.45,0.24,1802300.0,7469815.0,42.84,28.4,-1.99,-3.27,2026-10-08,False,0,True,0.0,30.0,431498157.0,2330083391.0,119.97,152.55,-32.59,-207.38,-2.91,0.5,5.0,-11012342000.0,-268744988000.0,3.8,0.0,0.0,0.0,,2026-Q2,5.75,1.16,22.0,1.0,0.0,,,0.0,71.0,41.0,0.0,,0.0,26384590000.0,,11740060000.0,20029027000.0,0.0,0.05,0.32,0.26,0.21,1,2962003670000.0,200214302000.0,2761789368000.0,,,13.79,82644000000.0,-1915192000.0,-2416496000.0,80728808000.0,2.39,34,18,10,6,Ngân hàng,8300,VietinBank,Ngân hàng Thương mại Cổ phần Công thương Việt Nam,-4.09,0.3,-14096641400.0,54066655000.0,-0.26,0.59,-4,False,True,-3,,,2026-10-08 11:28
CTR,LOSER,HSX,2026-10-08 11:27,2026-10-08,11:26,70.0,realtime,7400.0,36900.0,-29500.0,0.17,69800.0,6100.0,70000.0,100.0,69700.0,400.0,70200.0,100.0,69600.0,1500.0,70300.0,600.0,12M,70.0,71.95,73.14,19.79,74.58,75.8,-1.63,-2.71,-7.65,32.76,-1.04,-0.19,-0.85,25.35,23.03,69.75,72.02,74.29,1.59,0.06,2.27,1856495.0,0.26,46.42,70.43,-1.46,-57.14,75.5,68.4,2830601.89,59.17,-29299.49,-77.46,0.33,67700.0,205935.0,99.12,65.5,-5.53,-4.89,2026-10-08,False,0,True,0.0,49.0,55551536.0,62773671.0,5.1,9.35,-4.25,-5.37,-0.16,0.39,-0.55,-224560000.0,-2523670000.0,0.02,0.0,0.0,0.0,,2026-Q2,13.76,4.02,30.0,8.0,1503.0,,,0.0,7.0,4.0,1.08,,9.11,4154012949.19,259779372.64,171921562.64,210715458.71,1503.0,0.09,0.15,0.28,0.18,1,9677033293.46,2241852311.41,7435180982.05,2565043340.56,381851123.0,3.32,1455415537.45,-1030982854.84,,424432682.61,2.43,23,9,10,4,Xây dựng và Vật liệu,2300,Công trình Viettel,Tổng Công ty Cổ phần Công trình Viettel,-4.09,0.3,76714000.0,4728620000.0,0.02,0.59,0,False,False,0,,,2026-10-08 11:28
CTS,GAINER,HSX,2026-10-08 11:27,2026-10-08,11:27,20.0,realtime,144100.0,102600.0,41500.0,0.58,20000.0,2800.0,20100.0,11800.0,19950.0,10100.0,20150.0,13300.0,19900.0,15500.0,20200.0,16000.0,12M,20.0,20.86,21.79,28.16,21.8,23.65,-4.27,-4.12,-15.43,34.54,-0.65,-0.07,-0.58,25.65,18.16,19.46,20.95,22.44,0.68,0.18,3.4,-32827281.0,-0.44,4.71,19.87,-3.14,-85.71,22.65,19.2,-69469008.73,-14.32,-56383.96,-73.77,0.38,387600.0,1018765.0,36.49,19.1,-7.19,-10.11,2026-10-08,False,0,True,0.0,49.0,132325544.0,133400020.0,6.14,4.05,2.08,3.9,-0.06,0.44,0.2,-54910000.0,-54910000.0,,0.0,0.0,0.0,,2026-Q2,14.37,1.89,13.0,3.0,-11.0,,,0.0,64.0,21.0,1.3,,13.49,357099001.62,197870077.43,15436425.57,,-11.0,0.01,-0.77,-0.38,-0.91,-1,12247526020.61,2866018854.54,9381507166.07,8302994373.17,0.0,3.27,-1649039897.17,-10137330.3,,-1659177227.47,-2.86,-2,10,-10,-2,Dịch vụ tài chính,8700,Chứng khoán Vietinbank,Công ty Cổ phần Chứng khoán Vietinbank,-4.09,0.3,65300000.0,7718050000.0,0.01,0.59,0,False,False,0,,,2026-10-08 11:28
DBC,GAINER,HSX,2026-10-08 11:27,2026-10-08,11:27,15.65,realtime,107300.0,285300.0,-178000.0,0.27,15600.0,39100.0,15650.0,19100.0,15550.0,39100.0,15700.0,11400.0,15500.0,60400.0,15750.0,62000.0,12M,15.65,15.7,16.3,36.74,16.05,19.48,-3.68,-0.32,-19.66,45.84,-0.31,0.01,-0.32,35.57,31.7,15.03,15.67,16.3,0.37,0.49,2.36,-71138350.0,-0.27,37.14,15.23,-0.11,-64.29,16.7,14.9,-210989366.05,-3.28,148401.89,-42.31,1.99,2317900.0,1165830.0,26.11,14.9,-0.63,-5.15,2026-10-08,False,0,True,0.0,49.0,205972856.0,211212784.0,3.34,0.53,2.81,1.02,0.04,0.22,0.51,-2276575000.0,-2272015000.0,0.1,3.0,3.0,0.0,Nguyễn Thị Thu Hương,2026-Q2,5.67,0.77,14.0,7.0,566.0,,,0.0,15.0,7.0,0.77,,5.81,4252838438.04,653379849.61,289119880.38,317422428.42,566.0,0.03,-0.23,0.11,-0.43,-1,17734348379.64,8521240846.28,9213107533.36,5609854350.4,1631306209.98,1.08,1292366415.77,-1400072951.6,,-107706535.83,0.86,18,15,5,-2,Thực phẩm và đồ uống,3500,Tập đoàn DABACO,Công ty Cổ phần Tập đoàn Dabaco Việt Nam,-4.09,0.3,649555000.0,35984765000.0,0.02,0.59,0,False,False,0,Mua,,2026-10-08 11:28
DCM,GAINER,HSX,2026-10-08 11:27,2026-10-08,11:27,34.55,realtime,20000.0,105100.0,-85100.0,0.16,34550.0,12900.0,34600.0,21200.0,34500.0,61600.0,34650.0,20100.0,34450.0,40100.0,34700.0,54200.0,12M,34.6,33.52,33.08,20.62,32.22,34.71,1.33,3.22,-0.32,59.04,0.44,-0.05,0.49,62.63,41.07,32.09,33.67,35.25,0.97,0.79,2.8,54766324.0,-0.01,67.1,34.15,-1.22,-35.71,35.4,31.9,-55116464.24,-0.97,465692.92,-24.24,0.58,1835700.0,3168725.0,50.01,28.5,1.76,6.46,2026-10-08,False,0,True,0.0,49.0,226078437.0,259406000.0,106.27,24.81,81.45,288.71,0.43,0.78,0.25,1182095000.0,-2792395000.0,0.03,0.0,0.0,0.0,,2026-Q2,6.92,1.58,24.0,14.0,1928.0,,,0.0,28.0,14.0,1.41,,5.88,6706418181.19,2100147665.51,1064685899.93,1185228920.33,1928.0,0.27,0.35,0.11,0.35,1,21832543396.61,11495109218.54,10337434178.07,3565667131.11,24190374.35,0.9,-775841653.06,2590122240.86,,1814280587.8,-0.4,18,18,-10,10,Hóa chất,1300,Đạm Cà Mau,Công ty Cổ phần - Tổng Công ty Phân bón Dầu Khí Cà Mau,-4.09,0.3,3027180000.0,63467260000.0,0.05,0.59,2,False,False,0,,,2026-10-08 11:28
DGW,GAINER,HSX,2026-10-08 11:27,2026-10-08,11:27,47.85,realtime,34900.0,48400.0,-13500.0,0.42,47800.0,7700.0,47850.0,5100.0,47750.0,4600.0,47900.0,8200.0,47700.0,2300.0,47950.0,8700.0,12M,47.8,44.95,42.75,30.13,42.34,41.55,5.15,6.34,15.04,67.33,1.46,0.2,1.26,79.1,80.4,42.33,45.04,47.75,1.72,1.0,3.6,43749338.0,-0.01,64.7,46.51,2.26,42.86,48.9,40.69,19294978.05,-1.8,1191013.88,-17.46,0.32,684400.0,2122593.0,55.29,30.76,6.7,9.21,2026-10-08,False,0,True,0.0,49.0,46201767.0,109524882.0,145.23,41.92,103.31,300.85,-0.45,0.89,3.95,-225435000.0,218925000.0,-0.02,10.0,10.0,0.0,Lê Khả Tú,2026-Q2,12.48,2.82,24.0,8.0,1399.0,,,2.0,10.0,3.0,0.71,,10.42,7273329200.61,943156445.09,309453861.45,382287880.09,1399.0,-0.14,0.55,0.27,1.67,1,12537575462.07,3758752398.44,8778823063.63,3214509038.6,0.0,2.34,-42388528.78,-14167674.59,,-56556203.37,-0.08,4,12,-10,2,Bán lẻ,5300,Thế Giới Số,Công ty Cổ phần Thế Giới Số,-4.09,0.3,6377920000.0,32816990000.0,0.19,0.59,4,False,False,0,Mua,,2026-10-08 11:28
DIG,LOSER,HSX,2026-10-08 11:27,2026-10-08,11:27,9.2,realtime,68200.0,214600.0,-146400.0,0.24,9200.0,800.0,9230.0,3400.0,9190.0,50000.0,9250.0,9600.0,9180.0,6400.0,9260.0,1000.0,12M,9.2,9.63,10.12,26.25,10.1,13.06,-4.84,-4.47,-29.56,35.57,-0.28,-0.04,-0.24,35.01,24.83,8.96,9.7,10.43,0.32,0.16,3.48,-148448098.0,-0.21,36.66,9.16,-3.72,-78.57,10.3,8.71,-343648543.42,-4.19,9690.79,-69.18,0.27,885900.0,3312829.0,23.68,8.71,-6.41,-10.24,2026-10-08,False,0,True,0.0,49.0,392512369.0,413654453.0,13.69,7.29,6.39,11.24,0.09,0.44,0.65,55699000.0,55699000.0,0.01,7.0,1.0,6.0,Nguyễn Hùng Cường,2026-Q2,9.42,0.78,8.0,4.0,0.0,,,0.0,21.0,14.0,1.23,,8.77,592454188.3,41433926.84,139911884.27,144079140.33,0.0,3.1,22.25,1.18,1.1,1,20485596686.69,10173173494.37,10312423192.32,695671800.8,626247495.74,1.01,2167807434.95,171856528.65,,2339663963.6,3.35,35,15,10,10,Bất động sản,8600,DIC Corp,Tổng Công ty Cổ phần Đầu tư Phát triển Xây dựng,-4.09,0.3,213167000.0,8178782000.0,0.03,0.59,1,False,False,0,Mua,,2026-10-08 11:28
DPM,GAINER,HSX,2026-10-08 11:27,2026-10-08,11:27,22.2,realtime,119300.0,126400.0,-7100.0,0.49,22150.0,18300.0,22200.0,25500.0,22100.0,48800.0,22250.0,71200.0,22050.0,37900.0,22300.0,102000.0,12M,22.15,22.3,22.37,17.12,21.4,23.11,-0.31,-0.67,-4.15,47.38,-0.14,-0.13,-0.01,36.3,21.73,21.5,22.5,23.49,0.55,0.33,2.48,32506611.0,-0.24,31.91,22.0,-3.35,-64.29,23.75,21.0,-157987395.24,-11.26,-60716.12,-48.89,0.6,1999000.0,3357190.0,33.52,20.18,-2.42,-1.99,2026-10-08,False,0,True,0.0,50.0,317957299.0,339995380.0,12.02,31.99,-19.97,-10.46,-0.48,0.39,-3.41,-5370875000.0,-4417183000.0,-0.07,0.0,0.0,0.0,,2026-Q2,8.3,1.3,16.0,10.0,1223.0,,,0.0,20.0,9.0,1.88,,8.04,6985757951.11,1664679619.22,905927679.08,1091064919.13,1223.0,0.24,1.25,0.32,1.25,1,18496161490.29,11533439828.85,6962721661.44,3231724900.07,0.0,0.6,-1781033031.79,1802349664.03,,21316632.24,-1.66,16,16,-10,10,Hóa chất,1300,Tổng Công ty Phân bón và Hóa chất Dầu khí,Tổng Công ty Phân bón và Hóa chất Dầu khí - Công ty Cổ phần,-4.09,0.3,4505575000.0,44671420000.0,0.1,0.59,4,False,False,0,,,2026-10-08 11:28
DSE,GAINER,HSX,2026-10-08 11:27,2026-10-08,11:27,21.65,realtime,97600.0,135300.0,-37700.0,0.42,21600.0,43700.0,21650.0,13700.0,21550.0,35300.0,21700.0,24500.0,21500.0,57400.0,21750.0,25300.0,12M,21.65,21.92,22.15,19.54,22.37,22.78,-1.04,-1.23,-4.96,36.86,-0.19,-0.02,-0.17,23.38,18.13,21.39,21.92,22.44,0.28,0.25,1.29,8526703.0,-0.22,17.22,21.65,-0.7,-85.71,22.65,21.35,-3281775.13,-174.58,-14721.51,-76.0,0.54,257100.0,475505.0,26.14,20.45,-1.59,-2.91,2026-10-08,False,0,True,0.0,100.0,384466996.0,428249806.0,1.98,6.87,-4.89,-23.37,-0.08,0.39,0.32,-328725000.0,-46625000.0,-0.09,1.0,0.0,1.0,nan,2026-Q2,34.3,1.7,5.0,2.0,0.0,,,0.0,34.0,13.0,1.6,,37.35,453085814.35,182621627.86,81800782.49,,0.0,0.15,6.22,0.56,0.12,1,15207601983.12,5440246337.41,9767355645.71,8175031660.13,59249344.1,1.79,-4656101036.69,-15565471.96,,-4671666508.65,-17.08,-4,-2,-10,8,Dịch vụ tài chính,8700,Chứng Khoán DNSE,Công ty Cổ phần Chứng khoán DNSE,-4.09,0.3,801270000.0,5562760000.0,0.14,0.59,4,False,False,0,Bán,,2026-10-08 11:28
DXG,LOSER,HSX,2026-10-08 11:27,2026-10-08,11:27,9.74,realtime,44800.0,157000.0,-112200.0,0.22,9740.0,1200.0,9750.0,125600.0,9730.0,300.0,9760.0,37400.0,9720.0,7900.0,9770.0,6000.0,12M,9.75,10.32,10.86,32.81,10.72,12.83,-4.97,-5.52,-24.01,27.02,-0.35,-0.04,-0.32,30.7,25.6,9.64,10.32,10.99,0.34,0.08,3.49,27514735.0,-0.04,10.66,9.78,-1.58,-85.71,11.35,9.3,-78896075.99,-8.63,-505996.74,-70.0,0.19,1704200.0,9006815.0,20.61,9.3,-3.94,-13.33,2026-10-08,False,0,True,0.0,50.0,438849904.0,634926225.0,13.2,26.98,-13.78,-66.42,0.02,0.28,0.93,1625982000.0,3928263000.0,-0.04,4.0,1.0,3.0,nan,2026-Q2,62.43,0.87,1.0,1.0,30.0,,,0.0,49.0,11.0,1.24,,31.82,787617673.14,362517405.02,53076816.28,9130637.45,30.0,-0.42,0.4,0.07,-0.35,-1,39769040832.79,21113456438.94,18655584393.85,2306061584.84,2860772912.87,0.88,1389860909.26,-1062400766.12,,327460143.14,6.02,9,-3,10,2,Bất động sản,8600,Bluemarq Group,Công ty Cổ phần Bluemarq Group,-4.09,0.3,3856045000.0,16630465000.0,0.23,0.59,4,False,False,0,Bán,,2026-10-08 11:28
EIB,LOSER,HSX,2026-10-08 11:27,2026-10-08,11:27,16.35,realtime,209000.0,325900.0,-116900.0,0.39,16350.0,26400.0,16400.0,135500.0,16300.0,208500.0,16450.0,130500.0,16250.0,200200.0,16500.0,200600.0,12M,16.35,16.61,17.24,28.82,17.35,19.97,-3.65,-1.57,-18.13,39.91,-0.18,0.02,-0.2,20.37,26.37,15.89,16.48,17.06,0.36,0.39,2.2,-211734500.0,-0.19,55.84,16.63,0.24,42.86,17.1,15.8,-453002372.98,-3.46,-40626.81,-83.33,0.3,1222800.0,4070350.0,27.4,15.8,-0.91,-2.97,2026-10-08,False,0,True,0.0,29.97,542184506.0,560090574.0,9.5,28.54,-19.04,-40.04,0.14,0.44,-1.58,-517555000.0,-323522575000.0,5.02,0.0,0.0,0.0,,2026-Q2,62.11,1.15,2.0,0.0,0.0,,,0.0,39.0,7.0,0.0,,0.0,1821159000.0,,250491000.0,819384000.0,0.0,0.19,-0.07,-0.07,-0.51,-1,266067927000.0,26487794000.0,239580133000.0,,,9.04,13948657000.0,-402696000.0,0.0,13545961000.0,12.27,7,-5,10,2,Ngân hàng,8300,Eximbank,Ngân hàng Thương mại Cổ phần Xuất nhập khẩu Việt Nam,-4.09,0.3,1168025000.0,20131570000.0,0.06,0.59,2,False,False,0,,,2026-10-08 11:28
EVF,LOSER,HSX,2026-10-08 11:27,2026-10-08,11:27,11.35,realtime,44600.0,167900.0,-123300.0,0.21,11350.0,67900.0,11400.0,43800.0,11300.0,59500.0,11450.0,61300.0,11250.0,49900.0,11500.0,69600.0,12M,11.35,11.6,11.98,30.89,12.12,12.47,-3.17,-2.16,-8.98,34.58,-0.19,0.02,-0.2,25.64,27.14,11.31,11.53,11.76,0.26,0.1,2.29,-22852500.0,0.17,40.15,11.42,0.41,-78.57,11.95,10.9,-123179218.31,3.66,-13692.71,-84.62,0.16,235200.0,1457470.0,15.25,10.6,-2.58,-4.22,2026-10-08,False,0,True,0.0,50.0,378042621.0,380282901.0,3.26,1.72,1.55,6.59,0.02,0.67,-0.06,-1315465000.0,-1315465000.0,-0.24,0.0,0.0,0.0,,2026-Q2,9.0,0.84,10.0,1.0,373.0,,,0.0,87.0,42.0,0.0,,0.0,627496000.0,,289593000.0,544818000.0,373.0,0.29,0.09,0.08,0.2,1,91756291000.0,10414625000.0,81341666000.0,,,7.81,1546431000.0,-107290000.0,-828000.0,1439141000.0,1.73,31,15,10,6,Dịch vụ tài chính,8700,Tài chính Tổng hợp Điện lực,Công ty Tài chính Tổng hợp Cổ phần Điện Lực,-4.09,0.3,64475000.0,2666470000.0,0.02,0.59,1,False,False,0,,,2026-10-08 11:28
FPT,GAINER,HSX,2026-10-08 11:27,2026-10-08,11:27,60.6,realtime,15700.0,81900.0,-66200.0,0.16,60600.0,24500.0,60700.0,61000.0,60500.0,143200.0,60800.0,39200.0,60400.0,173700.0,60900.0,48900.0,12M,60.6,63.25,64.05,29.8,64.53,71.81,-1.25,-4.19,-15.61,34.59,-1.18,-0.61,-0.57,8.66,4.0,59.56,64.21,68.86,1.45,0.11,2.39,-282223222.0,-0.37,14.19,60.7,-5.12,-100.0,68.0,59.7,-499924160.5,-8.72,-2182488.78,-79.01,0.69,3987400.0,5781208.0,97.48,55.91,-7.2,-10.53,2026-10-08,False,0,True,0.0,49.0,353073084.0,840019946.0,292.09,355.14,-65.54,322.79,-8.6,0.44,-31.04,-177974910000.0,88955260000.0,-5.35,0.0,0.0,0.0,,2026-Q2,11.21,2.82,26.0,13.0,1507.0,,,0.0,35.0,17.0,1.52,,9.99,13788503461.2,4279744280.21,2567587014.43,2885709265.08,1507.0,0.1,0.03,-0.17,0.14,1,73563105859.5,40995680808.26,32567425051.24,16368916886.52,2080610610.53,0.79,10136043915.91,-11624743591.63,,-1488699675.72,1.08,26,12,10,4,Công nghệ Thông tin,9500,FPT Corp,Công ty Cổ phần FPT,-4.09,0.3,-22685077100.0,242024200000.0,-0.09,0.59,-4,False,True,-3,,,2026-10-08 11:28
FRT,LOSER,HSX,2026-10-08 11:27,2026-10-08,11:27,150.4,realtime,35900.0,43400.0,-7500.0,0.45,150400.0,2200.0,151100.0,3700.0,150300.0,200.0,151200.0,2500.0,150200.0,200.0,151300.0,3800.0,12M,150.4,142.43,137.57,22.22,135.54,138.06,3.53,5.6,8.94,63.84,3.34,1.13,2.2,88.34,84.49,124.54,139.22,153.9,5.25,0.88,3.49,10086527.0,0.24,88.48,149.9,6.79,85.71,151.0,127.5,23814138.45,15.53,1595165.89,-10.21,0.55,369400.0,666170.0,172.38,100.2,5.92,7.43,2026-10-08,False,0,True,0.0,49.0,27705664.0,87619376.0,184.65,84.84,99.82,67.55,2.5,0.56,16.21,27020000.0,-71346987000.0,0.23,4.0,2.0,2.0,,2026-Q2,23.67,5.61,28.0,5.0,1830.0,,,0.0,20.0,2.0,0.49,,17.82,15626000269.58,3160752657.79,341489101.47,558834559.05,1830.0,0.03,0.19,0.37,1.88,1,27261459573.16,5964413550.24,21297046022.92,13075069438.71,0.0,3.57,2747326553.03,-5263902409.53,,-2516575856.5,3.46,19,5,10,4,Bán lẻ,5300,Bán lẻ FPT,Công ty Cổ phần Bán lẻ Kỹ thuật số FPT,-4.09,0.3,-7328808000.0,56208470000.0,-0.13,0.59,-4,False,False,0,Mua,,2026-10-08 11:28
FTS,GAINER,HSX,2026-10-08 11:27,2026-10-08,11:27,18.05,realtime,49600.0,75700.0,-26100.0,0.4,18000.0,8000.0,18050.0,5100.0,17950.0,5800.0,18100.0,600.0,17900.0,7800.0,18150.0,1200.0,12M,18.05,19.57,20.99,40.62,20.04,24.68,-6.77,-7.77,-26.86,24.52,-0.92,-0.12,-0.8,22.17,16.51,17.79,19.66,21.53,0.67,0.07,3.71,-24950582.0,-0.37,1.79,18.28,-4.6,-85.71,21.7,17.35,-53925810.51,-9.21,-99278.4,-81.82,0.23,146300.0,636615.0,32.55,17.35,-9.98,-15.65,2026-10-08,False,0,True,0.0,100.0,287234731.0,381145750.0,8.75,4.35,4.4,2.58,0.06,0.5,0.74,-56075000.0,28505000.0,-0.0,0.0,0.0,0.0,,2026-Q2,16.33,1.55,10.0,3.0,0.0,,,0.0,46.0,31.0,1.42,,23.64,309465710.18,123044619.84,78047349.72,,0.0,-0.18,-0.51,0.29,0.29,1,14555802815.52,4434343344.97,10121459470.55,9918000000.0,0.0,2.28,-876034905.6,-5653201.31,,-881688106.91,-2.21,-10,6,-10,-6,Dịch vụ tài chính,8700,Chứng khoán FPT,Công ty Cổ phần Chứng khoán FPT,-4.09,0.3,109710000.0,2805960000.0,0.04,0.59,2,False,False,0,,,2026-10-08 11:28
GAS,GAINER,HSX,2026-10-08 11:27,2026-10-08,11:27,81.0,realtime,59200.0,16600.0,42600.0,0.78,80700.0,7900.0,80900.0,11100.0,80600.0,13200.0,81000.0,59900.0,80500.0,800.0,81100.0,3500.0,12M,80.9,81.48,80.14,21.56,87.23,79.14,1.67,-0.71,2.22,48.99,-0.24,-0.78,0.54,20.12,12.59,76.99,82.97,88.95,2.79,0.33,3.45,36876899.0,-0.2,37.95,79.59,-5.37,-71.43,90.38,77.5,-27058793.77,-28.21,-198694.62,-65.66,0.52,770300.0,1476994.0,127.79,54.42,-1.34,-1.59,2026-10-08,False,0,True,0.0,49.0,1131264457.0,1182345380.0,24.02,46.05,-22.03,144.2,-2.02,0.61,-12.42,3867380000.0,15935118000.0,0.04,0.0,0.0,0.0,,2026-Q2,15.31,2.75,19.0,13.0,2389.0,,,0.0,13.0,8.0,2.68,,10.48,43249135951.69,7793394809.4,5860096460.01,7452881966.59,2389.0,0.14,0.99,0.44,0.23,1,102853960066.18,70285731045.34,32568229020.84,1781436962.37,1148324118.2,0.46,13040237870.14,-6468619501.02,,6571618369.12,1.14,24,6,10,8,"Điện, nước & xăng dầu khí đốt",7500,PV Gas,Tổng Công ty Khí Việt Nam - Công ty Cổ phần,-4.09,0.3,13157877500.0,61729030000.0,0.21,0.59,4,True,False,3,,,2026-10-08 11:28
GEE,LOSER,HSX,2026-10-08 11:27,2026-10-08,11:27,68.7,realtime,73800.0,74300.0,-500.0,0.5,68700.0,5900.0,68800.0,1500.0,68600.0,8200.0,69000.0,4200.0,68500.0,57700.0,69100.0,4700.0,12M,68.7,68.75,70.13,23.1,63.38,88.04,-1.97,-0.07,-21.97,50.47,1.12,0.06,1.06,50.45,55.87,58.01,67.76,77.52,3.36,0.55,4.89,23756660.0,0.17,63.63,73.64,0.24,50.0,76.6,56.55,-2753269.33,67.85,835931.61,-53.38,0.18,319700.0,1730468.0,136.63,56.55,-3.1,8.36,2026-10-08,False,0,True,0.0,50.0,314179092.0,320249605.0,20.94,110.54,-89.6,43.3,-1.95,0.5,-20.32,-995340000.0,-3020542000.0,1.31,1.0,1.0,0.0,nan,2026-Q2,12.36,5.47,46.0,20.0,430.0,,,1.0,15.0,12.0,0.9,,14.06,9523911487.01,1366431875.44,709851591.93,1022695922.52,430.0,0.34,0.23,0.46,0.34,1,19561712127.78,8446529304.11,11115182823.67,7613913836.6,852949533.16,1.32,-471841963.67,630675113.05,,158833149.38,-0.14,9,9,-10,10,Hàng & Dịch vụ Công nghiệp,2700,Điện lực Gelex,Công ty Cổ phần Điện lực Gelex,-4.09,0.3,-7789873600.0,22135920000.0,-0.35,0.59,-4,False,False,0,Mua,,2026-10-08 11:28
GEX,LOSER,HSX,2026-10-08 11:27,2026-10-08,11:27,22.25,realtime,27300.0,282700.0,-255400.0,0.09,22250.0,65000.0,22300.0,113900.0,22200.0,149000.0,22350.0,48700.0,22150.0,115400.0,22400.0,37600.0,12M,22.25,23.61,24.54,20.19,24.89,27.28,-3.79,-5.76,-18.44,35.51,-0.52,-0.12,-0.4,11.23,14.51,22.17,23.51,24.85,0.86,0.03,3.87,-27744151.0,-0.45,34.75,23.25,-1.68,-100.0,25.1,22.3,-202765453.02,-56.39,-1177158.11,-96.49,0.33,2638300.0,8113105.0,45.31,19.7,-7.68,-11.18,2026-10-08,False,0,True,0.0,50.0,568765882.0,654235679.0,92.08,122.17,-30.09,57.08,-0.32,0.56,-9.19,25636937000.0,-7839758000.0,0.62,0.0,0.0,0.0,,2026-Q2,21.59,1.5,8.0,2.0,328.0,,,0.0,20.0,7.0,0.86,,9.15,14479994777.08,2974762510.23,540033056.95,1861464205.83,328.0,0.35,1.2,0.43,-0.18,-1,85739822485.6,34468322645.71,51271499839.89,16949073946.16,18371659393.3,1.49,546219639.05,-5016737525.54,,-4470517886.5,0.37,16,6,0,10,Hàng & Dịch vụ Công nghiệp,2700,Tập đoàn Gelex,Công ty Cổ phần Tập đoàn Gelex,-4.09,0.3,-3354244200.0,59153795000.0,-0.06,0.59,-2,False,False,0,,,2026-10-08 11:28
GMD,GAINER,HSX,2026-10-08 11:27,2026-10-08,11:27,54.5,realtime,45500.0,45800.0,-300.0,0.5,54400.0,23300.0,54500.0,28500.0,54300.0,12300.0,54600.0,19200.0,54200.0,26000.0,54700.0,3600.0,12M,54.5,52.08,51.54,19.6,51.31,48.35,1.05,4.65,12.72,69.69,0.53,0.3,0.23,70.74,65.28,49.44,51.66,53.88,1.18,1.0,2.17,65691715.0,-0.08,69.8,53.16,2.42,64.29,55.5,49.0,18522531.26,-7.78,1031152.81,-21.28,0.7,679000.0,967576.0,57.99,36.87,7.14,8.7,2026-10-08,False,0,True,0.0,49.0,42065738.0,212117329.0,267.34,169.82,97.51,61.88,1.63,0.5,16.07,-1223510000.0,-32592625000.0,2.02,19.0,15.0,4.0,nan,2026-Q2,13.57,2.56,19.0,13.0,2539.0,,,0.0,47.0,49.0,2.38,,17.14,1761552524.12,924318158.09,1124150332.63,1597016657.33,2539.0,0.21,1.1,0.18,1.52,1,21219453667.64,15570576482.85,5648877184.79,322806979.28,2196370347.61,0.36,2142022560.79,-3384149772.48,,-1242127211.69,1.22,30,10,10,10,Hàng & Dịch vụ Công nghiệp,2700,Tập đoàn Gemadept,Công ty Cổ phần Tập đoàn Gemadept,-4.09,0.3,-6782170000.0,37388280000.0,-0.18,0.59,-4,False,False,0,Bán,,2026-10-08 11:28
GVR,GAINER,HSX,2026-10-08 11:27,2026-10-08,11:27,34.2,realtime,68000.0,136300.0,-68300.0,0.33,34150.0,15900.0,34200.0,3500.0,34100.0,21900.0,34250.0,10200.0,34050.0,29000.0,34300.0,16800.0,12M,34.2,32.67,32.03,22.99,31.15,32.07,2.0,4.68,6.64,65.97,0.57,0.12,0.45,60.22,51.15,30.24,32.37,34.5,1.08,0.93,3.16,119477292.0,-0.26,63.16,33.88,2.79,50.0,34.9,29.75,-50380152.97,-42.64,727617.1,-22.58,0.51,1426200.0,2820315.0,46.5,24.15,4.27,7.89,2026-10-08,False,0,True,-0.0,0.0,0.0,0.0,0.0,0.01,-0.01,-4.56,-0.0,0.0,0.25,-3070510000.0,12709960000.0,-0.14,0.0,0.0,0.0,,2026-Q2,19.41,2.25,12.0,8.0,547.0,,,0.0,28.0,23.0,3.79,,15.65,7082574526.81,2169969135.92,2163156126.41,1807644910.35,547.0,-0.2,-0.04,0.2,0.5,1,90063050845.96,66781646154.12,23281404691.84,1225413900.23,1372846806.69,0.35,6954349275.35,1408809933.93,,8363159209.28,1.31,9,3,10,-4,Hóa chất,1300,Tập đoàn CN Cao su VN,Tập đoàn Công nghiệp Cao su Việt Nam - Công ty Cổ phần,-4.09,0.3,-370985000.0,49268250000.0,-0.01,0.59,0,False,False,0,,,2026-10-08 11:28
HAG,GAINER,HSX,2026-10-08 11:27,2026-10-08,11:27,14.7,realtime,360900.0,204400.0,156500.0,0.64,14650.0,72500.0,14700.0,57800.0,14600.0,233200.0,14750.0,186500.0,14550.0,144600.0,14800.0,406900.0,12M,14.65,14.29,14.28,24.77,13.85,15.45,0.07,2.52,-5.18,64.5,0.14,0.07,0.07,71.01,72.12,13.49,14.16,14.83,0.29,0.87,1.98,73322800.0,0.54,62.91,14.62,3.25,21.43,14.9,13.25,83978655.95,39.02,397754.29,-21.74,1.37,2925600.0,2141260.0,19.25,13.25,4.64,5.02,2026-10-08,False,0,True,0.0,49.0,599284511.0,621059294.0,14.47,19.06,-4.58,25.93,-0.11,0.56,-2.36,882300000.0,882300000.0,0.0,0.0,0.0,0.0,,2026-Q2,5.32,1.17,24.0,12.0,710.0,,,0.0,37.0,53.0,1.14,,10.15,1254952126.0,651675047.0,900179572.0,-402311708.0,710.0,-0.3,-0.2,-0.46,0.83,1,27973857453.0,17249025451.0,10724832002.0,5374342867.0,3316358595.0,0.62,940458059.0,-3535700817.0,,-2595242758.0,0.44,12,18,0,-6,Thực phẩm và đồ uống,3500,Hoàng Anh Gia Lai,Công ty Cổ phần Hoàng Anh Gia Lai,-4.09,0.3,-2131670000.0,43018470000.0,-0.05,0.59,-2,False,False,0,,,2026-10-08 11:28
HCM,GAINER,HSX,2026-10-08 11:27,2026-10-08,11:27,23.35,realtime,98700.0,44200.0,54500.0,0.69,23400.0,200.0,23450.0,45700.0,23350.0,34300.0,23500.0,138300.0,23300.0,41300.0,23550.0,3800.0,12M,23.4,24.3,24.77,26.44,25.37,22.84,-1.9,-3.7,2.45,37.35,-0.61,-0.15,-0.46,23.16,21.36,22.8,24.46,26.11,0.77,0.18,3.29,168341516.0,-0.09,17.49,23.26,-2.94,-92.86,26.45,22.5,-318122700.38,-1.68,-216075.65,-72.73,0.46,1366900.0,2974205.0,27.35,16.47,-6.77,-11.03,2026-10-08,False,0,True,0.0,49.0,201691997.0,672665265.0,25.78,20.78,5.0,25.4,-0.09,0.33,-0.41,-313430000.0,-1985156000.0,0.03,20.0,19.0,1.0,Thân Thị Thu Dung,2026-Q2,17.39,1.8,10.0,3.0,0.0,,,0.0,38.0,23.0,1.54,,33.1,1235389922.16,459435843.65,273175934.06,,0.0,-0.16,-0.06,0.15,0.42,1,41258918871.49,14639794947.89,26619123923.6,26093231215.32,0.0,1.82,-11715421266.85,-18014332.21,,-11733435599.06,-9.94,-8,6,-10,-4,Dịch vụ tài chính,8700,Chứng khoán HSC,Công ty Cổ phần Chứng khoán Thành phố Hồ Chí Minh,-4.09,0.3,2067375000.0,32923340000.0,0.06,0.59,2,False,False,0,Mua,,2026-10-08 11:28
HDB,LOSER,HSX,2026-10-08 11:27,2026-10-08,11:27,27.85,realtime,237300.0,414800.0,-177500.0,0.36,27800.0,269400.0,27850.0,39200.0,27750.0,155200.0,27900.0,139500.0,27700.0,178200.0,27950.0,120000.0,12M,27.85,27.71,27.29,20.22,26.47,26.56,1.54,0.51,4.86,54.19,0.24,0.01,0.23,59.54,66.57,26.77,27.62,28.47,0.58,0.63,2.08,488760102.0,0.18,56.08,28.19,1.63,-28.57,28.65,26.5,473770664.71,9.44,654617.33,-51.61,0.56,6493300.0,11615180.0,30.0,22.4,0.72,1.46,2026-10-08,False,0,True,0.0,27.0,293060205.0,1351424607.0,322.65,206.28,-2965.43,-2681.57,-48.1,0.5,-444.11,40579875000.0,1505713222000.0,-16.37,1.0,1.0,0.0,nan,2026-Q2,7.22,1.64,24.0,2.0,1110.0,,,0.0,73.0,43.0,0.0,,0.0,12715470000.0,,5555376000.0,9649843000.0,1110.0,0.28,0.17,0.09,0.58,1,1043891774000.0,90224021000.0,953667753000.0,,,10.57,75411390000.0,-122012000.0,7823678000.0,75289378000.0,4.56,36,18,10,8,Ngân hàng,8300,HDBank,Ngân hàng Thương mại Cổ phần Phát Triển Thành phố Hồ Chí Minh,-4.09,0.3,10062490000.0,181699785000.0,0.06,0.59,2,False,False,0,Mua,,2026-10-08 11:28
HDG,LOSER,HSX,2026-10-08 11:27,2026-10-08,11:27,14.65,realtime,80700.0,105600.0,-24900.0,0.43,14600.0,31200.0,14650.0,2200.0,14550.0,74600.0,14700.0,54800.0,14500.0,59500.0,14750.0,36900.0,12M,14.6,15.44,16.36,28.13,15.74,21.13,-5.62,-5.44,-30.9,26.51,-0.48,-0.09,-0.39,15.26,10.39,14.44,15.54,16.63,0.39,0.07,2.67,-44549818.0,-0.56,12.33,14.77,-3.66,-85.71,16.5,14.3,-54161532.51,-18.49,-92701.19,-86.05,0.28,215600.0,782285.0,32.5,14.3,-9.03,-9.6,2026-10-08,False,0,True,0.0,50.0,139348165.0,203478666.0,6.18,3.25,2.93,-1.21,0.13,0.39,0.65,45665000.0,45665000.0,0.06,0.0,0.0,0.0,,2026-Q2,6.38,0.85,14.0,6.0,0.0,,,0.0,72.0,41.0,1.21,,5.67,491579664.75,462215070.01,251483139.85,352954102.86,0.0,-0.28,4.03,-0.17,14.69,1,14421467699.97,8501158556.0,5920309143.96,696456091.91,3676337716.1,0.7,1243479705.95,-587859150.08,,655620555.87,1.61,27,15,10,2,"Điện, nước & xăng dầu khí đốt",7500,Tập đoàn Hà Đô,Công ty Cổ phần Tập đoàn Hà Đô,-4.09,0.3,206139250.0,3146805000.0,0.07,0.59,2,False,False,0,,,2026-10-08 11:28
HHV,GAINER,HSX,2026-10-08 11:27,2026-10-08,11:27,8.95,realtime,170600.0,100000.0,70600.0,0.63,8950.0,2700.0,8960.0,5100.0,8940.0,4700.0,8970.0,5500.0,8930.0,14400.0,8980.0,7300.0,12M,8.95,9.19,9.62,42.66,9.4,11.06,-4.47,-2.61,-19.08,32.01,-0.25,0.0,-0.25,25.62,17.84,8.74,9.16,9.58,0.18,0.25,2.01,-147487242.0,-0.48,25.31,8.84,-0.8,-92.86,9.89,8.72,-304828851.67,-7.05,-49167.34,-71.25,0.37,778500.0,2117730.0,15.16,8.72,-2.19,-8.86,2026-10-08,False,0,True,0.0,49.0,221661985.0,281510825.0,9.68,20.02,-10.35,-1.01,-0.12,0.44,-2.01,8505000.0,8505000.0,0.0,2.0,1.0,1.0,nan,2026-Q2,7.65,0.45,6.0,2.0,262.0,,,0.0,45.0,18.0,0.67,,11.03,970266571.98,440928400.79,144924593.56,198464998.88,262.0,0.07,-0.19,0.02,0.11,1,41115938743.37,13038055882.24,28077882861.13,785794747.38,17089100447.72,2.15,1828883045.29,-1395614000.97,,433269044.32,3.15,23,15,10,-2,Xây dựng và Vật liệu,2300,Đầu tư Hạ tầng Giao thông Đèo Cả,Công ty Cổ phần Đầu tư Hạ tầng Giao thông Đèo Cả,-4.09,0.3,-1198493000.0,6974551000.0,-0.17,0.59,-4,False,False,0,Mua,,2026-10-08 11:28
HPG,GAINER,HSX,2026-10-08 11:27,2026-10-08,11:27,20.35,realtime,48000.0,312400.0,-264400.0,0.13,20350.0,222300.0,20400.0,293400.0,20300.0,576000.0,20450.0,322300.0,20250.0,563900.0,20500.0,851800.0,12M,20.35,20.7,21.29,28.52,21.01,22.9,-2.77,-1.69,-11.14,40.31,-0.34,-0.0,-0.34,40.0,40.0,19.81,20.72,21.62,0.39,0.3,1.92,-489659186.0,-0.24,19.16,20.12,-0.55,-64.29,22.05,19.6,-1658820671.25,-5.41,211003.63,-62.5,0.38,6825000.0,18127265.0,26.51,19.6,-2.16,-6.86,2026-10-08,False,0,True,0.0,49.0,2312539707.0,4137052614.0,259.57,171.45,88.12,-225.12,2.65,0.28,30.13,56187905000.0,75977767000.0,0.01,2.0,1.0,1.0,Trần Vũ Minh,2026-Q2,7.4,1.22,17.0,9.0,1781.0,,,0.0,16.0,12.0,0.61,,7.16,55158902298.9,10487787193.43,6371019004.56,7155004358.41,1781.0,0.04,-0.29,0.54,0.5,1,278929786247.77,141516026790.7,137413759457.07,71433383400.9,27096593831.65,0.97,17365859056.59,-25814392868.7,,-8448533812.11,1.12,24,16,10,-2,Tài nguyên Cơ bản,1700,Hòa Phát,Công ty Cổ phần Tập đoàn Hòa Phát,-4.09,0.3,24796584500.0,139333120000.0,0.18,0.59,4,True,False,3,Mua,,2026-10-08 11:28
HSG,GAINER,HSX,2026-10-08 11:27,2026-10-08,11:27,10.0,realtime,374900.0,156700.0,218200.0,0.71,9990.0,17900.0,10000.0,153400.0,9980.0,59900.0,10050.0,20500.0,9970.0,75500.0,10100.0,50400.0,12M,9.99,10.12,10.45,25.67,10.41,11.5,-3.16,-1.28,-13.13,37.1,-0.15,0.02,-0.17,36.26,37.02,9.9,10.05,10.2,0.18,0.29,1.8,-100992987.0,-0.35,27.99,9.96,0.84,7.14,10.6,9.78,-134967724.63,-11.55,-17213.05,-63.16,0.4,814500.0,2058010.0,14.61,9.7,-0.1,-4.86,2026-10-08,False,0,True,0.0,49.0,370402654.0,395558724.0,4.0,5.95,-1.95,-6.07,0.0,0.44,-0.05,1025552000.0,192612000.0,0.02,0.0,0.0,0.0,,2026-Q2,12.28,0.68,6.0,3.0,0.0,,,0.0,13.0,2.0,0.48,,7.74,9993257179.47,1526177750.94,382146990.38,419665971.46,0.0,0.11,2.09,0.05,0.4,1,22214609238.35,11871669014.58,10342940223.76,7251596097.88,0.0,0.87,2722252066.83,-2784143810.76,,-61891743.93,4.33,30,12,10,8,Tài nguyên Cơ bản,1700,Tập đoàn Hoa Sen,Công ty Cổ phần Tập đoàn Hoa Sen,-4.09,0.3,-29979000.0,8139611000.0,-0.0,0.59,0,False,False,0,,,2026-10-08 11:28
HT1,LOSER,HSX,2026-10-08 11:27,2026-10-08,11:27,12.6,realtime,18600.0,111100.0,-92500.0,0.14,12600.0,2800.0,12650.0,4500.0,12550.0,12000.0,12700.0,8400.0,12500.0,6400.0,12750.0,22000.0,12M,12.6,12.14,12.26,22.71,11.72,13.8,-0.98,3.79,-8.7,62.96,0.06,0.1,-0.04,80.33,66.91,11.39,12.01,12.62,0.34,0.98,2.7,-8493883.0,-0.26,63.66,12.32,3.33,92.86,12.65,11.58,-13040387.76,-14.1,11763.19,-24.0,0.7,220800.0,315704.0,20.44,11.14,6.78,7.42,2026-10-08,False,0,True,-0.0,0.0,0.0,0.0,0.0,0.01,-0.01,5.42,-0.05,0.28,-0.3,,,,0.0,0.0,0.0,,2026-Q2,12.48,0.94,8.0,5.0,362.0,,,0.0,14.0,5.0,0.45,,4.03,2260996875.88,324067349.35,138226368.75,172981473.69,362.0,0.22,0.78,0.17,0.23,1,7677021535.38,5153250485.87,2523771049.51,364614031.71,32881851.34,0.49,796888917.0,-195623907.17,,601265009.83,2.91,32,12,10,10,Xây dựng và Vật liệu,2300,VICEM Hà Tiên,Công ty Cổ phần Xi măng VICEM Hà Tiên,-4.09,0.3,-726575000.0,2824375000.0,-0.26,0.59,-4,False,False,0,,,2026-10-08 11:28
KBC,LOSER,HSX,2026-10-08 11:27,2026-10-08,11:27,25.1,realtime,30500.0,120100.0,-89600.0,0.2,25000.0,162900.0,25100.0,9000.0,24950.0,20700.0,25150.0,4000.0,24900.0,47200.0,25200.0,1000.0,12M,25.0,25.73,26.72,36.78,26.14,30.49,-3.71,-2.84,-18.01,24.11,-0.53,-0.02,-0.51,43.11,31.6,24.8,25.73,26.66,0.5,0.11,2.0,-33578900.0,0.19,22.6,25.0,-1.41,-78.57,27.0,24.15,-4115000.66,54.04,-66603.22,-60.47,0.25,324600.0,1305075.0,38.2,24.15,-3.85,-7.41,2026-10-08,False,0,True,0.0,49.0,403537699.0,461459831.0,8.76,56.87,-48.11,-182.54,0.58,0.17,0.52,-139385000.0,-642825000.0,0.03,2.0,2.0,0.0,nan,2026-Q2,20.73,0.95,5.0,2.0,8.0,,,0.0,45.0,25.0,1.86,,31.58,588713992.71,199881704.46,7169936.99,225058971.75,8.0,-0.56,-0.97,0.02,-0.98,-1,74071580845.78,26969980679.86,47101600165.92,3718329927.96,28958314957.38,1.75,-17343896115.03,-3575099893.77,,-20918996008.8,-8.24,-8,8,-10,-6,Bất động sản,8600,TCT Đô thị Kinh Bắc,Tổng Công ty Phát triển Đô thị Kinh Bắc - CTCP,-4.09,0.3,-423480000.0,9634120000.0,-0.04,0.59,-2,False,False,0,Mua,,2026-10-08 11:28
KDC,LOSER,HSX,2026-10-08 11:27,2026-10-08,11:27,50.6,realtime,12900.0,20000.0,-7100.0,0.39,50500.0,1300.0,50700.0,700.0,50400.0,6400.0,50800.0,5600.0,50300.0,9600.0,50900.0,4000.0,12M,50.6,50.97,50.94,42.32,49.48,50.51,0.06,-0.73,0.18,32.6,-0.16,-0.04,-0.12,42.68,44.43,50.58,50.98,51.38,0.68,0.03,1.34,-3708557.0,0.69,21.38,50.66,-0.17,-85.71,51.8,50.2,32806011.4,4.38,-2273.92,-63.64,0.33,33000.0,100730.0,53.22,38.7,-0.78,-1.75,2026-10-08,False,0,True,0.0,50.0,106906696.0,144903158.0,0.68,2.23,-1.55,-4.48,0.01,0.44,-0.06,35620000.0,35620000.0,,3.0,1.0,2.0,nan,2026-Q2,26.35,2.43,8.0,4.0,196.0,,,0.0,20.0,7.0,0.7,,39.87,1863548480.94,408035778.05,53380964.63,92607010.91,196.0,-0.25,3.07,-0.07,-0.48,-1,12828015310.71,6251995750.49,6576019560.22,3515929466.93,317122888.84,1.05,86177087.32,599783241.61,,685960328.92,0.16,-3,-5,0,2,Thực phẩm và đồ uống,3500,Tập đoàn KIDO,Công ty Cổ phần Tập đoàn KIDO,-4.09,0.3,298250000.0,1665260000.0,0.18,0.59,4,False,False,0,Bán,,2026-10-08 11:28
KDH,LOSER,HSX,2026-10-08 11:27,2026-10-08,11:27,13.4,realtime,127700.0,103600.0,24100.0,0.55,13400.0,300.0,13450.0,32100.0,13350.0,97000.0,13500.0,81900.0,13300.0,80000.0,13550.0,22500.0,12M,13.4,14.17,15.36,43.26,14.56,21.15,-7.75,-5.43,-36.64,25.01,-0.57,0.0,-0.57,14.22,13.18,13.31,14.05,14.79,0.39,0.06,2.91,-82228669.0,-0.28,35.14,13.55,-0.81,-78.57,15.5,13.27,-174550014.86,-14.67,-304066.4,-91.33,0.22,915800.0,4105429.0,33.14,13.27,-6.1,-13.27,2026-10-08,False,0,True,0.0,50.0,293840942.0,561107449.0,48.47,25.36,23.11,12.74,1.17,0.61,3.91,-3630935000.0,18976054000.0,-0.48,19.0,19.0,0.0,Lý Điền Sơn,2026-Q2,9.51,0.9,10.0,5.0,-145.0,,,0.0,69.0,72.0,1.69,,18.62,160642563.0,81011432.0,751622037.0,824925064.0,-145.0,-0.43,1.67,-0.85,2.78,1,39481210540.0,19975515450.0,19505695090.0,2223419742.0,14435537092.0,0.98,-2024212189.0,-1722556504.0,,-3746768693.0,-1.94,7,15,-10,2,Bất động sản,8600,Nhà Khang Điền,Công ty Cổ phần Đầu tư và Kinh doanh nhà Khang Điền,-4.09,0.3,-3841450000.0,12383710000.0,-0.31,0.59,-4,False,False,0,Mua,,2026-10-08 11:28
KOS,LOSER,HSX,2026-10-08 11:27,2026-10-08,11:27,11.1,realtime,29700.0,0.0,29700.0,1.0,,0.0,11100.0,52296600.0,0.0,0.0,11150.0,2000.0,0.0,0.0,11900.0,1087300.0,12M,11.1,20.53,27.28,90.91,14.8,34.54,-24.74,-45.93,-67.86,1.43,-5.6,-1.01,-4.59,0.0,0.0,6.94,22.51,38.08,1.23,0.13,11.08,18983500.0,-0.35,0.0,9.79,-44.73,-100.0,33.85,11.9,5480662.67,-11.65,-52565.45,-100.0,0.3,30900.0,103690.0,40.2,11.1,-50.78,-66.92,2026-10-08,False,0,True,0.0,49.0,105866994.0,106075854.0,0.0,0.0,0.0,-1.06,0.02,0.11,0.06,-9091500000.0,-9091500000.0,,7.0,0.0,7.0,Nguyễn Việt Cường,2026-Q2,93.9,1.1,1.0,1.0,0.0,,,0.0,12.0,2.0,0.5,,20.84,465694565.52,68132346.18,12767511.31,26012625.64,0.0,0.81,3.81,0.07,1.95,1,5078412133.88,2352814880.45,2725597253.43,878313644.04,1119424064.06,1.16,-22136395.26,-13176998.33,,-35313393.59,-1.17,-5,-5,-10,10,Bất động sản,8600,Công ty KOSY,Công ty Cổ phần KOSY,-4.09,0.3,0.0,342990000.0,0.0,0.59,0,False,False,0,Bán,,2026-10-08 11:28
LPB,GAINER,HSX,2026-10-08 11:27,2026-10-08,11:27,42.25,realtime,80800.0,57400.0,23400.0,0.58,42150.0,14000.0,42250.0,11300.0,42100.0,23300.0,42300.0,8400.0,42050.0,14500.0,42350.0,11100.0,12M,42.2,44.82,47.34,35.47,45.96,46.33,-5.32,-5.85,-8.91,37.82,-1.88,-0.17,-1.71,30.8,30.32,40.64,45.05,49.47,1.65,0.18,3.91,6938076.0,-0.23,27.89,42.04,-4.62,-71.43,48.55,40.2,-75117678.37,-13.83,-541052.05,-74.68,0.29,607400.0,2117715.0,58.5,37.33,-9.05,-12.36,2026-10-08,False,0,True,0.0,5.0,103646277.0,149364105.0,107.53,97.69,9.83,17.36,-0.22,0.44,1.0,48584499000.0,-200936902000.0,0.13,1.0,1.0,0.0,Phạm Thu Hương,2026-Q2,11.11,2.92,25.0,2.0,844.0,,,0.0,70.0,48.0,0.0,,0.0,6058192000.0,,2520662000.0,3924134000.0,844.0,0.18,0.11,0.23,0.05,1,615502468000.0,43030481000.0,572471987000.0,,,13.3,56241284000.0,-1043171000.0,-7468205000.0,55198113000.0,4.92,28,12,10,6,Ngân hàng,8300,LPBank,Ngân hàng Thương mại Cổ phần Lộc Phát Việt Nam,-4.09,0.3,4052640000.0,25615730000.0,0.16,0.59,4,False,False,0,Mua,,2026-10-08 11:28
MBB,GAINER,HSX,2026-10-08 11:27,2026-10-08,11:27,19.1,realtime,257600.0,16300.0,241300.0,0.94,19050.0,237400.0,19100.0,131500.0,19000.0,883300.0,19150.0,470700.0,18950.0,820700.0,19200.0,1040500.0,12M,19.05,19.63,19.87,24.94,19.97,20.29,-1.21,-2.95,-6.11,34.25,-0.28,-0.09,-0.19,16.37,12.23,18.88,19.72,20.56,0.32,0.1,1.68,5252475.0,-0.15,18.26,19.18,-2.69,-85.71,20.6,18.85,-889424510.85,-4.12,-696224.22,-85.19,0.37,4239600.0,11551700.0,23.63,17.78,-4.03,-5.22,2026-10-08,False,0,True,0.0,23.24,94079662.0,2152325376.0,246.61,206.21,40.41,327.75,-5.34,0.44,-10.13,44059705000.0,-77491610000.0,1.03,20.0,19.0,1.0,Nguyễn Thị Thủy,2026-Q2,5.9,1.22,21.0,2.0,0.0,,,0.0,72.0,41.0,0.0,,0.0,20434314000.0,,8229062000.0,14806955000.0,0.0,0.17,0.09,0.18,0.4,1,1733012662000.0,156762644000.0,1576250018000.0,,,10.05,137357399000.0,904900000.0,3957417000.0,138262299000.0,5.13,32,18,10,4,Ngân hàng,8300,MBBank,Ngân hàng Thương mại Cổ phần Quân đội,-4.09,0.3,17417893200.0,81615975000.0,0.21,0.59,4,True,False,3,Bán,,2026-10-08 11:28
MCH,LOSER,HSX,2026-10-08 11:27,2026-10-08,11:27,142.6,realtime,28600.0,44700.0,-16100.0,0.39,142600.0,500.0,142900.0,3000.0,142500.0,8800.0,143000.0,100.0,142400.0,6800.0,143200.0,800.0,12M,142.6,140.95,139.62,20.54,145.06,143.2,0.95,1.17,-0.42,58.55,0.22,-0.01,0.23,64.91,52.59,137.33,141.53,145.72,2.46,0.63,1.73,15516880.0,0.27,54.7,139.81,-0.14,-50.0,145.9,136.1,22418028.73,16.9,146035.06,-22.62,0.32,190300.0,598875.0,184.42,100.23,0.64,0.42,2026-10-08,False,0,True,0.0,100.0,1097786615.0,1307404949.0,60.01,39.33,20.67,584.16,-5.56,0.67,-28.32,-349822770000.0,-515801060000.0,-3.99,3.0,3.0,0.0,nan,2026-Q2,26.32,9.92,40.0,21.0,1137.0,,,1.0,46.0,22.0,1.0,,23.34,7165021966.51,3193066669.95,1471437299.06,1742657161.13,1137.0,-0.15,-0.17,0.14,0.11,1,33634291927.5,19305249611.1,14329042316.4,6556464010.89,2394489214.03,0.74,2132330611.64,1091485785.81,,3223816397.44,0.32,-9,-3,0,-6,Thực phẩm và đồ uống,3500,Hàng Tiêu Dùng MaSan,Công ty Cổ phần Hàng Tiêu Dùng MaSan,-4.09,0.3,10747130000.0,27351030000.0,0.39,0.59,4,True,False,3,Mua,,2026-10-08 11:28
MSB,GAINER,HSX,2026-10-08 11:27,2026-10-08,11:27,14.75,realtime,244500.0,995600.0,-751100.0,0.2,14700.0,305000.0,14750.0,161200.0,14650.0,233500.0,14800.0,1220900.0,14600.0,246900.0,14850.0,1379800.0,12M,14.75,13.92,13.51,35.52,13.56,11.9,3.03,5.96,23.95,72.03,0.35,0.09,0.26,95.31,86.21,12.41,13.73,15.05,0.35,0.89,2.37,412938959.0,0.13,73.47,14.71,3.94,100.0,14.75,12.65,231734904.19,12.09,2014217.88,-2.78,0.37,3576800.0,9573801.0,14.8,9.0,3.51,13.9,2026-10-08,False,0,True,0.0,30.0,863099540.0,1123200000.0,14.4,117.17,-155.27,-172.09,-2.54,0.44,-21.49,-10784185000.0,-131689545000.0,0.51,3.0,1.0,2.0,Lê Cẩm Thúy,2026-Q2,9.31,1.21,14.0,1.0,401.0,,,0.0,64.0,41.0,0.0,,0.0,3394998000.0,,1250603000.0,2070249000.0,401.0,-0.07,-0.17,-0.04,0.01,1,440998586000.0,45246509000.0,395752077000.0,,,8.75,11693308000.0,-170104000.0,0.0,11523204000.0,2.08,19,13,10,-4,Ngân hàng,8300,MSB Bank,Ngân hàng Thương mại Cổ phần Hàng Hải Việt Nam,-4.09,0.3,-9387760000.0,52643955000.0,-0.18,0.59,-4,False,False,0,Bán,,2026-10-08 11:28
MSN,LOSER,HSX,2026-10-08 11:27,2026-10-08,11:27,74.8,realtime,27300.0,110200.0,-82900.0,0.2,74700.0,16200.0,74800.0,700.0,74600.0,48500.0,74900.0,14300.0,74500.0,78300.0,75000.0,15300.0,12M,74.7,70.61,69.65,20.01,69.48,73.4,1.38,5.79,1.77,69.89,1.33,0.57,0.75,86.02,80.72,65.09,69.75,74.4,1.84,1.0,2.46,-27928700.0,-0.01,80.14,73.16,4.77,92.86,76.1,65.3,-171937768.89,-0.52,7570816.36,-15.56,0.53,2842500.0,5413580.0,94.0,61.7,5.51,8.73,2026-10-08,False,0,True,0.0,100.0,1161989179.0,1534951081.0,469.48,391.29,78.19,374.08,0.19,0.61,-5.14,59246260000.0,56948650000.0,0.5,0.0,0.0,0.0,,2026-Q2,16.25,2.74,19.0,5.0,2056.0,,,0.0,32.0,10.0,0.52,,12.0,28117678000.0,8910850000.0,3125168000.0,4193525000.0,2056.0,0.17,1.51,0.54,2.03,1,142957455000.0,49567025000.0,93390430000.0,28139880000.0,41000046000.0,1.88,1369570000.0,16898880000.0,,18268450000.0,0.33,14,6,0,8,Thực phẩm và đồ uống,3500,Tập đoàn Masan,Công ty Cổ phần Tập đoàn Masan,-4.09,0.3,16314050000.0,214363260000.0,0.08,0.59,2,False,False,0,,,2026-10-08 11:28
MWG,LOSER,HSX,2026-10-08 11:27,2026-10-08,11:27,76.2,realtime,85500.0,122900.0,-37400.0,0.41,76100.0,35300.0,76200.0,2500.0,76000.0,76900.0,76300.0,41500.0,75900.0,40700.0,76400.0,39100.0,12M,76.2,72.89,72.59,17.39,71.55,76.97,0.41,4.54,-1.0,64.82,0.89,0.59,0.3,89.54,89.85,68.23,72.09,75.95,1.7,1.0,2.23,7024071.0,0.22,81.51,74.62,4.23,92.86,77.1,67.69,177689754.36,7.72,2842813.79,-15.19,0.53,1536300.0,2911328.0,91.73,60.73,5.92,5.92,2026-10-08,False,0,True,0.0,49.0,12068.0,723747294.0,0.94,1.67,-0.73,-0.96,-0.01,0.28,-0.09,97710277000.0,13744836000.0,2.28,4.0,2.0,2.0,nan,2026-Q2,11.54,3.17,29.0,11.0,2249.0,,,0.0,21.0,6.0,0.98,,11.65,48751283551.96,10809210072.11,3302546974.01,4034437503.93,2249.0,0.05,0.22,0.3,1.0,1,104914963643.07,36351326250.44,68563637392.63,29089559736.15,0.0,1.89,6096140690.22,-6660775391.57,,-564634701.36,0.87,20,9,5,6,Bán lẻ,5300,Thế giới di động,Công ty Cổ phần Đầu tư Thế Giới Di Động,-4.09,0.3,874675200.0,117613990000.0,0.01,0.59,0,False,False,0,Bán,,2026-10-08 11:28
NAB,GAINER,HSX,2026-10-08 11:27,2026-10-08,11:27,12.7,realtime,160600.0,41300.0,119300.0,0.8,12650.0,6800.0,12700.0,6000.0,12600.0,24100.0,12750.0,30900.0,12550.0,67300.0,12800.0,46500.0,12M,12.7,12.26,12.09,28.59,11.72,11.93,1.41,3.59,6.45,65.47,0.25,0.07,0.18,76.19,82.1,11.18,12.14,13.1,0.32,0.79,2.52,13043983.0,0.16,58.54,12.86,3.05,71.43,13.1,11.0,11799728.1,95.91,199694.86,-28.57,0.42,787000.0,1887085.0,13.5,10.08,5.83,12.89,2026-10-08,False,0,True,0.0,30.0,627295757.0,647646684.0,10.2,17.75,-7.55,-11.33,-0.14,0.39,-0.88,11577140000.0,-106062375000.0,2.75,0.0,0.0,0.0,,2026-Q2,5.65,1.02,19.0,1.0,1224.0,,,0.0,63.0,40.0,0.0,,0.0,2836446000.0,,1209825000.0,1654790000.0,1224.0,0.23,-0.08,0.05,0.17,1,451517264000.0,25892493000.0,425624771000.0,,,16.44,118612421000.0,-808859000.0,-159000.0,117803562000.0,28.36,30,16,10,4,Ngân hàng,8300,Ngân hàng Nam Á,Ngân hàng Thương mại Cổ phần Nam Á,-4.09,0.3,-1038680000.0,9980635000.0,-0.1,0.59,-4,False,False,0,,,2026-10-08 11:28
NKG,GAINER,HSX,2026-10-08 11:27,2026-10-08,11:27,9.34,realtime,173100.0,71500.0,101600.0,0.71,9320.0,6600.0,9350.0,11200.0,9310.0,8600.0,9360.0,15100.0,9300.0,66200.0,9370.0,5300.0,12M,9.32,9.73,10.33,46.55,9.98,12.19,-5.81,-4.21,-23.54,30.13,-0.34,-0.0,-0.34,23.86,24.72,9.11,9.71,10.31,0.28,0.18,3.0,-75307212.0,-0.45,30.59,9.24,-1.18,-100.0,10.7,9.12,-204164588.39,-7.97,-44409.85,-74.29,0.46,768800.0,1668905.0,16.5,9.05,-3.92,-12.49,2026-10-08,False,0,True,0.0,50.0,224689662.0,246161980.0,7.7,7.64,0.07,-20.22,0.16,0.33,1.14,-5312000.0,-5312000.0,,1.0,1.0,0.0,Nguyễn Vinh An,2026-Q2,27.52,0.6,2.0,1.0,0.0,,,0.0,5.0,1.0,0.63,,20.7,4150210734.7,437074910.0,104125637.75,162921469.9,0.0,0.27,3.66,0.09,0.14,1,18387807556.5,7651158879.38,10736648677.12,6293704349.48,2260678049.67,1.4,1326940472.26,-3028797609.17,,-1701857136.91,6.73,17,-3,10,10,Tài nguyên Cơ bản,1700,Thép Nam Kim,Công ty Cổ phần Thép Nam Kim,-4.09,0.3,-879218000.0,7182090000.0,-0.12,0.59,-4,False,False,0,Mua,,2026-10-08 11:28
NLG,GAINER,HSX,2026-10-08 11:27,2026-10-08,11:27,22.0,realtime,127400.0,77200.0,50200.0,0.62,22050.0,5800.0,22100.0,700.0,22000.0,6500.0,22150.0,6700.0,21950.0,17000.0,22200.0,18400.0,12M,22.1,22.57,23.29,30.53,23.51,26.92,-3.09,-2.08,-17.9,40.93,-0.59,-0.1,-0.49,14.06,11.98,20.69,22.8,24.9,0.61,0.33,2.76,-39957916.0,-0.27,27.38,21.23,-2.02,-57.14,25.25,21.3,-57219297.9,-18.65,-161639.17,-75.0,0.13,222100.0,1726515.0,39.39,19.15,-3.07,-10.89,2026-10-08,False,0,True,0.0,50.0,68599415.0,242548691.0,22.19,35.11,-12.92,-131.07,0.42,0.11,4.7,-14662870000.0,-16934660000.0,-0.24,1.0,1.0,0.0,Nguyễn Hiệp,2026-Q2,15.41,0.84,5.0,2.0,109.0,,,0.0,42.0,17.0,1.48,,13.29,415142651.11,236820552.9,55206070.97,87772397.65,109.0,-0.68,-0.19,-0.46,-0.44,-1,25475548019.16,14544291089.32,10931256929.84,914693890.1,4280977916.66,0.75,-872640359.0,970347485.49,,97707126.5,-1.24,-8,8,-10,-6,Bất động sản,8600,BĐS Nam Long,Công ty Cổ phần Đầu tư Nam Long,-4.09,0.3,1150975000.0,4900395000.0,0.23,0.59,4,False,False,0,Mua,,2026-10-08 11:28
NT2,GAINER,HSX,2026-10-08 11:27,2026-10-08,11:27,23.0,realtime,113000.0,106900.0,6100.0,0.51,22950.0,26400.0,23000.0,400.0,22900.0,157500.0,23050.0,10700.0,22850.0,79000.0,23100.0,23100.0,12M,22.95,21.57,21.45,25.75,21.31,23.13,0.56,6.4,-0.78,70.99,0.4,0.21,0.19,86.21,81.01,19.68,21.25,22.83,0.47,1.0,2.05,8257616.0,0.27,75.9,22.44,4.95,92.86,22.65,20.2,-12716178.01,22.44,345371.06,-5.77,1.86,1234000.0,662725.0,29.45,20.2,9.81,10.34,2026-10-08,False,0,True,0.0,49.0,114022437.0,141059254.0,13.44,12.12,1.32,-2.62,0.16,0.44,0.41,-291250000.0,-9309130000.0,0.11,0.0,0.0,0.0,,2026-Q2,5.17,1.3,26.0,13.0,1056.0,,,0.0,15.0,13.0,1.63,,5.11,2824544836.48,357507955.6,307764848.23,384113392.32,1056.0,0.3,0.71,0.36,-0.06,-1,10665360113.89,5002753482.88,5662606631.01,1661112397.93,0.0,1.13,1003204721.26,-1372319107.94,,-369114386.68,0.89,33,18,5,10,"Điện, nước & xăng dầu khí đốt",7500,Điện lực Nhơn Trạch 2,Công ty Cổ phần Điện lực Dầu khí Nhơn Trạch 2,-4.09,0.3,-528275000.0,28280240000.0,-0.02,0.59,0,False,False,0,,,2026-10-08 11:28
NVL,LOSER,HSX,2026-10-08 11:27,2026-10-08,11:27,10.25,realtime,956400.0,591700.0,364700.0,0.62,10200.0,321200.0,10250.0,217400.0,10150.0,694800.0,10300.0,1384800.0,10100.0,1541300.0,10350.0,215400.0,12M,10.2,11.23,12.05,36.9,11.58,12.78,-6.8,-9.17,-20.19,25.26,-0.67,-0.11,-0.57,20.0,22.7,9.54,11.4,13.26,0.46,0.18,4.51,-49046950.0,0.2,18.66,10.11,-6.89,-50.0,13.1,9.6,-205829932.75,30.36,-1829312.94,-82.86,0.24,5365500.0,22488417.0,19.39,9.23,-15.77,-20.06,2026-10-08,False,0,True,0.0,49.0,1088946800.0,1177013306.0,32.87,101.07,-68.21,47.62,-3.18,0.33,-16.29,93833000.0,93833000.0,,2.0,0.0,2.0,nan,2026-Q2,5.61,0.58,9.0,2.0,375.0,,,0.0,65.0,52.0,0.55,,25.62,1509144123.23,391913920.02,968882092.21,1220019713.98,375.0,-0.58,0.08,-0.22,7.03,1,258658019926.51,65237918524.07,193420101402.44,30482394449.16,42428586834.61,2.96,-6145392030.0,266367225.19,,-5879024804.81,-3.52,3,15,-10,-2,Bất động sản,8600,Novaland,Công ty Cổ phần Tập đoàn Đầu tư Địa ốc No Va,-4.09,0.3,-3323935000.0,54949005000.0,-0.06,0.59,-2,False,False,0,Bán,,2026-10-08 11:28
OCB,LOSER,HSX,2026-10-08 11:27,2026-10-08,11:27,9.98,realtime,138000.0,328500.0,-190500.0,0.3,9970.0,274200.0,9990.0,56300.0,9960.0,133400.0,10000.0,78500.0,9950.0,35100.0,10050.0,82300.0,12M,9.97,10.2,10.38,29.43,10.39,10.39,-1.73,-2.25,-4.04,33.68,-0.15,-0.02,-0.13,9.31,10.36,9.87,10.21,10.55,0.15,0.14,1.5,6160369.0,-0.17,13.61,10.01,-1.94,-78.57,10.6,9.92,-16838805.48,-32.35,-39197.19,-92.65,0.41,511900.0,1250615.0,11.96,9.04,-3.2,-2.25,2026-10-08,False,0,True,0.0,22.0,87627587.0,673752227.0,0.46,11.57,-11.11,-11.91,-0.12,0.39,-1.56,931396000.0,-894210000.0,0.02,0.0,0.0,0.0,,2026-Q2,6.85,0.85,13.0,1.0,0.0,,,0.0,66.0,35.0,0.0,,0.0,3205362002.18,,972933237.07,2151161142.21,0.0,0.18,-0.0,0.21,0.23,1,351741185154.31,35821888904.8,315919296249.52,,,8.82,17111680373.6,-490228459.5,-1714049094.0,16621451914.1,4.27,27,15,10,2,Ngân hàng,8300,Ngân hàng Phương Đông,Ngân hàng Thương mại Cổ phần Phương Đông,-4.09,0.3,-470898000.0,5108123000.0,-0.09,0.59,-4,False,False,0,,,2026-10-08 11:28
PAN,GAINER,HSX,2026-10-08 11:27,2026-10-08,11:27,19.2,realtime,101800.0,73300.0,28500.0,0.58,19200.0,14800.0,19250.0,39000.0,19150.0,14200.0,19300.0,27100.0,19100.0,23700.0,19350.0,35000.0,12M,19.2,18.7,19.45,33.01,17.48,21.49,-3.86,2.67,-10.66,57.25,-0.18,0.15,-0.32,68.78,68.71,17.98,18.49,19.01,0.51,1.0,2.66,13931757.0,0.05,47.18,18.66,2.21,50.0,19.05,17.8,-6501105.57,7.17,98577.42,-17.65,2.25,965500.0,429450.0,26.62,17.8,4.07,3.78,2026-10-08,False,0,True,0.0,49.0,72714306.0,126455768.0,2.93,15.54,-12.61,-27.22,-0.08,0.06,-1.01,-1275860000.0,-1275860000.0,,0.0,0.0,0.0,,2026-Q2,3.9,0.87,22.0,7.0,211.0,,,16.0,21.0,10.0,1.22,,6.22,3613405046.09,792548700.85,182120025.51,397280094.7,211.0,-0.04,-0.69,-0.1,0.31,1,16656986625.23,9092827779.63,7564158845.6,3886935840.02,341272537.71,0.83,9054816926.39,-1067529365.54,,7987287560.85,13.46,24,18,10,-4,Thực phẩm và đồ uống,3500,Tập đoàn PAN,Công ty Cổ phần Tập đoàn PAN,-4.09,0.3,-4494250000.0,18487715000.0,-0.24,0.59,-4,False,False,0,,,2026-10-08 11:28
PC1,LOSER,HSX,2026-10-08 11:27,2026-10-08,11:27,19.2,realtime,22700.0,186400.0,-163700.0,0.11,19150.0,23000.0,19200.0,4900.0,19100.0,35800.0,19250.0,4900.0,19050.0,24700.0,19300.0,5500.0,12M,19.2,20.04,20.42,15.75,20.89,21.9,-1.86,-4.19,-12.33,36.87,-0.3,-0.13,-0.17,10.52,12.02,18.99,20.16,21.34,0.57,0.09,2.97,69226626.0,0.11,47.23,19.71,-4.36,-78.57,21.45,19.1,-59354111.34,4.93,-151011.85,-91.84,0.32,480100.0,1493115.0,32.2,16.65,-8.79,-6.11,2026-10-08,False,0,True,0.0,50.0,172056566.0,205642671.0,5.01,16.66,-11.65,-7.42,-0.13,0.44,-1.92,1998730000.0,2394505000.0,-0.21,11.0,10.0,1.0,nan,2026-Q2,6.87,1.19,18.0,5.0,289.0,,,0.0,21.0,12.0,1.18,,6.78,2038227010.68,468030191.31,130181746.69,252277854.3,289.0,-0.06,-0.28,-0.31,-0.08,-1,24845883933.47,9126778048.44,15719105885.03,5262866577.08,6953301015.89,1.72,2272718206.89,-1474000701.34,,798717505.55,2.18,22,16,10,-4,Xây dựng và Vật liệu,2300,Tập đoàn PC1,Công ty Cổ phần Tập đoàn PC1,-4.09,0.3,414355000.0,9406530000.0,0.04,0.59,2,False,False,0,Mua,,2026-10-08 11:28
PDR,LOSER,HSX,2026-10-08 11:28,2026-10-08,11:27,11.0,realtime,245400.0,756100.0,-510700.0,0.25,11000.0,1600.0,11050.0,82600.0,10950.0,62800.0,11100.0,163300.0,10900.0,192500.0,11150.0,127300.0,12M,11.0,11.42,12.0,31.14,11.99,15.45,-4.83,-3.68,-28.8,25.45,-0.26,-0.01,-0.25,39.29,42.86,10.98,11.4,11.82,0.33,0.02,3.0,-227368400.0,0.5,39.59,11.09,-0.99,-28.57,12.0,10.55,185196851.76,25.09,-119764.37,-67.86,0.42,1602700.0,3776860.0,27.0,10.4,-4.35,-8.33,2026-10-08,False,0,True,0.0,50.0,430086032.0,498904689.0,5.07,5.28,-0.64,4.92,-0.03,0.33,-0.4,287415000.0,295010000.0,0.03,2.0,2.0,0.0,Nguyễn Văn Đạt,2026-Q2,18.01,0.88,5.0,2.0,74.0,,,0.0,63.0,60.0,0.76,,107.16,53510516.65,2340638.73,80578906.61,117093230.62,74.0,-0.49,-0.39,1.69,0.24,1,28607391103.27,12609849551.12,15997541552.15,2084714193.91,3161435842.95,1.27,-2975418118.1,1572252058.9,,-1403166059.2,-5.78,-8,8,-10,-6,Bất động sản,8600,BĐS Phát Đạt,Công ty Cổ phần Phát triển Bất động sản Phát Đạt,-4.09,0.3,176000000.0,18172540000.0,0.01,0.59,0,False,False,0,Mua,,2026-10-08 11:28
PHR,GAINER,HSX,2026-10-08 11:28,2026-10-08,11:27,33.7,realtime,40000.0,96600.0,-56600.0,0.29,33650.0,9100.0,33700.0,4500.0,33600.0,13100.0,33750.0,1400.0,33550.0,5600.0,33800.0,8900.0,12M,33.65,32.8,32.76,14.71,34.14,32.79,0.12,2.59,2.62,59.26,0.24,0.15,0.09,59.1,54.43,30.73,32.39,34.06,0.9,0.88,2.67,8452658.0,-0.25,63.44,33.47,3.96,64.29,34.6,30.8,-15737547.21,-20.12,65099.55,-31.67,0.55,293900.0,537561.0,40.54,26.4,5.16,2.65,2026-10-08,False,0,True,-0.0,0.0,0.0,0.0,0.0,0.04,-0.04,-23.62,0.3,0.0,1.3,-556130000.0,-553230000.0,-0.04,0.0,0.0,0.0,,2026-Q2,8.74,1.75,22.0,15.0,2687.0,,,0.0,28.0,48.0,4.67,,16.76,406315433.39,138929014.63,364112166.41,188919220.64,2687.0,-0.13,0.3,0.1,3.0,1,6993320829.36,4861996488.9,2131324340.47,160000000.0,0.0,0.44,615847758.22,-27664787.34,,588182970.88,1.29,30,18,10,2,Hóa chất,1300,Cao su Phước Hòa,Công ty Cổ phần Cao su Phước Hòa,-4.09,0.3,0.0,9900685000.0,0.0,0.59,0,False,False,0,,,2026-10-08 11:28
PLX,GAINER,HSX,2026-10-08 11:28,2026-10-08,11:27,37.1,realtime,83000.0,86000.0,-3000.0,0.49,37050.0,7500.0,37100.0,8000.0,37000.0,34700.0,37150.0,27200.0,36950.0,116400.0,37200.0,64200.0,12M,37.1,36.2,36.13,15.49,34.58,38.43,0.19,2.49,-3.46,55.97,0.05,0.03,0.02,56.39,40.9,34.46,36.3,38.14,1.21,0.72,3.26,67971866.0,-0.1,45.8,36.02,-0.83,-35.71,39.5,34.5,-89866933.53,-12.44,1194534.66,-21.21,0.97,4855400.0,5025935.0,67.96,30.8,6.0,4.51,2026-10-08,False,0,True,0.0,20.0,73609775.0,258775616.0,98.44,40.94,57.5,130.03,-0.83,0.61,4.28,-430805000.0,7719125000.0,-0.1,0.0,0.0,0.0,,2026-Q2,14.33,1.81,12.0,3.0,0.0,,,0.0,5.0,1.0,0.7,,8.91,136046295505.03,7554485474.19,2799686278.49,3362537582.46,0.0,0.38,4.67,0.78,1.05,1,88455650260.01,29216885562.62,59238764697.38,10076312826.39,614322252.89,2.03,3990368093.76,-7318982155.22,,-3328614061.47,1.49,30,10,10,10,Dầu khí,0500,Petrolimex,Tập đoàn Xăng dầu Việt Nam,-4.09,0.3,35890635000.0,180296190000.0,0.2,0.59,4,True,False,3,,,2026-10-08 11:28
PNJ,LOSER,HSX,2026-10-08 11:28,2026-10-08,11:27,18.25,realtime,130200.0,85700.0,44500.0,0.6,18200.0,60700.0,18250.0,14400.0,18150.0,600.0,18300.0,45800.0,18100.0,20400.0,18350.0,39900.0,12M,18.25,28.32,35.19,42.37,24.23,53.57,-19.52,-35.56,-65.93,11.43,-4.98,-1.4,-3.57,1.04,0.7,16.81,30.38,43.95,1.83,0.05,10.03,-266825033.0,-0.75,0.0,19.78,-31.68,-100.0,38.5,18.75,-185022912.86,-1252.86,-24806473.51,-97.66,1.26,13609600.0,10765455.0,84.67,17.8,-45.2,-52.23,2026-10-08,False,0,True,0.0,49.0,77972017.0,250826843.0,358.51,2254.98,-1896.48,-1770.69,-28.88,0.28,-280.92,63395430000.0,38760845000.0,0.08,20.0,4.0,16.0,nan,2026-Q2,3.95,0.72,18.0,12.0,-2631.0,,,0.0,16.0,6.0,0.53,,4.17,8463965847.11,-666831550.13,-738875532.47,-1021408460.47,-2631.0,-0.51,-1.5,0.12,-2.69,-1,21595833814.32,13456531361.47,8139302452.85,3989128051.25,0.0,0.6,18890403.84,-893788030.06,,-874897626.22,0.01,12,18,0,-6,Hàng cá nhân & Gia dụng,3700,Vàng Phú Nhuận,Công ty Cổ phần Vàng bạc Đá quý Phú Nhuận,-4.09,0.3,-105630945750.0,253653335000.0,-0.42,0.59,-4,False,True,-3,Mua,,2026-10-08 11:28
POW,GAINER,HSX,2026-10-08 11:28,2026-10-08,11:27,12.7,realtime,108200.0,367600.0,-259400.0,0.23,12650.0,400.0,12700.0,182800.0,12600.0,99000.0,12750.0,241200.0,12550.0,196400.0,12800.0,238100.0,12M,12.65,12.74,13.02,25.13,13.27,13.17,-2.15,-0.71,-3.95,44.75,-0.11,0.03,-0.13,36.51,37.57,12.36,12.64,12.93,0.29,0.51,2.29,34287181.0,-0.14,56.65,12.74,0.49,14.29,13.3,12.05,-281050381.18,-5.92,163700.76,-61.9,0.37,2137300.0,5752440.0,16.85,10.66,1.2,-1.56,2026-10-08,False,0,True,0.0,50.0,1413747774.0,1533922844.0,23.95,23.34,0.61,54.21,0.21,0.61,-2.89,-3165430000.0,-7821150000.0,0.01,0.0,0.0,0.0,,2026-Q2,6.15,0.94,16.0,6.0,1143.0,,,0.0,18.0,13.0,1.31,,6.44,20306310663.57,4585823309.09,3375345135.45,3920481387.04,1143.0,0.65,1.81,1.16,4.6,1,105925401450.95,44300254359.86,61625147091.09,18972798923.69,19227399863.85,1.39,2094206476.82,-12739016660.25,,-10644810183.42,0.86,33,18,5,10,"Điện, nước & xăng dầu khí đốt",7500,Điện lực Dầu khí Việt Nam,Tổng Công ty Điện lực Dầu khí Việt Nam - CTCP,-4.09,0.3,4746650000.0,26990940000.0,0.18,0.59,4,False,False,0,,,2026-10-08 11:28
PVD,GAINER,HSX,2026-10-08 11:28,2026-10-08,11:28,18.3,realtime,42700.0,207700.0,-165000.0,0.17,18300.0,118400.0,18350.0,3300.0,18250.0,104000.0,18400.0,5300.0,18200.0,71200.0,18450.0,90900.0,12M,18.3,18.55,18.7,16.07,19.8,18.36,-0.8,-1.35,-0.33,46.23,-0.16,-0.06,-0.11,43.95,33.16,17.65,18.72,19.79,0.61,0.3,3.33,225772195.0,-0.26,45.36,18.1,-3.0,-78.57,20.4,17.45,18159918.17,-61.39,38885.05,-58.54,0.35,1997400.0,5699300.0,27.26,11.26,-0.27,-1.08,2026-10-08,False,0,True,0.0,50.0,388329534.0,464079095.0,17.24,9.88,7.35,-9.34,0.66,0.39,1.99,7863715000.0,5984593000.0,0.19,0.0,0.0,0.0,,2026-Q2,15.26,0.98,7.0,4.0,-91.0,,,0.0,18.0,8.0,1.3,,8.39,3036339428.94,545690051.7,163313932.04,263625264.96,-91.0,-0.11,-0.47,0.24,-0.32,-1,29801692068.49,17591960648.03,12209731420.46,1124457776.52,4350237923.54,0.69,1432040001.54,-2868617493.47,,-1436577491.93,1.38,12,8,10,-6,Dầu khí,0500,Khoan Dầu khí PVDrilling,Tổng Công ty Cổ phần Khoan và Dịch vụ khoan Dầu khí,-4.09,0.3,-6415530000.0,36885550000.0,-0.17,0.59,-4,False,False,0,,,2026-10-08 11:28
PVT,GAINER,HSX,2026-10-08 11:28,2026-10-08,11:28,26.05,realtime,163000.0,14900.0,148100.0,0.92,26000.0,55600.0,26050.0,65900.0,25950.0,89800.0,26100.0,94700.0,25900.0,115200.0,26150.0,73300.0,12M,26.05,23.49,21.92,47.34,22.42,19.97,7.16,10.9,30.45,70.62,1.07,0.11,0.96,84.32,75.29,21.6,23.55,25.49,1.01,1.0,3.88,116048259.0,-0.0,72.33,24.83,1.97,100.0,25.5,21.15,-116646664.98,-0.64,3004020.8,-7.41,0.88,7414500.0,8387240.0,29.73,14.95,16.82,19.77,2026-10-08,False,0,True,0.0,49.0,174172940.0,253290279.0,92.5,162.54,-70.04,-16.79,-1.41,0.39,-13.07,2470095000.0,29426180000.0,-0.83,0.0,0.0,0.0,,2026-Q2,9.0,1.35,16.0,6.0,914.0,,,0.0,15.0,10.0,1.77,,4.57,5577324791.27,990022168.58,578711962.44,841576177.29,914.0,0.34,0.81,0.29,0.96,1,23064494841.18,12375161293.46,10689333547.72,1386961945.7,5621476526.02,0.86,3161225060.82,-3123382082.58,,37842978.23,3.05,36,16,10,10,Hàng & Dịch vụ Công nghiệp,2700,Vận tải Dầu khí PVTrans,Tổng Công ty Cổ phần Vận tải Dầu khí,-4.09,0.3,50931330000.0,190378090000.0,0.27,0.59,4,True,False,3,,,2026-10-08 11:28
REE,LOSER,HSX,2026-10-08 11:28,2026-10-08,11:28,45.9,realtime,51800.0,49300.0,2500.0,0.51,45850.0,18600.0,45900.0,3100.0,45800.0,10000.0,45950.0,3900.0,45750.0,4200.0,46000.0,9000.0,12M,45.9,46.42,46.63,19.78,45.09,50.62,-0.45,-1.12,-9.32,46.05,0.1,-0.08,0.18,31.96,38.36,44.53,46.36,48.19,1.0,0.38,2.18,-8254163.0,-0.05,54.63,47.05,-0.53,-21.43,48.5,44.85,-35892715.99,-1.28,22606.88,-71.23,0.27,122800.0,459440.0,64.52,42.5,-1.71,0.88,2026-10-08,False,0,True,0.0,49.0,1008.0,305465527.0,5.12,1.65,3.47,15.3,-0.09,0.56,-0.16,-182190000.0,-2875840000.0,0.02,9.0,9.0,0.0,nan,2026-Q2,10.89,1.32,13.0,7.0,841.0,,,0.0,38.0,32.0,2.06,,8.69,2426396602.73,918517002.65,631294229.34,884608754.92,841.0,-0.02,-0.12,-0.03,0.01,1,41214397290.37,25677038583.3,15537358707.07,1280433074.28,8914624780.95,0.6,2710883355.36,-4555505567.81,,-1844622212.45,1.07,16,10,10,-4,"Điện, nước & xăng dầu khí đốt",7500,Cơ Điện Lạnh REE,Công ty Cổ phần Cơ điện Lạnh,-4.09,0.3,40366800.0,5645700000.0,0.01,0.59,0,False,False,0,Mua,,2026-10-08 11:28
SAB,GAINER,HSX,2026-10-08 11:28,2026-10-08,11:28,43.1,realtime,33900.0,27400.0,6500.0,0.55,43050.0,2800.0,43150.0,3100.0,42950.0,3200.0,43200.0,9300.0,42900.0,4000.0,43250.0,5500.0,12M,43.15,43.57,44.17,19.74,44.67,44.09,-1.36,-0.96,-2.13,43.11,-0.57,-0.06,-0.51,23.77,13.99,42.19,43.64,45.09,0.72,0.33,1.67,-6076250.0,-0.33,26.61,42.63,-1.48,-85.71,45.5,42.15,-31633655.06,-9.92,-35648.37,-61.54,0.33,144400.0,438825.0,53.42,39.34,-2.27,-3.79,2026-10-08,False,0,True,0.0,100.0,528264811.0,1282562372.0,5.76,12.97,-7.21,-12.98,-0.28,0.17,-0.72,9448195000.0,24936725000.0,-0.03,0.0,0.0,0.0,,2026-Q2,11.51,2.81,22.0,15.0,872.0,,,0.0,38.0,19.0,2.26,,9.93,6888032505.52,2663244304.34,1166782062.01,1534458420.32,872.0,0.07,-0.02,0.01,-0.03,-1,31722037063.56,21454838013.22,10267199050.35,200074406.71,167071638.96,0.48,3898884563.12,2428266891.65,,6327151454.77,0.88,17,12,5,0,Thực phẩm và đồ uống,3500,SABECO,Tổng Công ty Cổ phần Bia - Rượu - Nước Giải khát Sài Gòn,-4.09,0.3,658197200.0,6207745000.0,0.11,0.59,4,False,False,0,,,2026-10-08 11:28
SBT,GAINER,HSX,2026-10-08 11:28,2026-10-08,11:28,22.85,realtime,306100.0,50700.0,255400.0,0.86,22850.0,4500.0,22900.0,24300.0,22800.0,5800.0,22950.0,27100.0,22750.0,10000.0,23000.0,44300.0,12M,22.85,22.76,22.5,14.8,23.46,22.3,1.16,0.4,2.47,52.72,0.01,-0.02,0.03,59.09,46.49,22.38,22.79,23.2,0.38,0.57,1.66,-4006333.0,0.19,40.35,22.64,-0.3,-28.57,23.45,22.2,67242784.49,6.84,32891.53,-40.91,0.48,578100.0,1212755.0,26.04,19.15,1.11,-0.87,2026-10-08,False,0,True,0.0,100.0,729239742.0,956245488.0,15.19,11.22,164.27,796.49,-2.12,0.72,-11.39,-182970000.0,-182970000.0,,15.0,13.0,2.0,Nguyễn Thị Phương Thảo,2026-Q2,24.84,1.74,7.0,2.0,185.0,,,0.0,10.0,3.0,1.01,,24.5,6396460156.58,881603353.66,233705303.31,193605063.07,185.0,-0.22,-0.05,-0.06,0.45,1,37798594036.56,12460421910.43,25338172126.13,11925181412.58,4937569238.07,2.03,-2375691582.36,-2211176213.9,,-4586867796.25,-3.21,-8,6,-10,-4,Thực phẩm và đồ uống,3500,Mía đường Thành Thành Công - Biên Hòa,Công ty Cổ phần Thành Thành Công - Biên Hòa,-4.09,0.3,-518295000.0,13165575000.0,-0.04,0.59,-2,False,False,0,Mua,,2026-10-08 11:28
SHB,LOSER,HSX,2026-10-08 11:28,2026-10-08,11:28,10.75,realtime,57700.0,395700.0,-338000.0,0.13,10700.0,671400.0,10750.0,80700.0,10650.0,1758700.0,10800.0,1205200.0,10600.0,2064700.0,10850.0,1113300.0,12M,10.75,11.34,11.75,26.77,11.43,13.74,-3.49,-5.2,-21.76,24.95,-0.25,-0.07,-0.17,15.94,12.56,10.81,11.4,11.99,0.24,0.0,2.23,-1393507247.0,0.21,5.41,11.03,-3.49,-92.86,11.8,10.65,1764390472.47,10.11,-2655949.78,-91.3,0.17,6555500.0,39345380.0,18.18,10.65,-7.33,-8.51,2026-10-08,False,0,True,0.0,30.0,1389831567.0,1603260007.0,115.77,120.41,-4.64,243.17,-2.04,0.5,-14.44,21401979000.0,18815606000.0,0.31,0.0,0.0,0.0,,2026-Q2,4.27,0.68,17.0,1.0,1595.0,,,0.0,78.0,41.0,0.0,,0.0,9770966000.0,,3602552000.0,8311812000.0,1595.0,0.31,-0.03,-0.05,-0.01,-1,962886783000.0,75309442000.0,887577341000.0,,,11.79,34917817000.0,-345745000.0,6018113000.0,34572072000.0,2.92,32,18,10,4,Ngân hàng,8300,SHB,Ngân hàng Thương mại Cổ phần Sài Gòn – Hà Nội,-4.09,0.3,6454975000.0,70200025000.0,0.09,0.59,4,False,False,0,,,2026-10-08 11:28
SIP,GAINER,HSX,2026-10-08 11:28,2026-10-08,11:28,49.15,realtime,31700.0,87200.0,-55500.0,0.27,49050.0,2000.0,49150.0,3000.0,49000.0,7100.0,49200.0,900.0,48900.0,2700.0,49250.0,3100.0,12M,49.15,49.07,49.35,20.85,47.67,51.27,-0.57,0.16,-4.13,50.34,-0.13,-0.04,-0.08,21.59,19.17,47.6,49.02,50.44,0.77,0.55,1.57,626384.0,-0.19,37.58,49.2,-0.81,-64.29,51.1,45.15,-1748648.24,-18.72,3591.44,-65.0,1.73,119500.0,69120.0,62.46,45.15,-1.7,0.31,2026-10-08,False,0,True,0.0,49.0,113114103.0,118635342.0,0.55,4.74,-4.19,-6.72,-0.05,0.28,-0.46,34665000.0,34665000.0,,0.0,0.0,0.0,,2026-Q2,8.32,2.45,28.0,5.0,1353.0,,,0.0,16.0,17.0,2.49,,9.72,2412353331.66,363593019.89,399499381.05,480054820.27,1353.0,0.11,0.2,0.13,0.4,1,30067872706.81,5373147007.26,24694725699.56,4553664290.29,952971100.0,4.6,2439820758.14,-3049744660.03,,-609923901.89,1.84,31,15,10,6,Bất động sản,8600,Đầu tư Sài Gòn VRG,Công ty Cổ phần Đầu tư Sài Gòn VRG,-4.09,0.3,-3780760000.0,5858930000.0,-0.65,0.59,-4,False,False,0,,,2026-10-08 11:28
SJS,GAINER,HSX,2026-10-08 11:28,2026-10-08,11:28,51.3,ta_last_close,,,,,50100.0,1000.0,51900.0,600.0,50000.0,100.0,52000.0,3000.0,49900.0,200.0,52500.0,1500.0,12M,51.3,53.52,52.59,27.22,55.56,53.69,1.77,-4.15,-4.45,33.9,-0.32,-0.71,0.39,19.1,19.95,50.64,54.78,58.92,1.42,0.08,2.77,-453000.0,0.78,11.11,51.63,-4.47,-85.71,57.0,50.5,2870281.76,7.96,-4.21,-87.3,0.32,4500.0,14170.0,71.3,44.5,-8.88,-9.68,2026-10-08,False,0,True,0.0,50.0,147084265.0,148737414.0,0.05,0.16,-0.11,-0.17,-0.0,0.17,-0.01,22640000.0,22640000.0,,1.0,0.0,1.0,nan,2026-Q2,25.03,3.97,17.0,8.0,820.0,,,0.0,74.0,52.0,0.37,,23.19,441085229.48,349531707.38,243785475.21,307791142.07,820.0,0.39,0.39,1.2,1.35,1,8362969929.57,3855605846.76,4507364082.81,1023665451.68,1849787160.4,1.17,-74242932.36,75304865.36,,1061933.0,-0.21,-5,-5,-10,10,Bất động sản,8600,SJ Group,Công ty Cổ phần SJ Group,-4.09,0.3,0.0,0.0,,0.59,0,False,False,0,Bán,True,2026-10-08 11:28
SSB,GAINER,HSX,2026-10-08 11:28,2026-10-08,11:28,17.55,realtime,104800.0,100500.0,4300.0,0.51,17450.0,11300.0,17550.0,71000.0,17400.0,10900.0,17600.0,15600.0,17350.0,12100.0,17650.0,100.0,12M,17.55,18.42,17.76,30.37,20.26,15.73,3.72,-4.72,11.57,44.75,-0.2,-0.49,0.29,8.62,7.16,15.31,19.6,23.88,1.01,0.26,5.75,21136504.0,0.07,15.75,17.09,-15.96,-78.57,24.8,16.5,272557115.38,1.94,-77845.55,-86.18,0.24,906800.0,3747460.0,24.8,13.23,-12.25,-2.5,2026-10-08,False,0,True,0.0,30.0,1010479511.0,1040640000.0,35.5,30.1,5.41,373.99,-4.56,0.61,-19.7,-11559336000.0,-19236786000.0,-0.3,20.0,12.0,8.0,Đặng Thu Trang,2026-Q2,19.78,1.4,7.0,1.0,0.0,,,0.0,59.0,27.0,0.0,,0.0,2489231000.0,,990923000.0,1482612000.0,0.0,-0.15,-0.11,-0.08,-0.13,-1,427107510000.0,42195287000.0,384912223000.0,,,9.12,30423240000.0,4073710000.0,100000000.0,34496950000.0,5.52,10,6,10,-6,Ngân hàng,8300,SeABank,Ngân hàng Thương mại Cổ phần Đông Nam Á,-4.09,0.3,-4639275000.0,15836255000.0,-0.29,0.59,-4,False,False,0,Bán,,2026-10-08 11:28
SSI,LOSER,HSX,2026-10-08 11:28,2026-10-08,11:28,19.4,realtime,11500.0,173200.0,-161700.0,0.06,19350.0,315700.0,19400.0,12400.0,19300.0,453700.0,19450.0,125300.0,19250.0,285100.0,19500.0,198100.0,12M,19.45,20.19,20.38,21.62,21.03,22.26,-0.93,-3.67,-12.62,34.99,-0.25,-0.14,-0.11,23.38,17.89,19.28,20.37,21.45,0.53,0.08,2.72,-307042672.0,-0.21,17.47,19.71,-3.28,-85.71,21.65,19.0,-1571988593.23,-6.08,-1448825.39,-82.69,0.27,5871700.0,21667910.0,31.53,17.34,-6.71,-7.38,2026-10-08,False,0,True,0.0,100.0,2103047555.0,3003293801.0,190.64,176.28,12.6,-18.47,0.31,0.5,3.55,32789521000.0,26303141000.0,0.68,2.0,2.0,0.0,Nguyễn Hồng Nam,2026-Q2,11.21,1.45,13.0,5.0,0.0,,,0.0,64.0,34.0,1.65,,12.56,3318617765.42,2426410182.89,1231126087.73,,0.0,0.04,-0.04,0.11,0.43,1,96460587873.47,40723958711.51,55736629161.96,54038267285.89,0.0,1.37,-10425608767.32,-2139510544.7,,-12565119312.02,-2.54,0,10,-10,0,Dịch vụ tài chính,8700,Chứng khoán SSI,Công ty Cổ phần Chứng khoán SSI,-4.09,0.3,-1800850750.0,116119790000.0,-0.02,0.59,0,False,False,0,Mua,,2026-10-08 11:28
STB,GAINER,HSX,2026-10-08 11:28,2026-10-08,11:28,67.1,realtime,82600.0,74700.0,7900.0,0.53,66800.0,22200.0,66900.0,39500.0,66700.0,5600.0,67000.0,7400.0,66600.0,2100.0,67100.0,8400.0,12M,66.9,72.33,73.31,34.34,72.45,66.77,-1.34,-7.51,0.19,25.29,-2.06,-1.16,-0.9,5.66,4.23,65.93,73.94,81.94,1.98,0.06,2.96,42254600.0,-0.5,10.23,68.46,-8.68,-92.86,79.0,66.2,-339055885.63,-10.13,-2865077.21,-88.98,0.65,2034200.0,3146020.0,79.0,45.95,-13.0,-14.23,2026-10-08,False,0,True,0.0,30.0,366296564.0,565564714.0,136.44,227.13,-90.69,-62.63,-0.48,0.39,-14.66,87741080000.0,162947986000.0,0.31,0.0,0.0,0.0,,2026-Q2,40.89,2.01,5.0,0.0,1555.0,,,0.0,64.0,9.0,0.0,,0.0,9950076000.0,,1346691000.0,7124936000.0,1555.0,0.32,-0.15,0.28,-0.53,-1,892048566000.0,62807249000.0,829241317000.0,,,13.2,92478004000.0,-764340000.0,-3818948000.0,91713664000.0,15.57,7,-5,10,2,Ngân hàng,8300,NH Sài Gòn Tài Lộc (SACOMBANK),Ngân hàng Thương mại Cổ phần Sài Gòn Tài Lộc,-4.09,0.3,20951570000.0,136799740000.0,0.15,0.59,4,True,False,3,,,2026-10-08 11:28
TAL,LOSER,HSX,2026-10-08 11:28,2026-10-08,11:28,22.3,realtime,6800.0,5000.0,1800.0,0.58,22400.0,1500.0,22650.0,6000.0,22350.0,500.0,22700.0,17500.0,22300.0,2600.0,22750.0,17700.0,12M,22.3,22.85,23.49,15.16,24.19,28.15,-2.72,-2.41,-20.78,41.68,-0.23,0.02,-0.25,38.21,44.44,21.91,22.61,23.31,0.74,0.28,3.32,1307616.0,0.09,59.68,22.86,1.82,28.57,23.85,21.8,22940173.41,2.61,9871.27,-75.61,0.04,11800.0,317425.0,39.26,19.5,0.0,-3.67,2026-10-08,False,0,True,0.0,49.0,197087427.0,246959856.0,0.54,0.49,0.04,-3.81,0.01,0.44,0.22,-1715150000.0,-1715150000.0,,3.0,3.0,0.0,nan,2026-Q2,12.7,2.03,16.0,5.0,156.0,,,0.0,37.0,21.0,0.58,,11.64,885738100.76,278483295.15,139459240.41,188767234.97,156.0,0.28,-0.08,0.59,3.0,1,21726925077.07,6554195176.76,15172729900.31,1363602413.7,3343567564.13,2.31,-1654156140.64,46959038.38,,-1607197102.27,-2.57,4,10,-10,4,Bất động sản,8600,Đầu Tư Bất Động Sản Taseco,Công Ty Cổ Phần Đầu Tư Bất Động Sản Taseco,-4.09,0.3,0.0,266130000.0,0.0,0.59,0,False,False,0,Mua,,2026-10-08 11:28
TCB,GAINER,HSX,2026-10-08 11:28,2026-10-08,11:28,32.35,realtime,2500.0,290500.0,-288000.0,0.01,32300.0,169900.0,32350.0,59200.0,32250.0,442500.0,32400.0,202400.0,32200.0,222000.0,32450.0,106500.0,12M,32.3,32.42,32.08,15.57,31.32,32.57,1.06,-0.37,-0.83,49.71,0.14,-0.09,0.23,35.71,37.57,31.57,32.45,33.34,0.73,0.41,2.26,-79751392.0,0.22,60.49,32.71,-0.51,28.57,33.7,31.4,-111838361.21,38.91,262387.09,-66.67,0.29,4726800.0,16108585.0,41.13,27.77,-1.97,-0.31,2026-10-08,False,0,True,0.0,22.54,146816834.0,1597139381.0,328.12,900.29,-576.17,-1033.64,-11.01,0.22,-57.81,88651885000.0,-616515215000.0,3.08,0.0,0.0,0.0,,2026-Q2,8.43,1.28,15.0,2.0,0.0,,,0.0,69.0,47.0,0.0,,0.0,14941781000.0,,7350059000.0,10321654000.0,0.0,0.09,0.1,0.17,0.18,1,1273076923000.0,188997150000.0,1084079773000.0,,,5.74,39923618000.0,-816440000.0,5235750000.0,39107178000.0,1.58,27,13,10,4,Ngân hàng,8300,Techcombank,Ngân hàng Thương mại Cổ phần Kỹ thương Việt Nam,-4.09,0.3,-40982475000.0,152999015000.0,-0.27,0.59,-4,False,True,-3,,,2026-10-08 11:28
TCH,LOSER,HSX,2026-10-08 11:28,2026-10-08,11:28,10.75,realtime,56600.0,27300.0,29300.0,0.67,10700.0,25800.0,10750.0,23200.0,10650.0,83000.0,10800.0,68500.0,10600.0,75000.0,10850.0,39800.0,12M,10.75,11.3,11.6,25.26,11.97,13.85,-2.59,-4.87,-22.38,37.11,-0.2,-0.08,-0.11,25.0,25.09,10.75,11.37,11.99,0.41,0.0,3.81,-159642768.0,0.08,20.11,10.97,-2.62,-78.57,12.35,10.5,5054867.62,376.82,-137866.19,-84.38,0.28,1217700.0,4305979.0,22.73,9.59,-4.44,-11.16,2026-10-08,False,0,True,0.0,51.0,410677832.0,511689532.0,20.75,42.91,-22.16,-16.67,-0.27,0.39,-3.51,-1404735000.0,-1924120000.0,-0.08,0.0,0.0,0.0,,2026-Q2,34.72,0.94,3.0,1.0,138.0,,,0.0,25.0,24.0,0.82,,59.18,450946642.87,140256405.98,125416921.4,199331931.04,138.0,0.14,0.56,0.16,2.31,1,22278075653.9,14529109584.62,7748966069.28,0.0,0.0,0.53,2342111203.86,-2551363835.77,,-209252631.91,7.36,15,-3,10,8,Bất động sản,8600,ĐT DV Tài chính Hoàng Huy,Công ty Cổ phần Đầu tư Dịch vụ Tài chính Hoàng Huy,-4.09,0.3,-2070190000.0,13092290000.0,-0.16,0.59,-4,False,False,0,,,2026-10-08 11:28
TCX,LOSER,HSX,2026-10-08 11:28,2026-10-08,11:28,27.6,realtime,10800.0,55000.0,-44200.0,0.16,27550.0,15000.0,27600.0,10600.0,27500.0,76700.0,27650.0,17400.0,27450.0,21000.0,27700.0,11400.0,12M,27.55,29.73,31.56,36.38,30.14,33.68,-5.8,-7.33,-18.2,25.81,-1.34,-0.16,-1.17,18.41,14.1,26.86,29.96,33.05,0.81,0.11,2.94,-2287187.0,-0.52,22.35,27.48,-4.61,-85.71,33.29,27.0,47852048.42,-33.66,-386134.33,-89.32,0.31,737600.0,2400495.0,44.54,27.0,-8.17,-16.52,2026-10-08,False,0,True,0.0,100.0,2539863007.0,2774453325.0,64.66,122.36,-57.7,-284.94,-0.01,0.11,4.29,5804690000.0,14549275000.0,0.02,0.0,0.0,0.0,,2026-Q2,15.04,2.03,14.0,7.0,527.0,,,0.0,86.0,47.0,1.89,,12.84,3744618689.74,3250019775.4,1691893604.47,,527.0,0.35,0.47,0.41,0.19,1,100592059821.28,45782449906.02,54809609915.26,48116836647.4,1314886041.78,1.2,-20564385947.69,-293444853.98,,-20857830801.67,-3.62,3,3,-10,10,Dịch vụ tài chính,8700,Chứng khoán TCBS,Công ty Cổ phần Chứng khoán Kỹ Thương,-4.09,0.3,-11899260000.0,20627805000.0,-0.58,0.59,-4,False,True,-3,,,2026-10-08 11:28
TPB,LOSER,HSX,2026-10-08 11:28,2026-10-08,11:28,11.75,realtime,441600.0,261600.0,180000.0,0.63,11750.0,104700.0,11800.0,19400.0,11700.0,359600.0,11850.0,164100.0,11650.0,291800.0,11900.0,104700.0,12M,11.8,12.0,12.2,16.46,12.47,13.23,-1.64,-1.67,-10.81,39.62,-0.08,-0.02,-0.05,22.99,23.66,11.56,11.97,12.39,0.26,0.29,2.2,94526951.0,-0.13,39.36,12.02,-0.69,-57.14,12.47,11.6,-307844766.71,-8.47,-16017.05,-77.01,0.19,1758000.0,9474459.0,15.87,11.54,-4.38,-2.72,2026-10-08,False,0,True,0.0,30.0,228791924.0,832214061.0,28.77,67.44,-38.67,-73.84,0.47,0.28,-3.63,2977523000.0,987006000.0,0.04,0.0,0.0,0.0,,2026-Q2,4.98,0.82,17.0,1.0,659.0,,,0.0,64.0,38.0,0.0,,0.0,5195182000.0,,1827573000.0,3151816000.0,659.0,0.06,0.1,0.13,0.12,1,547664403000.0,49565884000.0,498098519000.0,,,10.05,26177747000.0,2048094000.0,1372844000.0,28225841000.0,3.54,30,18,10,2,Ngân hàng,8300,TPBank,Ngân hàng Thương mại Cổ phần Tiên Phong,-4.09,0.3,-2141550000.0,20688530000.0,-0.1,0.59,-4,False,False,0,,,2026-10-08 11:28
VCB,LOSER,HSX,2026-10-08 11:28,2026-10-08,11:28,57.0,realtime,15900.0,160600.0,-144700.0,0.09,56900.0,60800.0,57000.0,3700.0,56800.0,152700.0,57100.0,20600.0,56700.0,30600.0,57200.0,13400.0,12M,57.0,57.97,58.5,16.46,59.23,59.96,-0.91,-1.67,-4.94,38.33,-0.47,-0.16,-0.31,24.6,17.19,56.44,58.27,60.1,0.84,0.15,1.47,127218215.0,-0.3,17.32,57.02,-2.15,-85.71,61.0,56.0,-302156211.67,-8.92,-173361.59,-76.19,0.23,991300.0,4260610.0,78.15,52.6,-1.89,-3.39,2026-10-08,False,0,True,0.0,30.0,841776035.0,2506702528.0,43.62,146.21,-102.59,13.52,-6.14,0.28,-21.27,-53971650000.0,-55574866000.0,-0.69,0.0,0.0,0.0,,2026-Q2,11.48,1.92,18.0,2.0,1740.0,,,0.0,66.0,49.0,0.0,,0.0,26371601000.0,,14542276000.0,17922350000.0,1740.0,0.25,0.54,0.48,0.65,1,2657440573000.0,248490506000.0,2408950067000.0,,,9.69,116230551000.0,-1379136000.0,-3776798000.0,114851415000.0,3.3,33,13,10,10,Ngân hàng,8300,Vietcombank,Ngân hàng Thương mại Cổ phần Ngoại thương Việt Nam,-4.09,0.3,-775394000.0,56585370000.0,-0.01,0.59,0,False,False,0,,,2026-10-08 11:28
VCG,GAINER,HSX,2026-10-08 11:28,2026-10-08,11:28,13.75,realtime,46500.0,322800.0,-276300.0,0.13,13750.0,11700.0,13800.0,45600.0,13700.0,84600.0,13850.0,106700.0,13650.0,22600.0,13900.0,38500.0,12M,13.8,14.09,15.01,54.78,14.49,17.74,-6.13,-2.06,-22.21,35.74,-0.49,0.03,-0.52,37.3,25.88,13.16,14.03,14.9,0.34,0.37,2.46,-172708805.0,-0.54,34.94,13.38,-0.47,-71.43,15.6,13.15,-394232766.17,-5.11,-45622.65,-53.57,0.73,1296100.0,1775325.0,25.68,13.15,-1.78,-10.68,2026-10-08,False,0,True,0.0,49.0,328299622.0,342106360.0,13.64,7.62,6.02,2.6,0.17,0.44,1.06,2918104000.0,2916574000.0,0.12,0.0,0.0,0.0,,2026-Q2,2.32,0.83,36.0,14.0,273.0,,,0.0,12.0,26.0,1.16,,8.92,3816016742.93,350468795.37,218782427.09,332500220.96,273.0,0.11,-0.38,-0.13,-0.22,-1,27947986780.07,12469188335.62,15478798444.45,4332399461.91,1367240742.62,1.24,2838642386.18,-2710012404.11,,128629982.06,0.77,23,18,5,0,Xây dựng và Vật liệu,2300,VINACONEX,Tổng Công ty Cổ phần Xuất nhập khẩu và Xây dựng Việt Nam,-4.09,0.3,1208435000.0,17843585000.0,0.07,0.59,2,False,False,0,,,2026-10-08 11:28
VCI,LOSER,HSX,2026-10-08 11:28,2026-10-08,11:28,18.85,realtime,40200.0,242000.0,-201800.0,0.14,18800.0,137200.0,18850.0,900.0,18750.0,112000.0,18900.0,9400.0,18700.0,116200.0,18950.0,32600.0,12M,18.8,19.72,20.77,37.06,20.91,23.83,-5.06,-4.67,-21.11,37.25,-0.61,-0.03,-0.58,33.93,25.0,18.5,19.62,20.73,0.68,0.13,3.62,-134938534.0,-0.39,27.66,19.01,-0.94,-78.57,21.6,18.15,-551537806.23,-14.4,-194222.52,-76.79,0.35,3144400.0,8996000.0,32.73,18.15,-6.47,-11.74,2026-10-08,False,0,True,0.0,100.0,968446254.0,1152231925.0,67.09,113.05,-45.95,-184.99,1.24,0.28,1.09,1658835000.0,23579205000.0,-0.12,3.0,2.0,1.0,nan,2026-Q2,14.31,1.28,9.0,4.0,0.0,,,0.0,56.0,26.0,1.73,,13.59,1175848817.29,660258396.93,250588812.87,,0.0,-0.16,-0.26,0.01,0.36,1,39727391134.34,17137894988.46,22589496145.88,21703628000.0,0.0,1.32,-8790735982.23,-57062669.36,,-8847798651.59,-6.55,-6,10,-10,-6,Dịch vụ tài chính,8700,Chứng khoán Vietcap,Công ty Cổ phần Chứng khoán Vietcap,-4.09,0.3,-19285030000.0,59514615000.0,-0.32,0.59,-4,False,True,-3,Bán,,2026-10-08 11:28
VCK,LOSER,HSX,2026-10-08 11:28,2026-10-08,11:28,27.5,realtime,129700.0,126500.0,3200.0,0.51,27450.0,161800.0,27500.0,23300.0,27400.0,74400.0,27550.0,15400.0,27350.0,16700.0,27600.0,32300.0,12M,27.5,28.35,29.38,31.73,29.4,31.61,-3.51,-3.0,-13.0,37.58,-0.57,-0.03,-0.54,40.69,31.66,27.14,28.32,29.49,0.72,0.15,2.62,71638613.0,0.1,21.39,27.63,-1.19,-78.57,30.15,26.4,162932250.46,2.56,118687.06,-67.65,0.27,554200.0,2086780.0,38.1,26.31,-4.35,-8.64,2026-10-08,False,0,True,0.0,100.0,2348848956.0,2434919704.0,13.77,42.86,-29.09,32.14,-0.63,0.28,-7.6,-5284065000.0,-10876460000.0,0.01,,,,,2026-Q2,14.56,2.18,17.0,9.0,454.0,,,0.0,63.0,45.0,4.0,,12.86,2353844251.18,1727012992.99,1104360008.19,,454.0,-0.07,-0.11,0.37,0.57,1,47889303869.39,31206270512.26,16683033357.12,10639264000.0,0.0,0.54,-6386814845.21,-188923073.93,,-6575737919.15,-1.78,-4,10,-10,-4,Dịch vụ tài chính,8700,Chứng Khoán VPS,Công ty Cổ phần Chứng Khoán VPS,-4.09,0.3,-629780000.0,15312680000.0,-0.04,0.59,-2,False,False,0,,,2026-10-08 11:28
VGC,LOSER,HSX,2026-10-08 11:28,2026-10-08,11:28,45.5,realtime,44900.0,74200.0,-29300.0,0.38,45500.0,9000.0,45550.0,2700.0,45450.0,22900.0,45600.0,2000.0,45400.0,13300.0,45650.0,4000.0,12M,45.5,42.97,41.47,23.62,41.87,41.75,3.62,5.89,8.98,68.98,1.34,0.3,1.04,85.54,83.35,38.0,42.31,46.61,1.27,0.87,2.79,-3761097.0,0.11,88.09,45.64,5.14,78.57,46.35,38.15,-21735833.78,5.32,459570.06,-12.69,0.68,391600.0,577225.0,55.13,34.0,7.31,9.64,2026-10-08,False,0,True,0.0,49.0,215640554.0,219691500.0,18.96,14.59,4.37,8.09,-0.13,0.61,0.43,-255900000.0,144086205000.0,-1.73,0.0,0.0,0.0,,2026-Q2,14.35,2.43,16.0,5.0,0.0,,,0.0,28.0,13.0,0.72,,7.15,4462451810.64,1388342768.46,562999894.01,1000459462.23,0.0,0.36,1.61,0.38,0.28,1,27670047800.21,11741102096.57,15928945703.64,2924065418.59,2614866854.84,1.36,3339074764.41,-4594423585.99,,-1255348821.59,2.38,30,10,10,10,Xây dựng và Vật liệu,2300,Tổng Công ty Viglacera,Tổng Công ty Viglacera - Công ty Cổ phần,-4.09,0.3,3858130000.0,17976055000.0,0.21,0.59,4,False,False,0,,,2026-10-08 11:28
VHC,GAINER,HSX,2026-10-08 11:28,2026-10-08,11:28,52.6,realtime,36300.0,73600.0,-37300.0,0.33,52600.0,6000.0,52700.0,6900.0,52500.0,12200.0,52800.0,10100.0,52400.0,17600.0,52900.0,7900.0,12M,52.6,50.55,51.93,26.65,48.45,55.85,-2.66,4.06,-5.82,60.89,-0.31,0.4,-0.7,70.51,64.81,48.22,50.07,51.92,1.14,1.0,2.17,-470100.0,-0.13,54.74,50.22,3.4,42.86,52.3,48.0,-4763243.25,-21.57,189810.08,-11.54,1.8,542300.0,301825.0,69.9,48.0,5.84,1.94,2026-10-08,False,0,True,0.0,100.0,172951619.0,209453159.0,5.71,15.02,-9.31,-49.53,0.11,0.17,0.89,10140000.0,10140000.0,,2.0,1.0,1.0,Phạm Thanh Tùng,2026-Q2,7.83,1.13,15.0,11.0,2161.0,,,0.0,18.0,12.0,2.03,,5.73,3394053086.88,703020024.66,475173642.48,567367880.77,2161.0,0.15,0.79,0.06,-0.08,-1,13513956117.46,9821441014.41,3692515103.05,2375485440.43,94415929.13,0.38,2407151117.14,-287420747.27,,2119730369.87,1.7,31,13,10,8,Thực phẩm và đồ uống,3500,Thủy sản Vĩnh Hoàn,Công ty Cổ phần Vĩnh Hoàn,-4.09,0.3,1088560000.0,28407100000.0,0.04,0.59,2,False,False,0,Bán,,2026-10-08 11:28
VHM,LOSER,HSX,2026-10-08 11:28,2026-10-08,11:28,67.4,realtime,34500.0,53100.0,-18600.0,0.39,67600.0,4600.0,67700.0,9000.0,67500.0,12700.0,67800.0,42300.0,67400.0,15600.0,67900.0,27300.0,12M,67.7,69.27,70.32,12.1,74.41,63.76,-1.49,-2.27,6.18,42.19,-0.96,-0.06,-0.9,40.62,41.08,65.99,69.29,72.58,2.26,0.26,3.34,-56105067.0,-0.43,45.25,67.4,0.12,-35.71,74.2,65.2,-125286953.95,-147.76,-1725299.67,-63.24,0.41,3884400.0,9399705.0,83.44,41.84,3.52,-7.39,2026-10-08,False,0,True,0.0,50.0,3586133383.0,4107412004.0,299.19,381.3,-202.45,-2082.88,7.0,0.11,75.22,5423000000.0,-105327282000.0,-0.78,0.0,0.0,0.0,,2026-Q2,6.99,2.12,33.0,9.0,-484.0,,,0.0,44.0,36.0,0.86,,7.57,52107641000.0,35765915000.0,22683056000.0,32838551000.0,-484.0,-0.2,-0.11,1.75,2.02,1,1113193186000.0,284772810000.0,828420376000.0,62820116000.0,152688244000.0,2.91,41189141000.0,-78087978000.0,,-36898837000.0,0.98,14,15,5,-6,Bất động sản,8600,Vinhomes,Công ty Cổ phần Vinhomes,-4.09,0.3,-39968120000.0,263680220000.0,-0.15,0.59,-4,False,True,-3,,,2026-10-08 11:28
VIB,LOSER,HSX,2026-10-08 11:28,2026-10-08,11:28,13.85,realtime,480000.0,177500.0,302500.0,0.73,13800.0,297700.0,13850.0,132200.0,13750.0,286400.0,13900.0,212900.0,13700.0,228600.0,13950.0,1136500.0,12M,13.8,13.51,13.59,14.47,13.09,14.48,-0.59,2.15,-4.7,58.56,0.03,0.05,-0.02,74.35,60.51,13.11,13.46,13.81,0.26,0.99,1.88,-77130339.0,-0.13,66.75,13.56,1.8,42.86,14.0,13.15,-371006382.12,-3.09,524537.1,-23.53,0.47,2048700.0,4361420.0,17.66,12.83,2.6,0.73,2026-10-08,False,0,True,0.0,4.99,45180196.0,169859884.0,80.36,10.79,69.56,114.25,0.86,0.56,7.57,12509420000.0,14662462000.0,0.08,9.0,8.0,1.0,Phạm Thị Minh Huệ,2026-Q2,6.98,1.09,16.0,1.0,560.0,,,0.0,66.0,34.0,0.0,,0.0,5367740000.0,,1905424000.0,3663931000.0,560.0,-0.08,-0.15,0.05,-0.08,-1,580998048000.0,47837834000.0,533160214000.0,,,11.14,12935391000.0,-225985000.0,-2085210000.0,12709406000.0,1.78,22,16,10,-4,Ngân hàng,8300,VIBBank,Ngân hàng Thương mại Cổ phần Quốc tế Việt Nam,-4.09,0.3,3287435000.0,28311215000.0,0.12,0.59,4,False,False,0,Mua,,2026-10-08 11:28
VIC,GAINER,HSX,2026-10-08 11:28,2026-10-08,11:28,230.7,realtime,37100.0,82100.0,-45000.0,0.31,230500.0,1400.0,230700.0,3100.0,230300.0,1000.0,231000.0,4700.0,230200.0,1000.0,231200.0,6600.0,12M,230.7,231.56,227.51,18.32,242.59,189.08,1.78,-0.37,22.01,49.55,-0.32,-1.12,0.8,50.64,49.43,221.14,234.25,247.35,7.4,0.36,3.21,57839998.0,-0.31,39.15,225.66,-0.22,-50.0,249.5,215.0,74320980.28,-22.34,-1203436.23,-50.0,0.23,828900.0,3592350.0,265.0,93.0,0.3,-6.86,2026-10-08,False,0,True,0.0,48.02,3489020750.0,3727215320.0,406.64,541.19,-134.55,-1545.61,12.14,0.28,58.96,138279970000.0,150443070000.0,1.49,6.0,1.0,5.0,Nguyễn Thị Thu Hiền,2026-Q2,83.58,10.44,14.0,2.0,1033.0,,,0.0,20.0,6.0,0.78,,35.4,117568392000.0,29496057000.0,8711953000.0,16000125000.0,1033.0,0.13,0.2,1.53,10.26,1,1309346482000.0,191669605000.0,1117676877000.0,135759351000.0,220051194000.0,5.83,69244889000.0,-139928403000.0,,-70683514000.0,6.1,8,-8,10,6,Bất động sản,8600,VinGroup,Tập đoàn Vingroup - Công ty CP,-4.09,0.3,75225231000.0,191131040000.0,0.39,0.59,4,True,False,3,Bán,,2026-10-08 11:28
VIX,LOSER,HSX,2026-10-08 11:28,2026-10-08,11:28,11.55,realtime,149700.0,238400.0,-88700.0,0.39,11550.0,1234500.0,11600.0,37200.0,11500.0,1602700.0,11650.0,188900.0,11450.0,884900.0,11700.0,850700.0,12M,11.6,12.42,13.07,38.49,12.92,16.12,-4.97,-6.6,-28.04,31.25,-0.43,-0.09,-0.33,14.17,11.78,11.5,12.49,13.47,0.45,0.05,3.88,-1029269190.0,-0.52,10.9,11.77,-3.77,-78.57,13.9,11.45,-1977239121.44,-17.81,-2436270.36,-92.5,0.32,9438800.0,29617575.0,32.53,11.0,-9.02,-15.94,2026-10-08,False,0,True,0.0,100.0,2414251262.0,2572788533.0,93.9,112.11,-18.21,-321.71,2.44,0.39,14.23,-7175685000.0,-9549969000.0,-0.17,0.0,0.0,0.0,,2026-Q2,5.43,0.92,16.0,12.0,114.0,,,0.0,66.0,47.0,7.42,,6.01,1349303071.72,194120633.15,75882025.13,,114.0,-0.18,-0.45,-0.32,-0.94,-1,38592337487.37,32695309239.82,5897028247.55,4559500000.0,0.0,0.18,-6969094558.68,-162341070.0,,-7131435628.68,-1.29,2,18,-10,-6,Dịch vụ tài chính,8700,Chứng khoán VIX,Công ty Cổ phần Chứng khoán VIX,-4.09,0.3,-32333065000.0,109636345000.0,-0.29,0.59,-4,False,True,-3,,,2026-10-08 11:28
VJC,GAINER,HSX,2026-10-08 11:28,2026-10-08,11:28,128.7,realtime,139900.0,41300.0,98600.0,0.77,128700.0,2000.0,128800.0,1800.0,128600.0,3500.0,128900.0,2000.0,128500.0,300.0,129000.0,9400.0,12M,128.7,129.48,129.09,19.03,124.85,133.53,0.3,-0.6,-3.62,48.46,0.51,-0.52,1.04,28.38,32.78,121.86,129.88,137.9,2.75,0.43,2.14,5432215.0,0.36,39.91,131.74,-2.01,7.14,138.0,122.5,88210540.25,9.19,21284.5,-72.09,0.48,502500.0,1046875.0,169.22,100.0,-2.5,2.8,2026-10-08,False,0,True,0.0,30.0,183521160.0,230727888.0,24.11,43.1,-782.96,-699.77,-12.75,0.28,-117.72,30844270000.0,28588455000.0,0.2,0.0,0.0,0.0,,2026-Q2,45.22,3.74,9.0,2.0,0.0,,,0.0,8.0,2.0,1.04,,31.99,30514342299.25,1717422502.16,333740098.65,433861552.91,0.0,0.45,-0.67,0.71,-0.49,-1,149092842836.3,26397543807.67,122695299028.63,27470483400.44,44822769103.97,4.65,1509051393.02,-26554114681.27,,-25045063288.25,0.71,-1,-8,5,2,Du lịch và Giải trí,5700,Vietjet Air,Công ty Cổ phần Hàng không Vietjet,-4.09,0.3,5811100000.0,64424300000.0,0.09,0.59,4,False,False,0,,,2026-10-08 11:28
VND,LOSER,HSX,2026-10-08 11:28,2026-10-08,11:28,13.5,realtime,40100.0,261600.0,-221500.0,0.13,13500.0,13900.0,13550.0,37300.0,13450.0,93600.0,13600.0,83000.0,13400.0,351000.0,13650.0,50400.0,12M,13.55,14.3,15.29,49.19,14.75,16.87,-6.47,-5.24,-19.68,33.36,-0.64,-0.01,-0.63,27.41,20.31,13.1,14.26,15.42,0.45,0.19,3.32,-406166852.0,-0.42,17.18,13.42,-2.22,-78.57,16.0,13.05,-739166258.1,-12.8,-293032.27,-77.78,0.23,2319900.0,10283800.0,23.86,13.05,-6.55,-14.51,2026-10-08,False,0,True,0.0,100.0,1406088436.0,1522299908.0,115.81,83.08,32.73,-180.66,2.9,0.28,16.58,639980000.0,154880000.0,0.08,0.0,0.0,0.0,,2026-Q2,7.67,0.97,13.0,5.0,580.0,,,0.0,70.0,37.0,1.84,,9.11,1869167915.62,1537317559.64,882551882.48,,580.0,0.03,0.62,0.07,1.39,1,49866116931.03,21432124678.2,28433992252.84,23645363986.41,0.0,1.33,-4435192060.53,63026817.58,,-4372165242.95,-2.19,11,15,-10,6,Dịch vụ tài chính,8700,Chứng khoán VNDIRECT,Công ty Cổ phần Chứng khoán VNDIRECT,-4.09,0.3,-11674540000.0,31379920000.0,-0.37,0.59,-4,False,True,-3,,,2026-10-08 11:28
VNM,LOSER,HSX,2026-10-08 11:28,2026-10-08,11:28,57.8,realtime,48700.0,74600.0,-25900.0,0.39,57800.0,31700.0,57900.0,200.0,57700.0,64500.0,58000.0,76700.0,57600.0,27200.0,58100.0,5400.0,12M,57.8,59.33,59.78,27.87,60.92,60.11,-0.75,-2.58,-3.84,38.69,-0.81,-0.24,-0.56,23.02,17.46,57.11,59.48,61.85,1.06,0.15,1.83,12788830.0,-0.27,27.43,58.19,-2.42,-57.14,61.9,57.1,-177711575.53,-7.77,-393697.67,-83.33,0.27,675500.0,2465065.0,73.11,53.26,-4.62,-6.17,2026-10-08,False,0,True,0.0,100.0,1050281492.0,2089955445.0,234.52,343.07,-110.79,9.57,-1.61,0.56,-22.69,44882199000.0,31441537000.0,0.46,1.0,1.0,0.0,,2026-Q2,11.06,3.8,34.0,20.0,1369.0,,,0.0,42.0,16.0,1.55,,8.72,18847347464.99,8204085955.76,3167031130.41,3908962379.22,1369.0,0.17,0.3,0.13,0.28,1,57451803693.88,35666334973.93,21785468719.95,8323441876.84,131430000.0,0.61,8668137048.52,1976101215.68,,10644238264.2,0.92,22,9,5,8,Thực phẩm và đồ uống,3500,VINAMILK,Công ty Cổ phần Sữa Việt Nam,-4.09,0.3,1316564000.0,39121330000.0,0.03,0.59,2,False,False,0,Mua,,2026-10-08 11:28
VPB,GAINER,HSX,2026-10-08 11:28,2026-10-08,11:28,23.55,realtime,129800.0,357600.0,-227800.0,0.27,23500.0,328800.0,23550.0,488400.0,23450.0,359500.0,23600.0,620700.0,23400.0,156900.0,23650.0,381900.0,12M,23.55,22.65,21.87,40.5,21.63,21.65,3.57,3.97,8.78,66.32,0.56,0.03,0.53,88.34,79.33,21.27,22.58,23.88,0.57,0.87,2.42,102653067.0,0.14,66.42,23.56,2.31,35.71,23.6,21.3,-226036019.77,20.88,2378152.61,-2.94,0.23,5143300.0,22238092.0,27.01,18.63,6.56,7.93,2026-10-08,False,0,True,0.0,30.0,615158594.0,2380177080.0,75.33,148.65,-75.0,-932.65,-4.74,0.28,36.81,804080078000.0,2651690766000.0,6.51,0.0,0.0,0.0,,2026-Q2,7.85,1.31,17.0,2.0,1057.0,,,0.0,78.0,35.0,0.0,,0.0,23483634000.0,,8384630000.0,18869554000.0,1057.0,0.18,0.35,0.42,0.72,1,1502526376000.0,191215344000.0,1311311032000.0,,,6.86,44532621000.0,-88786000.0,8650600000.0,44443835000.0,1.86,34,16,10,8,Ngân hàng,8300,VPBank,Ngân hàng Thương mại Cổ phần Việt Nam Thịnh Vượng,-4.09,0.3,-5776185000.0,120181935000.0,-0.05,0.59,-2,False,False,0,,,2026-10-08 11:28
VPI,LOSER,HSX,2026-10-08 11:28,2026-10-08,11:28,56.0,realtime,50800.0,59700.0,-8900.0,0.46,55900.0,23000.0,56000.0,1200.0,55800.0,28600.0,56100.0,39000.0,55700.0,9000.0,56200.0,16400.0,12M,56.0,59.19,58.9,15.74,62.17,55.44,0.49,-5.39,1.01,37.0,-0.64,-0.63,-0.0,12.45,12.65,56.08,60.05,64.02,1.83,0.0,3.27,40607941.0,0.07,31.98,57.78,-4.89,-100.0,63.4,56.4,66623070.32,3.81,-455873.09,-97.18,0.31,556800.0,1768020.0,63.4,46.27,-9.39,-8.79,2026-10-08,False,0,True,0.0,49.0,136496102.0,172506643.0,69.58,46.32,23.26,-20.27,1.68,0.5,5.78,-1710700000.0,-2599145000.0,-0.0,0.0,0.0,0.0,,2026-Q2,50.36,3.75,8.0,3.0,406.0,,,0.0,40.0,17.0,0.32,,36.77,841950271.83,341247538.21,129804009.72,226454573.43,406.0,1.93,3.83,3.69,32.25,1,15817959625.33,5731658112.39,10086301512.94,2343802320.47,5060525927.89,1.76,156828991.18,-806373759.09,,-649544767.9,0.4,2,-8,0,10,Bất động sản,8600,Đầu tư Văn Phú - Invest,Công ty Cổ phần Phát triển Bất động sản Văn Phú,-4.09,0.3,350930000.0,31564350000.0,0.01,0.59,0,False,False,0,,,2026-10-08 11:28
VPL,GAINER,HSX,2026-10-08 11:28,2026-10-08,11:28,79.8,realtime,108600.0,22700.0,85900.0,0.83,79600.0,700.0,79800.0,1100.0,79500.0,1600.0,79900.0,1300.0,79400.0,400.0,80000.0,4500.0,12M,79.8,79.9,80.35,15.96,77.36,83.35,-0.56,-0.13,-4.26,49.55,-0.24,-0.17,-0.07,41.01,31.31,76.1,80.82,85.55,2.43,0.39,3.05,10254800.0,0.07,35.37,77.91,-1.93,-71.43,87.6,76.2,9893067.16,15.35,-92768.84,-46.27,0.24,237900.0,971175.0,111.0,67.0,2.31,-5.0,2026-10-08,False,0,True,0.0,49.0,796555034.0,919950684.0,92.95,46.78,46.17,266.01,-1.61,0.83,-5.54,2423010000.0,-4553190000.0,0.0,0.0,0.0,0.0,,2026-Q2,47.15,3.14,8.0,3.0,0.0,,,0.0,37.0,18.0,0.84,,22.97,3309546000.0,1157976000.0,671913000.0,733185000.0,0.0,-0.05,-0.55,0.12,2.99,1,119178039000.0,45360652000.0,73817387000.0,3757678000.0,17115994000.0,1.63,-1399892000.0,-185170000.0,,-1585062000.0,-1.27,-22,-8,-10,-4,Du lịch và Giải trí,5700,Vinpearl,Công ty Cổ phần Vinpearl,-4.09,0.3,4852380000.0,18871000000.0,0.26,0.59,4,False,False,0,,,2026-10-08 11:28
VPX,LOSER,HSX,2026-10-08 11:28,2026-10-08,11:28,23.2,realtime,28600.0,87500.0,-58900.0,0.25,23250.0,200.0,23400.0,1800.0,23200.0,9400.0,23450.0,3600.0,23150.0,8300.0,23500.0,4500.0,12M,23.2,24.41,25.02,20.79,23.17,27.57,-2.44,-4.96,-15.85,36.16,-0.34,-0.15,-0.2,18.23,22.01,22.6,24.31,26.02,0.74,0.18,3.19,6288900.0,0.14,61.27,24.49,-2.59,-50.0,26.0,22.8,27058746.57,10.85,-181023.46,-87.5,0.13,123900.0,962715.0,34.5,22.8,-7.94,-6.26,2026-10-08,False,0,True,0.0,100.0,1801632389.0,1875000000.0,2.04,20.44,-18.4,-46.53,-0.09,0.11,-1.09,35968525000.0,35968525000.0,,,,,,2026-Q2,8.13,1.23,16.0,7.0,925.0,,,0.0,70.0,39.0,1.65,,10.03,4098141674.33,3027309416.75,1733062153.8,,925.0,0.43,2.98,2.47,2.93,1,88950788787.98,35702739951.38,53248048836.6,52419985354.81,0.0,1.49,-35041717537.85,-15774434.72,,-35057491972.57,-9.82,16,16,-10,10,Dịch vụ tài chính,8700,Chứng khoán VPBank,Công ty Cổ phần Chứng khoán VPBank,-4.09,0.3,-44485000.0,2880120000.0,-0.02,0.59,0,False,False,0,,,2026-10-08 11:28
VRE,GAINER,HSX,2026-10-08 11:28,2026-10-08,11:28,23.3,realtime,56100.0,158000.0,-101900.0,0.26,23300.0,57100.0,23350.0,24400.0,23250.0,99800.0,23400.0,6200.0,23200.0,65900.0,23450.0,11600.0,12M,23.35,24.39,25.07,23.76,25.31,27.89,-2.71,-4.26,-16.28,35.12,-0.53,-0.15,-0.38,12.96,12.79,22.97,24.61,26.24,0.7,0.12,3.0,-82032678.0,-0.25,19.33,23.31,-2.75,-85.71,26.5,23.05,-24537836.43,-379.68,-488649.1,-89.47,0.41,1624700.0,3988535.0,43.65,20.9,-3.31,-11.72,2026-10-08,False,0,True,0.0,49.0,885268445.0,1141121020.0,67.59,85.82,-18.23,-129.32,0.17,0.22,3.54,25937875000.0,26494700000.0,0.27,0.0,0.0,0.0,,2026-Q2,7.29,1.07,15.0,12.0,708.0,,,0.0,54.0,79.0,1.57,,9.78,2373871000.0,1398332000.0,1608531000.0,1892698000.0,708.0,0.04,0.0,0.11,0.3,1,62806214000.0,49310673000.0,13495541000.0,19451000.0,6386715000.0,0.27,-3262205000.0,3007764000.0,,-254441000.0,-0.51,5,13,-10,2,Bất động sản,8600,Vincom Retail,Công ty Cổ phần Vincom Retail,-4.09,0.3,329820000.0,37807900000.0,0.01,0.59,0,False,False,0,,,2026-10-08 11:28
VSC,GAINER,HSX,2026-10-08 11:28,2026-10-08,11:28,13.55,realtime,47900.0,395300.0,-347400.0,0.11,13550.0,42300.0,13600.0,99800.0,13500.0,335800.0,13650.0,185700.0,13450.0,154600.0,13700.0,501000.0,12M,13.55,13.37,14.17,24.95,14.3,18.66,-5.65,1.35,-27.38,50.69,-0.22,0.08,-0.3,54.67,36.67,12.69,13.19,13.69,0.49,0.86,3.62,8122000.0,-0.26,54.4,13.3,0.94,-42.86,13.9,12.25,-424917328.74,-10.11,730288.16,-28.0,0.8,6101000.0,7596900.0,29.4,12.25,3.44,0.0,2026-10-08,False,0,True,0.0,49.0,175854808.0,183441477.0,39.08,28.81,10.27,24.84,-0.26,0.5,0.67,398205000.0,398205000.0,,5.0,2.0,3.0,Vũ Ngọc Lâm,2026-Q2,14.72,0.9,6.0,3.0,0.0,,,0.0,40.0,17.0,1.02,,9.93,861250391.28,375686602.56,185789072.05,286820937.29,0.0,0.0,12.92,0.07,0.6,1,14853712501.08,7260764465.53,7592948035.55,2498514357.68,4005041642.03,1.05,627525495.62,-3847038190.21,,-3219512694.59,1.84,28,12,10,6,Hàng & Dịch vụ Công nghiệp,2700,VICONSHIP,Công ty Cổ phần Container Việt Nam,-4.09,0.3,-11585755000.0,83795915000.0,-0.14,0.59,-4,False,True,-3,Mua,,2026-10-08 11:28
VTP,GAINER,HSX,2026-10-08 11:28,2026-10-08,11:28,50.1,realtime,30800.0,89000.0,-58200.0,0.26,50000.0,16700.0,50100.0,3600.0,49950.0,9800.0,50200.0,2200.0,49900.0,6200.0,50300.0,800.0,12M,50.1,51.07,51.62,16.7,48.41,57.61,-1.07,-1.9,-13.04,45.22,-0.21,-0.07,-0.13,23.95,34.32,47.39,50.55,53.7,1.77,0.43,3.53,8169304.0,-0.03,64.39,51.84,0.6,57.14,55.0,48.1,-15511838.33,-2.55,-3989.26,-72.59,0.32,239400.0,749790.0,82.42,43.4,-4.75,-1.38,2026-10-08,False,0,True,0.0,49.0,90991637.0,98923733.0,14.04,13.38,0.66,18.37,-0.02,0.61,-0.89,-5219220000.0,-38959245000.0,-0.0,0.0,0.0,0.0,,2026-Q2,22.44,4.32,18.0,5.0,272.0,,,0.0,6.0,2.0,1.16,,17.38,5585685569.5,302738990.97,68915717.79,94023093.16,272.0,0.17,0.77,0.12,-0.29,-1,8084230587.64,2317910598.85,5766319988.79,1634562666.15,394855135.73,2.49,761724836.06,-1073775070.77,,-312050234.71,1.88,21,3,10,8,Hàng & Dịch vụ Công nghiệp,2700,Bưu chính Viettel,Tổng Công ty Cổ phần Bưu chính Viettel,-4.09,0.3,-92775000.0,12005945000.0,-0.01,0.59,0,False,False,0,,,2026-10-08 11:28
