symbol,group,exchange,time,date,snap_time,price,price_type,intra_buy_vol,intra_sell_vol,intra_delta,intra_buy_ratio,bid_price_1,bid_vol_1,ask_price_1,ask_vol_1,bid_price_2,bid_vol_2,ask_price_2,ask_vol_2,bid_price_3,bid_vol_3,ask_price_3,ask_vol_3,_ta_window,_last_close,ema20,ema50,adx,supertrend,ema200,ema_cross_pct,price_vs_ema20_pct,price_vs_ema200_pct,rsi,macd,macd_sig,macd_hist,stoch_k,stoch_d,bb_lower,bb_mid,bb_upper,atr,bb_position,atr_pct,obv,cmf,mfi,linreg_20,linreg_slope_pct,aroon_osc,donchian_upper_prev,donchian_lower_prev,ad_line,ad_slope_20d_pct,efi_13,willr_14,vol_ma_ratio,vol_today,vol_avg_20d,high_52w,low_52w,roc_10,return_20d,_cached_date,_ta_from_cache,_ta_stale_days,_should_cache,ff_room,ff_room_max_pct,ff_room_raw,ff_total_room_raw,ff_buy_val_5d,ff_sell_val_5d,ff_net_val_5d,ff_net_val_20d,ff_trend,ff_consistency,ff_acceleration,pt_net_val_5d,pt_net_val_20d,pt_trend,insider_count,insider_buy_count,insider_sell_count,insider_name,r_period,r_pe,r_pb,r_roe,r_roa,r_eps,r_bvps,r_beta,r_div_yield,r_gross_margin,r_net_margin,r_quick_ratio,r_interest_cov,r_ev_ebitda,is_revenue,is_gross_profit,is_net_profit,is_operating_profit,is_eps,is_rev_growth,is_profit_growth,is_rev_growth_yoy,is_profit_growth_yoy,eps_consistency,bs_total_assets,bs_equity,bs_total_liab,bs_short_debt,bs_long_debt,bs_debt_to_equity,cf_operating,cf_investing,cf_financing,cf_free,cf_quality_ratio,finance_score,finance_score_fund,finance_score_cf,finance_score_growth,industry,icb_code,organ_short_name,organ_name,vnindex_return_20d,vnindex_return_5d,ff_intra_net,ff_intra_gtgd,ff_intra_ratio,ff_intra_frac,ff_intra_pts,ff_intra_strong_buy,ff_intra_strong_sell,ff_intra_flag_pts,insider_latest,market_valuation,trend_score,momentum_score,volume_score,volatility_score,order_flow_score,depth_score,ff_score,fundamental_score,cf_score,growth_score,context_score,news_score,confluence_bonus,tech_score,fund_score,news_industry,news_mention,news_macro,total_score,decision,confidence,signals,base_score_v2,scoring_version,data_missing,data_completeness,ext_rs_score,ext_52w_score,ext_roc_score,ext_nr7_score,ext_ba_score,ext_room_score,ext_fv_score,ext_div_score,ext_eps_score,ext_prop_score,ext_insider_score,ext_breadth_score,ext_linreg_score,ext_aroon_score,ext_donchian_score,ext_ad_score,ext_efi_score,ext_willr_score,ext_signals,smart_money_score,norm_smart_money,norm_trend,norm_momentum,norm_volume,norm_volatility,norm_order_flow,norm_depth,norm_ff,norm_fundamental,norm_cf,norm_growth,norm_context,w_trend,w_momentum,w_volume,w_order_flow,w_ff,w_fundamental,w_cf,w_growth,chg_pct_1d,chg_abs_vnd,accumulated_value,_of_pattern,_of_distribution,_of_buy_ratio,_of_sell_ratio,_of_vol_spike,_of_avg_size,_of_total_trades,_of_trader_type,_of_buy_count,_of_sell_count,_of_buy_vol,_of_sell_vol,_ctx_close,_ctx_ema50,_ctx_ema200,_ctx_chg_1d,_ctx_chg_5d,_ctx_chg_20d,_ctx_regime,_ctx_pe,_ctx_pb,_ctx_pe_pct,_ctx_pb_pct,_ctx_valuation,sector_group,rank_fund_uni,rank_fund_grp,rank_trend_grp,rank_ff_grp,rank_cf_grp,rank_growth_grp,adtv_bil,size_band,updated_at,news_evidence,pattern_flags
ACB,GAINER,HSX,2026-10-01 14:13,2026-10-01,14:13,21.15,realtime,18000.0,210800.0,-192800.0,0.08,21100.0,56100.0,21150.0,73000.0,21050.0,297800.0,21200.0,99900.0,21000.0,735500.0,21250.0,126100.0,12M,21.1,21.76,22.02,17.86,22.33,21.53,-1.18,-3.03,-2.0,36.47,-0.32,-0.12,-0.2,4.5,4.95,20.85,21.92,22.99,0.4,0.12,1.9,-155988415.0,-0.26,37.32,21.23,-3.48,-42.86,22.85,21.0,-230001113.15,-18.85,-737103.97,-94.59,0.38,2837000.0,7445780.0,23.85,18.7,-7.46,-4.95,2026-10-01,False,0,True,0.0,30.0,377381959.0,1741326587.0,38.61,303.7,-265.09,-256.87,-4.78,0.44,-38.75,-37329975000.0,-149092480000.0,-0.3,0.0,0.0,0.0,,2026-Q2,7.81,1.23,16.0,2.0,0.0,,,0.0,68.0,45.0,0.0,,0.0,9142900000.0,,4292478000.0,6427073000.0,0.0,0.03,-0.01,-0.02,-0.12,-1,1067845075000.0,99314518000.0,968530557000.0,,,9.75,28160074000.0,-304232000.0,-4466658000.0,27855842000.0,1.8,26,16,10,0,Ngân hàng,8300,ACB,Ngân hàng Thương mại Cổ phần Á Châu,-4.3,-1.46,-14545055000.0,60225985000.0,-0.24,0.93,-4,False,True,-3,,FAIR,-23,-5,3,5,-3,-1,-15,16,0,-4,-4,0.0,-5,-28,11,0.0,0.0,0.0,-26.98,STRONG SELL,MEDIUM,EMA20<EMA50 -15 | Giá -2%<EMA200 (dưới xu hướng) -3 | ST=22.33 bearish -5 | MACD hist=-0.2<0 -10 | Stoch K=4.5 oversold +5 | CMF=-0.26 outflow (oversold) +8 | MFI=37.32 weak -6 | OBV confirms trend +4 | Vol=0.38x avg weak -3 | BB pos=0.12 near lower (oversold) +5 | OF pattern=WEAK -3 | AskWall x3 mức ≥5K cp -3 | BidWall x3 mức ≥5K cp +2 | FF net sell intensity=-0.77 (5d/20d aligned) -10 | FF flow giảm tốc (trend+accel cùng âm) -5 | PE=7.81 very cheap +10 | PB=1.23 fair +3 | ROE=16.0% good +3 | CFO=28160074000000 (sector-skip) 0 | RevG-YoY=-1.6% slight decline -1 | ProfitG-YoY=-12.1% declining -3 | Market FAIR+giam sau -4 | CONFLUENCE bear (5/11) -5,-21.98,v2.3,[],1.0,0,0,-3,3,0,-3,0,0,-1,-10,0,0,-3,-2,0,-2,-1,3,"RS=0.99(─) +0 | 52W_hi=-11.3% +0 | LinReg_slope=-3.5%/5d -3 | Aroon=-43(▼) -2 | ROC10=-7.5% -3 | Williams%R=-94.6 +3 | NR=Y compress=0.59 +3 | AD_slope20d=-18.9% -2 | EFI=-737,104 -1 | AskWall≤2%@21.2(126K) -2 | BidWall≤2%@21.0(736K) +2 → +0 | FFroom=6.5% -3 | EPScons=-1qtrs -1 | PropTrade=-37.3tỷ(5d) -10",-10,-0.5,-0.53,-0.17,0.0,1.0,-0.3,-0.14,-0.67,0.55,0.0,-0.33,-0.44,0.2,0.13,0.1,0.08,0.11,0.08,0.05,0.06,,,,WEAK,NORMAL,0.54,0.46,-58.2,981.0,2876,Retail,1234,1561.0,1491300,1265100.0,1768.62,1793.46,1782.83,-0.51,-1.83,-3.47,DEEP_DOWN,12.24,1.99,12.8,62.2,FAIR,NGAN_HANG,0.5,0.51,0.42,0.14,0.5,0.08,,,2026-10-01 14:15,,
ANV,GAINER,HSX,2026-10-01 14:13,2026-10-01,14:13,15.75,realtime,59900.0,86700.0,-26800.0,0.41,15700.0,13000.0,15750.0,600.0,15650.0,16600.0,15800.0,14000.0,15600.0,14600.0,15850.0,28300.0,12M,15.75,16.07,17.03,20.96,16.75,22.02,-5.64,-1.99,-28.47,41.29,-0.38,0.02,-0.4,34.38,28.17,15.19,15.99,16.79,0.46,0.35,2.92,-16370962.0,-0.36,59.95,15.61,-0.05,-28.57,17.2,15.1,-41323724.93,-7.25,-15418.98,-59.37,0.91,350000.0,384285.0,33.4,15.1,-1.56,-8.16,2026-10-01,False,0,True,0.0,49.0,123796975.0,130667075.0,4.32,3.08,1.24,0.63,0.02,0.56,0.21,422530000.0,-338850000.0,0.02,2.0,2.0,0.0,Doãn Chí Thiên,2026-Q2,4.79,1.07,24.0,14.0,506.0,,,0.0,20.0,11.0,1.08,,5.08,1937045719.52,311757820.49,134869981.06,159094618.33,506.0,0.05,-0.31,0.12,-0.59,-1,6433725742.77,3857096522.11,2576629220.65,1824026821.46,38864453.66,0.67,997997131.07,-797009360.7,,200987770.37,1.0,21,18,5,-2,Thực phẩm và đồ uống,3500,Thủy sản Nam Việt,Công ty Cổ phần Nam Việt,-4.3,-1.46,191365000.0,5684520000.0,0.03,0.93,2,False,False,0,Mua,FAIR,-25,-2,12,0,0,-1,10,19,5,0,-4,0.0,0,-23,17,0.0,0.0,0.0,1.07,NEUTRAL,MEDIUM,EMA20<EMA50 -15 | Giá -28%<EMA200 (downtrend dài hạn) -5 | ST=16.75 bearish -5 | RSI=41.29 neutral +5 | MACD hist=-0.4<0 -10 | Stoch K>28.17 cross up +3 | CMF=-0.36 outflow (oversold) +8 | OBV confirms trend +4 | AskWall x2 mức ≥5K cp -3 | BidWall x3 mức ≥5K cp +2 | FF net buy intensity=+0.17 (5d/20d aligned) +5 | FF flow tăng tốc (trend+accel cùng dương) +5 | PE=4.79 very cheap +10 | PB=1.07 fair +3 | ROE=24.0% excellent +5 | D/E=0.668 healthy +1 | CFO>0 real cash +5 | RevG-YoY=12.2% good +3 | ProfitG-YoY=-59.5% declining -3 | Market FAIR+giam sau -4,1.07,v2.3,[],1.0,0,-5,0,0,0,3,-6,0,-1,0,3,0,0,0,0,-2,-1,0,"RS=0.96(─) +0 | 52W_hi=-52.8% -5 | LinReg_slope=-0.1%/5d +0 | Aroon=-29(─) +0 | ROC10=-1.6% +0 | Williams%R=-59.4 +0 | NR=N compress=0.76 +0 | AD_slope20d=-7.2% -2 | EFI=-15,419 -1 | AskWall≤2%@15.8(28K) -2 | BidWall≤2%@15.7(17K) +2 → +0 | FFroom=46.4% +3 | FairVal=-139%(PE×EPS=6578) -6 | EPScons=-1qtrs -1 | PropTrade=+0.4tỷ(5d) +0 | Insider=B2/S0(90d) net=+2 +3",3,0.15,-0.57,-0.07,0.36,0.0,0.0,-0.14,0.48,0.45,0.5,-0.07,-0.44,0.2,0.13,0.1,0.08,0.11,0.08,0.05,0.06,1.29,200.0,5.53,CONTENTION,BIMODAL,0.61,0.39,-10.8,556.0,627,Retail,452,173.0,213800,134400.0,1768.62,1793.46,1782.83,-0.51,-1.83,-3.47,DEEP_DOWN,12.24,1.99,12.8,62.2,FAIR,TIEU_DUNG_DICH_VU,0.83,0.79,0.25,0.8,0.6,0.25,5.53,NHO,2026-10-01 14:15,,
BAF,LOSER,HSX,2026-10-01 14:13,2026-10-01,14:13,30.9,realtime,146900.0,616800.0,-469900.0,0.19,30850.0,11800.0,30900.0,4000.0,30800.0,26500.0,31000.0,13200.0,30750.0,32000.0,31100.0,5100.0,12M,30.9,31.73,31.39,21.38,32.86,30.2,1.08,-2.62,2.32,32.26,-0.06,-0.14,0.08,31.16,42.17,31.2,31.89,32.58,0.53,0.0,1.72,80843690.0,0.24,28.55,31.41,-0.92,-78.57,33.0,30.85,161314983.06,4.57,-170281.45,-96.43,0.8,1240600.0,1547935.0,33.0,25.37,-3.59,-4.92,2026-10-01,False,0,True,0.0,50.0,167379268.0,182412453.0,32.69,32.15,0.54,-26.82,-0.08,0.33,1.6,-8431432000.0,-8431432000.0,-0.77,0.0,0.0,0.0,,2026-Q2,122.82,2.63,2.0,1.0,170.0,,,0.0,14.0,1.0,0.95,,18.33,2126498179.17,351232577.51,103460328.38,140290574.57,170.0,0.21,-0.5,0.53,-0.51,-1,13512025259.18,4373759559.26,9138265699.92,3040675598.72,3196420031.77,2.09,-1379717534.3,-1464058853.35,,-2843776387.65,-10.9,-16,-8,-10,2,Thực phẩm và đồ uống,3500,Nông nghiệp BAF Việt Nam,Công ty Cổ phần Nông nghiệp BAF Việt Nam,-4.3,-1.46,-16717310000.0,38723835000.0,-0.43,0.93,-4,False,True,-3,,FAIR,13,7,-10,5,-3,-1,0,-10,-10,2,-4,0.0,-5,11,-25,0.0,0.0,0.0,-14.73,SELL,MEDIUM,EMA20>EMA50 +15 | Giá 2%>EMA200 (trên xu hướng) +3 | ST=32.86 bearish -5 | MACD hist=0.08>0 +10 | Stoch K<42.17 cross down -3 | CMF=0.24 inflow (overbought) -8 | MFI=28.55 weak -6 | OBV confirms trend +4 | BB pos=0.0 near lower (oversold) +5 | OF pattern=WEAK -3 | AskWall x2 mức ≥5K cp -3 | BidWall x3 mức ≥5K cp +2 | FF net trung tính (intensity=+0.01) +0 | PE=122.82 expensive -5 | PB=2.63 neutral 0 | ROE=2.0% weak -3 | D/E=2.089 high -2 | CFO<0 cash burn -10 | CF quality=-10.9 low -5 | RevG-YoY=53.3% strong +5 | ProfitG-YoY=-50.7% declining -3 | Market FAIR+giam sau -4 | CONFLUENCE bear (5/11) -5,-9.73,v2.3,[],1.0,0,0,-1,0,0,3,-6,0,-1,-10,0,0,0,-3,0,1,-1,3,"RS=0.99(─) +0 | 52W_hi=-6.4% +0 | LinReg_slope=-0.9%/5d +0 | Aroon=-79(▼) -3 | ROC10=-3.6% -1 | Williams%R=-96.4 +3 | NR=N compress=1.13 +0 | AD_slope20d=+4.6% +1 | EFI=-170,281 -1 | AskWall≤2%@31.0(13K) -2 | BidWall≤2%@30.8(32K) +2 → +0 | FFroom=45.9% +3 | FairVal=-1298%(PE×EPS=2210) -6 | EPScons=-1qtrs -1 | PropTrade=-8.4tỷ(5d) -10",-10,-0.5,0.19,0.31,-0.4,0.62,-0.3,-0.14,0.11,-0.55,-1.0,0.07,-0.44,0.2,0.13,0.1,0.08,0.11,0.08,0.05,0.06,-1.9,-600.0,38.72,WEAK,BIMODAL,0.35,0.65,-26.8,3793.0,327,Mixed,193,126.0,421000,797000.0,1768.62,1793.46,1782.83,-0.51,-1.83,-3.47,DEEP_DOWN,12.24,1.99,12.8,62.2,FAIR,TIEU_DUNG_DICH_VU,0.15,0.17,0.75,0.6,0.1,0.5,38.72,VUA,2026-10-01 14:15,,
BCM,GAINER,HSX,2026-10-01 14:13,2026-10-01,14:13,39.65,realtime,41100.0,57300.0,-16200.0,0.42,39700.0,1100.0,39750.0,600.0,39650.0,700.0,39850.0,4000.0,39600.0,1900.0,39900.0,7800.0,12M,39.75,40.36,41.91,10.18,43.31,52.16,-3.7,-1.51,-23.79,44.61,-0.53,-0.03,-0.5,34.3,29.35,38.33,40.39,42.45,1.39,0.34,3.5,-10126180.0,-0.42,61.23,39.38,-0.25,-14.29,44.2,38.5,-24888916.32,-22.07,-65783.29,-63.77,0.55,304700.0,552140.0,82.28,33.9,-1.73,-6.14,2026-10-01,False,0,True,0.0,34.0,348476649.0,351900000.0,14.11,5.45,8.66,13.93,0.12,0.67,0.96,,,,0.0,0.0,0.0,,2026-Q2,21.11,1.88,9.0,3.0,-10.0,,,0.0,66.0,51.0,0.5,,58.7,544943011.91,304023842.14,12554300.66,-43738522.47,-10.0,-0.51,-0.96,-0.81,-0.99,-1,62642358216.79,22493073792.15,40149284424.64,9433653546.78,16900243201.26,1.78,-222925896.41,-1871098203.92,,-2094024100.33,-0.06,-10,6,-10,-6,Bất động sản,8600,Becamex Group,Tập đoàn Đầu tư và Phát triển Công nghiệp Becamex - CTCP,-4.3,-1.46,2325375000.0,12142280000.0,0.19,0.93,4,False,False,0,,FAIR,-25,-2,18,0,-3,-3,15,6,0,-6,-4,0.0,0,-19,-1,0.0,0.0,0.0,-7.19,NEUTRAL,LOW,"EMA20<EMA50 -15 | Giá -24%<EMA200 (downtrend dài hạn) -5 | ST=43.31 bearish -5 | RSI=44.61 neutral +5 | MACD hist=-0.5<0 -10 | Stoch K>29.35 cross up +3 | CMF=-0.42 outflow (oversold) +8 | MFI=61.23 strong inflow +6 | OBV confirms trend +4 | OF pattern=WEAK -3 | AskWall 39.90 (8K cp, +0.6%) -2 | NoBidWall -1 | FF net buy intensity=+0.44 (5d/20d aligned) +10 | FF flow tăng tốc (trend+accel cùng dương) +5 | PE=21.11 fair +3 | PB=1.88 fair +3 | D/E=1.785 moderate 0 | CFO=-222925896411 (sector-skip) 0 | RevG-YoY=-81.2% declining -3 | ProfitG-YoY=-99.2% declining -3 | Market FAIR+giam sau -4",-7.19,v2.3,[],1.0,0,-5,0,0,-3,3,0,0,-1,0,0,0,0,0,0,-2,-1,1,"RS=0.98(─) +0 | 52W_hi=-51.8% -5 | LinReg_slope=-0.2%/5d +0 | Aroon=-14(─) +0 | ROC10=-1.7% +0 | Williams%R=-63.8 +1 | NR=N compress=0.88 +0 | AD_slope20d=-22.1% -2 | EFI=-65,783 -1 | AskWall≤2%@39.9(8K) -2 | NoBidWall -1 → -3 | FFroom=33.7% +3 | EPScons=-1qtrs -1",0,0.0,-0.57,-0.03,0.6,0.0,-0.3,-0.86,0.67,0.21,0.0,-0.47,-0.44,0.2,0.13,0.1,0.08,0.11,0.08,0.05,0.06,0.13,50.0,12.14,WEAK,BIMODAL,0.45,0.55,-43.3,502.0,601,Retail,238,351.0,134200,162000.0,1768.62,1793.46,1782.83,-0.51,-1.83,-3.47,DEEP_DOWN,12.24,1.99,12.8,62.2,FAIR,BAT_DONG_SAN,0.32,0.4,0.47,0.97,0.5,0.06,12.14,NHO,2026-10-01 14:15,,UNCLEAR
BID,LOSER,HSX,2026-10-01 14:13,2026-10-01,14:13,35.5,realtime,22900.0,138700.0,-115800.0,0.14,35550.0,9100.0,35600.0,11200.0,35500.0,47000.0,35650.0,10400.0,35450.0,49900.0,35700.0,4000.0,12M,35.55,36.05,36.32,10.89,34.82,37.63,-0.74,-1.39,-5.53,43.19,-0.13,-0.06,-0.07,28.07,28.23,35.39,36.1,36.8,0.75,0.11,2.11,-3517253.0,-0.28,30.93,35.84,-0.46,-42.86,37.85,35.0,-184945410.1,-12.02,-408879.54,-80.7,0.52,1890400.0,3651705.0,52.37,32.15,-3.13,-2.47,2026-10-01,False,0,True,0.0,30.0,972124545.0,2333468841.0,72.19,139.6,-52.0,73.58,-2.09,0.44,-14.49,6108945000.0,-18390265000.0,-0.3,0.0,0.0,0.0,,2026-Q2,8.46,1.45,18.0,1.0,0.0,,,0.0,67.0,34.0,0.0,,0.0,23637194000.0,,8146256000.0,16153261000.0,0.0,0.14,0.2,0.07,0.21,1,3440840854000.0,198783286000.0,3242057568000.0,,,16.31,192940485000.0,-1638693000.0,14251434000.0,191301792000.0,6.45,32,16,10,6,Ngân hàng,8300,BIDV,Ngân hàng Thương mại Cổ phần Đầu tư và Phát triển Việt Nam,-4.3,-1.46,-16794617750.0,68224695000.0,-0.25,0.93,-4,False,True,-3,,FAIR,-15,-8,6,5,-3,-1,-10,16,0,6,-4,0.0,0,-19,22,0.0,0.0,0.0,-5.8,NEUTRAL,MEDIUM,EMA20<EMA50 -15 | Giá -6%<EMA200 (downtrend dài hạn) -5 | ST=34.82 bullish +5 | RSI=43.19 neutral +5 | MACD hist=-0.07<0 -10 | Stoch K<28.23 cross down -3 | CMF=-0.28 outflow (oversold) +8 | MFI=30.93 weak -6 | OBV confirms trend +4 | BB pos=0.11 near lower (oversold) +5 | OF pattern=WEAK -3 | AskWall x2 mức ≥5K cp -3 | BidWall x3 mức ≥5K cp +2 | FF net sell intensity=-0.25 -5 | FF flow giảm tốc (trend+accel cùng âm) -5 | PE=8.46 very cheap +10 | PB=1.45 fair +3 | ROE=18.0% good +3 | CFO=192940485000000 (sector-skip) 0 | RevG-YoY=7.0% positive +1 | ProfitG-YoY=20.6% strong +5 | Market FAIR+giam sau -4,-5.8,v2.3,[],1.0,0,-3,-1,2,0,0,0,0,0,5,0,0,0,-2,0,-2,-1,3,"RS=1.02(─) +0 | 52W_hi=-32.2% -3 | LinReg_slope=-0.5%/5d +0 | Aroon=-43(▼) -2 | ROC10=-3.1% -1 | Williams%R=-80.7 +3 | NR=Y compress=0.80 +2 | AD_slope20d=-12.0% -2 | EFI=-408,880 -1 | AskWall≤2%@35.6(11K) -2 | BidWall≤2%@35.5(50K) +2 → +0 | FFroom=12.5% +0 | EPScons=1qtrs +0 | PropTrade=+6.1tỷ(5d) +5",5,0.25,-0.38,-0.21,0.12,0.88,-0.3,-0.14,-0.37,0.55,0.0,0.4,-0.44,0.2,0.13,0.1,0.08,0.11,0.08,0.05,0.06,-1.11,-400.0,67.49,WEAK,BIMODAL,0.25,0.75,-39.9,779.0,2270,Retail,550,1694.0,433200,1325300.0,1768.62,1793.46,1782.83,-0.51,-1.83,-3.47,DEEP_DOWN,12.24,1.99,12.8,62.2,FAIR,NGAN_HANG,0.46,0.37,0.53,0.39,0.5,0.58,67.49,VUA,2026-10-01 14:15,,
BMP,LOSER,HSX,2026-10-01 14:13,2026-10-01,14:13,143.1,realtime,8600.0,12200.0,-3600.0,0.41,143000.0,2900.0,143200.0,100.0,142900.0,1000.0,143400.0,1000.0,142800.0,1100.0,143500.0,800.0,12M,143.0,143.9,144.82,17.04,138.88,145.96,-0.64,-0.63,-2.03,46.12,-0.46,0.09,-0.55,52.08,54.51,138.76,143.23,147.69,2.16,0.47,1.51,-821565.0,-0.24,61.4,144.58,0.33,7.14,147.6,138.0,-732944.42,-80.17,5014.99,-47.92,0.32,22100.0,68970.0,180.67,114.64,-0.49,-0.63,2026-10-01,False,0,True,0.0,100.0,14400572.0,81860938.0,8.91,2.94,5.97,14.81,0.14,0.56,0.37,1976740000.0,-2108320000.0,0.02,0.0,0.0,0.0,,2026-Q2,9.13,4.11,43.0,35.0,4486.0,,,0.0,47.0,23.0,3.97,,6.21,1319560280.24,616687292.13,367189104.89,457725438.85,4486.0,-0.09,0.21,0.01,0.11,1,3355304197.14,2851963910.26,503340286.88,54900000.0,0.0,0.18,1218889664.9,-381977475.07,,836912189.83,0.99,21,12,5,4,Xây dựng và Vật liệu,2300,Nhựa Bình Minh,Công ty Cổ phần Nhựa Bình Minh,-4.3,-1.46,-171780000.0,3180000000.0,-0.05,0.93,-2,False,False,0,,FAIR,-13,-8,15,0,-3,0,15,15,5,4,-4,0.0,5,-10,18,0.0,0.0,0.0,11.69,NEUTRAL,MEDIUM,EMA20<EMA50 -15 | Giá -2%<EMA200 (dưới xu hướng) -3 | ST=138.88 bullish +5 | RSI=46.12 neutral +5 | MACD hist=-0.55<0 -10 | Stoch K<54.51 cross down -3 | CMF=-0.24 outflow (oversold) +8 | MFI=61.4 strong inflow +6 | OBV confirms trend +4 | Vol=0.32x avg weak -3 | OF pattern=WEAK -3 | AskClear (no wall) +1 | NoBidWall -1 | FF net buy intensity=+0.50 (5d/20d aligned) +10 | FF flow tăng tốc (trend+accel cùng dương) +5 | PE=9.13 very cheap +10 | PB=4.11 expensive -3 | ROE=43.0% excellent +5 | D/E=0.176 very low +3 | CFO>0 real cash +5 | RevG-YoY=0.9% positive +1 | ProfitG-YoY=11.3% good +3 | Market FAIR+giam sau -4 | CONFLUENCE bull (5/10 groups) +5 | CONFLUENCE bull (5/11) +5,6.69,v2.3,[],1.0,0,-3,0,3,0,0,-6,0,0,2,0,0,0,0,0,-2,1,0,"RS=1.04(─) +0 | 52W_hi=-20.8% -3 | LinReg_slope=+0.3%/5d +0 | Aroon=+7(─) +0 | ROC10=-0.5% +0 | Williams%R=-47.9 +0 | NR=Y compress=0.53 +3 | AD_slope20d=-80.2% -2 | EFI=+5,015 +1 | FFroom=17.6% +0 | FairVal=-145%(PE×EPS=58318) -6 | EPScons=1qtrs +0 | PropTrade=+2.0tỷ(5d) +2",2,0.1,-0.3,-0.28,0.56,0.38,-0.3,0.0,0.56,0.31,0.5,0.27,-0.44,0.2,0.13,0.1,0.08,0.11,0.08,0.05,0.06,-0.07,-100.0,3.17,WEAK,BIMODAL,0.41,0.59,-58.1,228.0,92,Retail,29,61.0,8600,12200.0,1768.62,1793.46,1782.83,-0.51,-1.83,-3.47,DEEP_DOWN,12.24,1.99,12.8,62.2,FAIR,CONG_NGHIEP,0.66,0.67,0.77,0.83,0.33,0.47,3.17,NHO,2026-10-01 14:15,,
BSI,LOSER,HSX,2026-10-01 14:13,2026-10-01,14:13,25.5,realtime,31900.0,77400.0,-45500.0,0.29,25450.0,5900.0,25500.0,6000.0,25400.0,21100.0,25600.0,100.0,25350.0,1500.0,25650.0,500.0,12M,25.5,26.85,28.21,29.17,27.65,32.02,-4.82,-5.03,-20.36,30.25,-0.76,-0.08,-0.68,6.33,8.5,24.92,27.0,29.07,0.71,0.14,2.78,-7737120.0,-0.41,30.57,25.5,-2.54,-100.0,29.65,25.6,-22314303.85,-10.39,-33547.02,-97.78,0.69,189300.0,272405.0,43.55,25.45,-5.56,-12.82,2026-10-01,False,0,True,0.0,100.0,174485820.0,269901549.0,1.39,3.7,-2.3,-7.14,-0.01,0.28,-0.06,-95285000.0,-95285000.0,,0.0,0.0,0.0,,2026-Q2,13.3,1.22,9.0,3.0,424.0,,,0.0,59.0,20.0,1.39,,13.97,616834996.67,410819217.19,123215863.13,,424.0,-0.12,0.39,0.22,0.21,1,19479336191.99,5695829407.49,13783506784.5,11814757188.71,0.0,2.42,-4249312491.87,2339390.08,,-4246973101.79,-8.61,2,10,-10,2,Dịch vụ tài chính,8700,Chứng khoán BIDV,Công ty Cổ phần Chứng khoán BIDV,-4.3,-1.46,217311050.0,4868140000.0,0.04,0.93,2,False,False,0,,FAIR,-30,-5,6,5,0,0,-15,10,0,10,-4,0.0,0,-34,14,0.0,0.0,0.0,-12.11,SELL,MEDIUM,"EMA20<EMA50 -15 | Giá -20%<EMA200 (downtrend dài hạn) -5 | ADX=29.17 mạnh + giá<EMA200 (downtrend xác nhận) -5 | ST=27.65 bearish -5 | MACD hist=-0.68<0 -10 | Stoch K=6.33 oversold +5 | CMF=-0.41 outflow (oversold) +8 | MFI=30.57 weak -6 | OBV confirms trend +4 | BB pos=0.14 near lower (oversold) +5 | AskWall 25.50 (6K cp, +0.0%) -2 | BidWall x2 mức ≥5K cp +2 | FF net sell intensity=-0.45 (5d/20d aligned) -10 | FF flow giảm tốc (trend+accel cùng âm) -5 | PE=13.3 cheap +7 | PB=1.22 fair +3 | CFO=-4249312491867 (sector-skip) 0 | RevG-YoY=21.8% strong +5 | ProfitG-YoY=20.9% strong +5 | Market FAIR+giam sau -4",-12.11,v2.3,[],1.0,0,-3,-3,2,3,3,-6,0,0,0,0,0,-1,-3,-2,-2,-1,3,"RS=0.91(─) +0 | 52W_hi=-41.4% -3 | LinReg_slope=-2.5%/5d -1 | Aroon=-100(▼) -3 | Donch_BD↓(<25.60) -2 | ROC10=-5.6% -3 | Williams%R=-97.8 +3 | NR=Y compress=0.78 +2 | AD_slope20d=-10.4% -2 | EFI=-33,547 -1 | AskClear +1 | BidWall≤2%@25.4(21K) +2 → +3 | FFroom=64.7% +3 | FairVal=-363%(PE×EPS=5512) -6 | EPScons=1qtrs +0 | PropTrade=-0.1tỷ(5d) +0",0,0.0,-0.74,-0.17,0.12,0.88,0.0,0.43,-0.44,0.14,0.0,0.67,-0.44,0.2,0.13,0.1,0.08,0.11,0.08,0.05,0.06,-0.97,-250.0,4.84,CONTENTION,BIMODAL,0.44,0.56,-4.2,540.0,350,Retail,134,206.0,82600,104800.0,1768.62,1793.46,1782.83,-0.51,-1.83,-3.47,DEEP_DOWN,12.24,1.99,12.8,62.2,FAIR,TAI_CHINH_PHI_NH,0.4,0.44,0.25,0.14,0.5,0.86,4.84,NHO,2026-10-01 14:15,,
BSR,GAINER,HSX,2026-10-01 14:13,2026-10-01,14:13,31.35,realtime,102600.0,197100.0,-94500.0,0.34,31400.0,14400.0,31450.0,8000.0,31350.0,17600.0,31500.0,37500.0,31300.0,62900.0,31550.0,17100.0,12M,31.45,30.05,28.26,36.5,28.62,24.75,6.33,4.66,27.07,62.46,1.33,0.06,1.27,72.17,80.37,25.77,29.74,33.71,1.28,0.71,4.07,642323550.0,-0.16,58.21,32.66,4.16,85.71,33.45,26.2,-332000590.65,-15.08,2120435.64,-34.48,0.46,6318700.0,13694665.0,39.16,13.35,2.44,16.91,2026-10-01,False,0,True,0.0,49.0,2372989491.0,2453576846.0,284.71,150.15,134.56,730.09,-1.67,0.67,-13.65,1689400000.0,14191068000.0,-0.09,0.0,0.0,0.0,,2026-Q2,7.9,2.11,30.0,21.0,1530.0,,,0.0,13.0,11.0,2.55,,7.02,58716386704.01,8797639412.05,7666084165.61,8641681781.33,1530.0,0.28,-0.07,0.6,8.07,1,105590618323.73,74563861230.66,31026757093.07,12766300000.0,0.0,0.42,5258073731.08,-21662245604.64,,-16404171873.56,1.01,29,15,10,4,Dầu khí,0500,Lọc Hoá dầu Việt Nam,Công ty Cổ phần - Tổng Công ty Lọc Hoá dầu Việt Nam,-4.3,-1.46,-24483935000.0,201818085000.0,-0.12,0.93,-4,False,True,-3,,FAIR,30,7,9,0,-3,-1,5,16,10,10,-4,0.0,5,54,30,0.0,0.0,0.0,38.4,BUY,HIGH,EMA20>EMA50 +15 | Giá 27%>EMA200 (uptrend dài hạn) +5 | ADX=36.5 mạnh + giá>EMA200 (uptrend xác nhận) +5 | ST=28.62 bullish +5 | MACD hist=1.27>0 +10 | Stoch K<80.37 cross down -3 | CMF=-0.16 outflow (oversold) +8 | OBV confirms trend +4 | Vol=0.46x avg weak -3 | OF pattern=WEAK -3 | AskWall x3 mức ≥5K cp -3 | BidWall x3 mức ≥5K cp +2 | FF net buy intensity=+0.31 (5d/20d aligned) +10 | FF flow giảm tốc (trend+accel cùng âm) -5 | PE=7.9 very cheap +10 | PB=2.11 neutral 0 | ROE=30.0% excellent +5 | D/E=0.416 healthy +1 | CFO>0 real cash +5 | CF quality=1.01 high +5 | RevG-YoY=59.7% strong +5 | ProfitG-YoY=806.5% strong +5 | Market FAIR+giam sau -4 | CONFLUENCE bull (6/10 groups) +5 | CONFLUENCE bull (5/11) +5,33.4,v2.3,[],1.0,4,0,1,2,0,3,-6,0,0,2,0,0,3,3,0,-2,1,-1,"RS=1.22(▲) +4 | 52W_hi=-19.9% +0 | LinReg_slope=+4.2%/5d +3 | Aroon=+86(▲) +3 | ROC10=+2.4% +1 | Williams%R=-34.5 -1 | NR=Y compress=0.64 +2 | AD_slope20d=-15.1% -2 | EFI=+2,120,436 +1 | AskWall≤2%@31.5(38K) -2 | BidWall≤2%@31.3(63K) +2 → +0 | FFroom=47.4% +3 | FairVal=-58%(PE×EPS=19890) -6 | EPScons=1qtrs +0 | PropTrade=+1.7tỷ(5d) +2",2,0.1,0.75,0.24,0.32,0.25,-0.3,-0.14,0.3,0.34,1.0,0.67,-0.44,0.2,0.13,0.1,0.08,0.11,0.08,0.05,0.06,0.16,50.0,199.59,WEAK,BIMODAL,0.5,0.5,-53.6,1346.0,4330,Mixed,1988,2273.0,2878700,2865500.0,1768.62,1793.46,1782.83,-0.51,-1.83,-3.47,DEEP_DOWN,12.24,1.99,12.8,62.2,FAIR,NGUYEN_LIEU_NANG_LUONG,0.72,0.67,0.97,0.66,0.62,0.78,199.59,LON,2026-10-01 14:15,,CONSENSUS_BULL
BVH,GAINER,HSX,2026-10-01 14:13,2026-10-01,14:13,74.7,realtime,59300.0,36000.0,23300.0,0.62,74400.0,3300.0,74500.0,1400.0,74300.0,5000.0,74600.0,1100.0,74200.0,21400.0,74700.0,1600.0,12M,74.5,69.69,67.08,36.31,68.15,65.66,3.89,6.9,13.46,69.8,2.4,0.58,1.82,86.82,87.66,61.22,68.72,76.22,2.23,0.89,2.99,18131757.0,0.22,73.16,74.18,5.31,92.86,76.2,62.8,7304168.13,114.97,1745632.82,-13.6,0.57,514800.0,898230.0,88.5,46.21,7.35,16.22,2026-10-01,False,0,True,0.0,49.0,163377071.0,363738154.0,77.29,178.63,-146.58,-120.29,-2.39,0.39,-22.63,225280000.0,303970000.0,0.02,0.0,0.0,0.0,,2026-Q2,16.66,2.15,13.0,1.0,1390.0,,,0.0,1.0,8.0,1.73,,-6.19,10703923026.13,983097692.63,1032377110.24,0.0,1390.0,0.09,0.29,0.0,0.55,1,315683051794.04,26723763712.73,288959288081.31,3599959728.47,754000.0,10.81,5793873750.87,-24150042247.94,,-18356168497.07,2.04,19,3,10,6,Bảo hiểm,8500,Tập đoàn Bảo Việt,Tập đoàn Bảo Việt,-4.3,-1.46,6412525600.0,38690360000.0,0.17,0.93,4,False,False,0,,FAIR,30,2,2,-5,-3,3,-15,3,0,6,-4,0.0,0,41,3,0.0,0.0,0.0,11.0,NEUTRAL,MEDIUM,EMA20>EMA50 +15 | Giá 14%>EMA200 (uptrend dài hạn) +5 | ADX=36.31 mạnh + giá>EMA200 (uptrend xác nhận) +5 | ST=68.15 bullish +5 | MACD hist=1.82>0 +10 | Stoch K=86.82 overbought -5 | Stoch K<87.66 cross down -3 | CMF=0.22 inflow (overbought) -8 | MFI=73.16 strong inflow +6 | OBV confirms trend +4 | BB pos=0.89 near upper (overbought) -5 | OF pattern=WEAK -3 | AskClear (no wall) +1 | BidWall x2 mức ≥5K cp +2 | FF net sell intensity=-0.57 (5d/20d aligned) -10 | FF flow giảm tốc (trend+accel cùng âm) -5 | PE=16.66 fair +3 | PB=2.15 neutral 0 | ROE=13.0% neutral 0 | CFO=5793873750866 (sector-skip) 0 | RevG-YoY=0.4% positive +1 | ProfitG-YoY=55.4% strong +5 | Market FAIR+giam sau -4,11.0,v2.3,[],1.0,4,0,3,0,3,0,-6,0,0,0,0,0,3,3,0,2,3,-3,"RS=1.21(▲) +4 | 52W_hi=-15.6% +0 | LinReg_slope=+5.3%/5d +3 | Aroon=+93(▲) +3 | ROC10=+7.3% +3 | Williams%R=-13.6 -3 | NR=N compress=0.77 +0 | AD_slope20d=+115.0% +2 | EFI=+1,745,633 +3 | AskClear +1 | BidWall≤2%@74.2(21K) +2 → +3 | FFroom=22.0% +0 | FairVal=-313%(PE×EPS=18070) -6 | EPScons=1qtrs +0 | PropTrade=+0.2tỷ(5d) +0",0,0.0,0.75,0.07,0.28,-0.62,-0.3,0.86,-0.56,-0.1,0.0,0.4,-0.44,0.2,0.13,0.1,0.08,0.11,0.08,0.05,0.06,,,,WEAK,BIMODAL,0.5,0.5,-68.6,573.0,896,Retail,423,468.0,253600,256900.0,1768.62,1793.46,1782.83,-0.51,-1.83,-3.47,DEEP_DOWN,12.24,1.99,12.8,62.2,FAIR,TAI_CHINH_PHI_NH,0.26,0.25,0.97,0.12,0.43,0.41,,,2026-10-01 14:15,,
BWE,GAINER,HSX,2026-10-01 14:13,2026-10-01,14:13,40.8,realtime,423900.0,4800.0,419100.0,0.99,40700.0,900.0,40950.0,700.0,40550.0,100.0,41000.0,2000.0,40500.0,600.0,41200.0,2000.0,12M,40.8,41.38,42.2,60.1,42.48,43.13,-1.94,-1.4,-5.4,38.58,-0.56,-0.03,-0.53,40.38,35.04,40.2,41.41,42.63,0.72,0.25,1.76,-3790192.0,-0.29,64.92,40.61,-1.69,-28.57,42.3,39.65,-718220.01,-61.92,-8039.18,-55.77,16.14,428700.0,26560.0,48.03,39.65,-2.63,-1.92,2026-10-01,False,0,True,0.0,49.0,103112588.0,107765035.0,0.12,4.39,-4.27,-9.16,-0.05,0.0,-0.35,,,,20.0,20.0,0.0,Nguyễn Văn Thiền,2026-Q2,8.28,1.41,18.0,7.0,1302.0,,,0.0,45.0,24.0,0.81,,8.48,1222425768.02,564966154.12,332745970.07,370858656.35,1302.0,0.18,0.56,-0.08,0.1,1,15625846415.51,6406760369.83,9219086045.68,1776873088.74,5410960013.14,1.44,1088372266.13,-1121804258.41,,-33431992.28,1.1,34,16,10,8,"Điện, nước & xăng dầu khí đốt",7500,Nước - Môi trường Bình Dương,Công ty Cổ phần - Tổng công ty Nước - Môi trường Bình Dương,-4.3,-1.46,-608460000.0,17497535000.0,-0.03,0.93,-2,False,False,0,Mua,FAIR,-30,-7,20,0,8,0,-15,16,10,0,-4,0.0,0,-14,20,0.0,0.0,0.0,0.76,NEUTRAL,MEDIUM,EMA20<EMA50 -15 | Giá -5%<EMA200 (downtrend dài hạn) -5 | ADX=60.1 mạnh + giá<EMA200 (downtrend xác nhận) -5 | ST=42.48 bearish -5 | MACD hist=-0.53<0 -10 | Stoch K>35.04 cross up +3 | CMF=-0.29 outflow (oversold) +8 | MFI=64.92 strong inflow +6 | OBV confirms trend +4 | Vol=16.14x avg breakout +5 | OF pattern=SPIKE_BUY +5 | OF vol+886% buy 0.99 | AskClear (no wall) +1 | NoBidWall -1 | FF net sell intensity=-0.95 (5d/20d aligned) -10 | FF flow giảm tốc (trend+accel cùng âm) -5 | PE=8.28 very cheap +10 | PB=1.41 fair +3 | ROE=18.0% good +3 | D/E=1.439 moderate 0 | CFO>0 real cash +5 | CF quality=1.1 high +5 | RevG-YoY=-7.8% slight decline -1 | ProfitG-YoY=10.0% positive +1 | Market FAIR+giam sau -4,0.76,v2.3,[],1.0,0,0,-1,0,0,3,-6,0,0,0,5,0,-1,0,0,-2,-1,0,"RS=1.02(─) +0 | 52W_hi=-15.1% +0 | LinReg_slope=-1.7%/5d -1 | Aroon=-29(─) +0 | ROC10=-2.6% -1 | Williams%R=-55.8 +0 | NR=N compress=1.05 +0 | AD_slope20d=-61.9% -2 | EFI=-8,039 -1 | FFroom=46.9% +3 | FairVal=-141%(PE×EPS=16926) -6 | EPScons=1qtrs +0 | Insider=B20/S0(90d) net=+20 +5",5,0.25,-0.58,-0.28,0.68,0.0,0.8,0.0,-0.44,0.34,1.0,0.0,-0.44,0.2,0.13,0.1,0.08,0.11,0.08,0.05,0.06,,,,SPIKE_BUY,BIMODAL,0.99,0.01,885.5,4872.0,88,Mixed,70,18.0,423900,4800.0,1768.62,1793.46,1782.83,-0.51,-1.83,-3.47,DEEP_DOWN,12.24,1.99,12.8,62.2,FAIR,NGUYEN_LIEU_NANG_LUONG,0.6,0.44,0.12,0.09,0.62,0.06,,,2026-10-01 14:15,,
CII,GAINER,HSX,2026-10-01 14:13,2026-10-01,14:13,12.15,realtime,337200.0,388600.0,-51400.0,0.46,12200.0,39500.0,12250.0,143000.0,12150.0,318200.0,12300.0,93200.0,12100.0,113700.0,12350.0,200300.0,12M,12.2,12.99,13.9,30.31,13.62,17.68,-6.55,-6.08,-31.0,29.78,-0.53,-0.06,-0.48,14.85,12.77,11.61,13.1,14.59,0.46,0.2,3.77,-126413900.0,-0.59,28.45,11.98,-3.74,-78.57,14.9,11.95,-878579596.92,-10.58,-731128.08,-83.33,0.71,5133000.0,7245365.0,31.35,11.95,-5.06,-16.15,2026-10-01,False,0,True,0.0,40.0,244562780.0,268794116.0,24.03,8.02,16.0,12.84,0.05,0.33,2.49,-7020090000.0,63397850000.0,-1.28,0.0,0.0,0.0,,2026-Q2,71.3,0.84,1.0,0.0,12.0,,,0.0,56.0,9.0,1.14,,16.12,750931411.69,465499537.99,11694540.78,96026625.74,12.0,-0.1,-0.44,0.03,-0.59,-1,43467396913.49,12955567906.19,30511829007.3,6061507035.18,18473186051.94,2.35,-501844470.68,-1360282845.36,,-1862127316.04,-4.05,-17,-3,-10,-4,Xây dựng và Vật liệu,2300,Hạ tầng Kỹ thuật TP.HCM,Công ty Cổ phần Đầu tư Hạ tầng Kỹ thuật Thành phố Hồ Chí Minh,-4.3,-1.46,-3090328950.0,63088740000.0,-0.05,0.93,-2,False,False,0,,FAIR,-30,13,6,0,0,-1,15,-5,-10,-2,-4,0.0,0,-28,-24,0.0,0.0,0.0,-17.2,SELL,MEDIUM,EMA20<EMA50 -15 | Giá -31%<EMA200 (downtrend dài hạn) -5 | ADX=30.31 mạnh + giá<EMA200 (downtrend xác nhận) -5 | ST=13.62 bearish -5 | RSI=29.78 oversold +15 | MACD hist=-0.48<0 -10 | Stoch K=14.85 oversold +5 | Stoch K>12.77 cross up +3 | CMF=-0.59 outflow (oversold) +8 | MFI=28.45 weak -6 | OBV confirms trend +4 | AskWall x3 mức ≥5K cp -3 | BidWall x3 mức ≥5K cp +2 | FF net buy intensity=+0.50 (5d/20d aligned) +10 | FF flow tăng tốc (trend+accel cùng dương) +5 | PE=71.3 expensive -5 | PB=0.84 below book +5 | ROE=1.0% weak -3 | D/E=2.355 high -2 | CFO<0 cash burn -10 | CF quality=-4.05 low -5 | RevG-YoY=2.7% positive +1 | ProfitG-YoY=-59.3% declining -3 | Market FAIR+giam sau -4,-17.2,v2.3,[],1.0,-4,-5,-3,1,0,3,-6,0,-1,-10,0,0,-3,-3,0,-2,-1,3,"RS=0.88(▼) -4 | 52W_hi=-61.2% -5 | LinReg_slope=-3.7%/5d -3 | Aroon=-79(▼) -3 | ROC10=-5.1% -3 | Williams%R=-83.3 +3 | NR=N compress=0.60 +1 | AD_slope20d=-10.6% -2 | EFI=-731,128 -1 | AskWall≤2%@12.2(143K) -2 | BidWall≤2%@12.2(318K) +2 → +0 | FFroom=36.4% +3 | FairVal=-7688%(PE×EPS=156) -6 | EPScons=-1qtrs -1 | PropTrade=-7.0tỷ(5d) -10",-10,-0.5,-0.85,0.45,0.12,0.12,0.0,-0.14,0.67,-0.38,-1.0,-0.2,-0.44,0.2,0.13,0.1,0.08,0.11,0.08,0.05,0.06,0.41,50.0,62.82,NORMAL,SKEWED_DOWN,0.48,0.52,-19.7,2639.0,1898,Mixed,835,1006.0,2340500,2542200.0,1768.62,1793.46,1782.83,-0.51,-1.83,-3.47,DEEP_DOWN,12.24,1.99,12.8,62.2,FAIR,CONG_NGHIEP,0.32,0.28,0.13,0.83,0.1,0.17,62.82,VUA,2026-10-01 14:15,,
CMG,GAINER,HSX,2026-10-01 14:13,2026-10-01,14:13,21.3,realtime,24700.0,51300.0,-26600.0,0.33,21200.0,4000.0,21250.0,3500.0,21150.0,6700.0,21300.0,1400.0,21100.0,11000.0,21350.0,1500.0,12M,21.25,22.67,23.8,20.66,23.45,28.42,-4.75,-6.26,-25.23,27.7,-0.66,-0.12,-0.54,6.46,6.59,21.36,22.76,24.15,0.68,0.0,3.2,-2276195.0,-0.56,22.99,21.77,-3.4,-50.0,24.35,21.2,-13533075.08,-13.06,-38407.95,-98.0,0.56,80700.0,142995.0,39.0,21.2,-7.61,-11.46,2026-10-01,False,0,True,0.0,50.0,31937700.0,116477304.0,0.7,1.55,-0.84,-4.71,0.02,0.28,0.09,-405955000.0,-405955000.0,,0.0,0.0,0.0,,2026-Q2,12.53,1.48,12.0,4.0,322.0,,,0.0,18.0,5.0,1.36,,8.83,2323243675.18,415445800.77,75074096.4,120631913.59,322.0,-0.02,-0.2,0.05,-0.2,-1,10769089838.85,4192679454.82,6576410384.03,1515315059.91,2304232434.55,1.57,621000858.93,-2591112914.07,,-1970112055.14,1.57,16,10,10,-4,Công nghệ Thông tin,9500,Tập đoàn Công nghệ CMC,Công ty Cổ phần Tập đoàn Công nghệ CMC,-4.3,-1.46,-44551800.0,1714940000.0,-0.03,0.93,-1,False,False,0,,FAIR,-25,10,6,5,-3,3,-5,10,10,-2,-4,0.0,0,-15,11,0.0,0.0,0.0,-0.65,NEUTRAL,MEDIUM,EMA20<EMA50 -15 | Giá -25%<EMA200 (downtrend dài hạn) -5 | ST=23.45 bearish -5 | RSI=27.7 oversold +15 | MACD hist=-0.54<0 -10 | Stoch K=6.46 oversold +5 | CMF=-0.56 outflow (oversold) +8 | MFI=22.99 weak -6 | OBV confirms trend +4 | BB pos=0.0 near lower (oversold) +5 | OF pattern=WEAK -3 | AskClear (no wall) +1 | BidWall x2 mức ≥5K cp +2 | FF net sell intensity=-0.38 (5d/20d aligned) -10 | FF flow tăng tốc (trend+accel cùng dương) +5 | PE=12.53 cheap +7 | PB=1.48 fair +3 | ROE=12.0% neutral 0 | D/E=1.569 moderate 0 | CFO>0 real cash +5 | CF quality=1.57 high +5 | RevG-YoY=5.1% positive +1 | ProfitG-YoY=-20.3% declining -3 | Market FAIR+giam sau -4 | CONFLUENCE bull (6/10 groups) +5,-0.65,v2.3,[],1.0,0,-3,-3,3,3,0,-6,0,-1,0,0,0,-3,-2,0,-2,-1,3,"RS=0.93(─) +0 | 52W_hi=-45.4% -3 | LinReg_slope=-3.4%/5d -3 | Aroon=-50(▼) -2 | ROC10=-7.6% -3 | Williams%R=-98.0 +3 | NR=Y compress=0.33 +3 | AD_slope20d=-13.1% -2 | EFI=-38,408 -1 | AskClear +1 | BidWall≤2%@21.1(11K) +2 → +3 | FFroom=13.7% +0 | FairVal=-409%(PE×EPS=4186) -6 | EPScons=-1qtrs -1 | PropTrade=-0.4tỷ(5d) +0",0,0.0,-0.62,0.34,0.12,1.0,-0.3,0.86,-0.19,0.14,1.0,-0.2,-0.44,0.2,0.13,0.1,0.08,0.11,0.08,0.05,0.06,0.24,50.0,1.71,WEAK,SKEWED_DOWN,0.33,0.68,-61.5,433.0,184,Retail,78,92.0,24700,51300.0,1768.62,1793.46,1782.83,-0.51,-1.83,-3.47,DEEP_DOWN,12.24,1.99,12.8,62.2,FAIR,TIEU_DUNG_DICH_VU,0.44,0.45,0.31,0.45,0.87,0.1,1.71,NHO,2026-10-01 14:15,,
CTD,GAINER,HSX,2026-10-01 14:13,2026-10-01,14:13,58.9,realtime,28000.0,35400.0,-7400.0,0.44,58900.0,2500.0,59000.0,3300.0,58800.0,11300.0,59100.0,2000.0,58700.0,4100.0,59200.0,800.0,12M,59.0,59.37,61.48,20.16,61.58,70.03,-3.43,-0.62,-15.75,44.66,-0.72,0.18,-0.9,58.97,56.4,56.84,59.1,61.35,1.32,0.48,2.24,-9590676.0,-0.36,49.34,58.21,1.6,50.0,62.5,56.8,-9779487.25,-20.5,13218.74,-43.59,0.75,179100.0,239840.0,92.78,54.7,0.34,-4.22,2026-10-01,False,0,True,0.0,50.0,3983737.0,57013233.0,15.22,23.29,-8.07,-20.3,-0.09,0.56,-0.49,102750000.0,-2155332000.0,0.0,0.0,0.0,0.0,,2026-Q2,8.32,0.68,8.0,2.0,721.0,,,0.0,4.0,2.0,0.97,,9.74,10471181365.1,465987309.58,146276982.43,197699254.85,721.0,0.63,0.23,0.27,-0.27,-1,38750874266.15,9651883682.24,29098990583.92,4401304582.53,1541672975.38,3.02,-830902274.3,-2196201142.45,,-3027103416.74,-1.06,15,15,-10,10,Xây dựng và Vật liệu,2300,Xây dựng Coteccons,Công ty Cổ phần Xây dựng Coteccons,-4.3,-1.46,5073548000.0,10712850000.0,0.47,0.93,4,False,False,0,,FAIR,-25,-2,12,0,-3,2,-10,12,-10,2,-4,0.0,0,-18,-3,0.0,0.0,0.0,-16.62,SELL,LOW,"EMA20<EMA50 -15 | Giá -16%<EMA200 (downtrend dài hạn) -5 | ST=61.58 bearish -5 | RSI=44.66 neutral +5 | MACD hist=-0.9<0 -10 | Stoch K>56.4 cross up +3 | CMF=-0.36 outflow (oversold) +8 | OBV confirms trend +4 | OF pattern=WEAK -3 | AskClear (no wall) +1 | BidWall 58.80 (11K cp, -0.2%) +1 | FF net sell intensity=-0.21 (5d/20d aligned) -5 | FF flow giảm tốc (trend+accel cùng âm) -5 | PE=8.32 very cheap +10 | PB=0.68 below book +5 | D/E=3.015 very high -3 | CFO<0 cash burn -10 | CF quality=-1.06 low -5 | RevG-YoY=27.1% strong +5 | ProfitG-YoY=-27.4% declining -3 | Market FAIR+giam sau -4",-16.62,v2.3,[],1.0,0,-3,0,1,3,-7,-6,0,-1,0,0,0,1,2,0,-2,1,0,"RS=1.00(─) +0 | 52W_hi=-36.5% -3 | LinReg_slope=+1.6%/5d +1 | Aroon=+50(▲) +2 | ROC10=+0.3% +0 | Williams%R=-43.6 +0 | NR=N compress=0.47 +1 | AD_slope20d=-20.5% -2 | EFI=+13,219 +1 | AskClear +1 | BidWall≤2%@58.8(11K) +2 → +3 | FFroom=3.5% -7 | FairVal=-528%(PE×EPS=9373) -6 | EPScons=-1qtrs -1 | PropTrade=+0.1tỷ(5d) +0",0,0.0,-0.47,-0.07,0.44,0.12,-0.3,0.71,-0.63,0.21,-1.0,0.07,-0.44,0.2,0.13,0.1,0.08,0.11,0.08,0.05,0.06,0.51,300.0,10.51,WEAK,SKEWED_DOWN,0.46,0.54,-47.4,302.0,579,Retail,199,380.0,80800,94000.0,1768.62,1793.46,1782.83,-0.51,-1.83,-3.47,DEEP_DOWN,12.24,1.99,12.8,62.2,FAIR,CONG_NGHIEP,0.53,0.52,0.43,0.2,0.1,0.33,10.51,NHO,2026-10-01 14:15,,UNCLEAR
CTG,GAINER,HSX,2026-10-01 14:13,2026-10-01,14:13,30.0,realtime,70300.0,255500.0,-185200.0,0.22,29950.0,138500.0,30000.0,171100.0,29900.0,190100.0,30050.0,156200.0,29850.0,83700.0,30100.0,87600.0,12M,30.0,30.5,31.12,13.43,31.62,33.32,-1.99,-1.64,-9.96,41.98,-0.36,-0.05,-0.31,10.83,10.0,29.49,30.48,31.47,0.59,0.26,1.97,66869646.0,-0.34,41.51,30.04,-0.82,-50.0,31.8,29.7,-350340885.43,-17.4,-823872.63,-85.0,0.61,4590300.0,7564180.0,42.84,28.4,-4.46,-4.76,2026-10-01,False,0,True,0.0,30.0,430059753.0,2330083391.0,87.7,342.17,-254.46,-396.82,-1.1,0.39,-28.85,-28612565000.0,-63279053000.0,-0.29,0.0,0.0,0.0,,2026-Q2,5.8,1.17,22.0,1.0,0.0,,,0.0,71.0,41.0,0.0,,0.0,26384590000.0,,11740060000.0,20029027000.0,0.0,0.05,0.32,0.26,0.21,1,2962003670000.0,200214302000.0,2761789368000.0,,,13.79,82644000000.0,-1915192000.0,-2416496000.0,80728808000.0,2.39,34,18,10,6,Ngân hàng,8300,VietinBank,Ngân hàng Thương mại Cổ phần Công thương Việt Nam,-4.3,-1.46,4465005000.0,144593855000.0,0.03,0.93,2,False,False,0,,FAIR,-25,3,4,0,-3,-1,-15,18,0,10,-4,0.0,0,-25,28,0.0,0.0,0.0,-14.3,SELL,MEDIUM,EMA20<EMA50 -15 | Giá -10%<EMA200 (downtrend dài hạn) -5 | ST=31.62 bearish -5 | RSI=41.98 neutral +5 | MACD hist=-0.31<0 -10 | Stoch K=10.83 oversold +5 | Stoch K>10.0 cross up +3 | CMF=-0.34 outflow (oversold) +8 | OBV divergence -4 | OF pattern=WEAK -3 | AskWall x3 mức ≥5K cp -3 | BidWall x3 mức ≥5K cp +2 | FF net sell intensity=-0.59 (5d/20d aligned) -10 | FF flow giảm tốc (trend+accel cùng âm) -5 | PE=5.8 very cheap +10 | PB=1.17 fair +3 | ROE=22.0% excellent +5 | CFO=82644000000000 (sector-skip) 0 | RevG-YoY=26.1% strong +5 | ProfitG-YoY=21.4% strong +5 | Market FAIR+giam sau -4,-14.3,v2.3,[],1.0,0,-3,-1,2,0,-3,0,0,0,-10,0,0,0,-2,0,-2,-1,3,"RS=1.00(─) +0 | 52W_hi=-30.0% -3 | LinReg_slope=-0.8%/5d +0 | Aroon=-50(▼) -2 | ROC10=-4.5% -1 | Williams%R=-85.0 +3 | NR=Y compress=0.65 +2 | AD_slope20d=-17.4% -2 | EFI=-823,873 -1 | AskWall≤2%@30.1(156K) -2 | BidWall≤2%@29.9(190K) +2 → +0 | FFroom=5.5% -3 | EPScons=1qtrs +0 | PropTrade=-28.6tỷ(5d) -10",-10,-0.5,-0.57,0.17,0.04,0.25,-0.3,-0.14,-0.67,0.62,0.0,0.67,-0.44,0.2,0.13,0.1,0.08,0.11,0.08,0.05,0.06,,,,WEAK,SKEWED_DOWN,0.41,0.59,-41.1,1582.0,2740,Mixed,1256,1457.0,1774300,2547300.0,1768.62,1793.46,1782.83,-0.51,-1.83,-3.47,DEEP_DOWN,12.24,1.99,12.8,62.2,FAIR,NGAN_HANG,0.59,0.62,0.22,0.14,0.5,0.89,,,2026-10-01 14:15,,
CTR,LOSER,HSX,2026-10-01 14:13,2026-10-01,14:13,70.7,realtime,2400.0,68600.0,-66200.0,0.03,70800.0,1100.0,71300.0,1600.0,70700.0,4800.0,71500.0,600.0,70600.0,6100.0,71600.0,3200.0,12M,70.7,72.85,73.69,19.29,75.74,75.88,-1.14,-2.95,-6.83,36.3,-0.86,-0.21,-0.65,23.64,27.34,70.59,72.93,75.27,1.67,0.02,2.36,2733526.0,0.12,48.72,71.33,-0.88,-14.29,76.6,70.0,2004190.38,33.48,-19316.84,-87.27,0.85,173900.0,203595.0,99.12,65.5,-3.28,-6.36,2026-10-01,False,0,True,0.0,49.0,55449114.0,62773671.0,8.93,16.73,-7.8,-0.85,-0.11,0.44,-1.51,-741470000.0,-1708070000.0,0.0,0.0,0.0,0.0,,2026-Q2,14.01,4.09,30.0,8.0,1503.0,,,0.0,7.0,4.0,1.08,,9.25,4154012949.19,259779372.64,171921562.64,210715458.71,1503.0,0.09,0.15,0.28,0.18,1,9677033293.46,2241852311.41,7435180982.05,2565043340.56,381851123.0,3.32,1455415537.45,-1030982854.84,,424432682.61,2.43,23,9,10,4,Xây dựng và Vật liệu,2300,Công trình Viettel,Tổng Công ty Cổ phần Công trình Viettel,-4.3,-1.46,545580000.0,13508950000.0,0.04,0.93,2,False,False,0,,FAIR,-25,-13,-12,5,-3,2,-15,6,10,8,-4,0.0,-5,-48,18,0.0,0.0,0.0,-21.11,SELL,MEDIUM,"EMA20<EMA50 -15 | Giá -7%<EMA200 (downtrend dài hạn) -5 | ST=75.74 bearish -5 | MACD hist=-0.65<0 -10 | Stoch K<27.34 cross down -3 | CMF=0.12 inflow (overbought) -8 | OBV divergence -4 | BB pos=0.02 near lower (oversold) +5 | OF pattern=WEAK -3 | AskClear (no wall) +1 | BidWall 70.60 (6K cp, -0.1%) +1 | FF net sell intensity=-0.30 (5d/20d aligned) -10 | FF flow giảm tốc (trend+accel cùng âm) -5 | PE=14.01 cheap +7 | PB=4.09 expensive -3 | ROE=30.0% excellent +5 | D/E=3.317 very high -3 | CFO>0 real cash +5 | CF quality=2.43 high +5 | RevG-YoY=28.3% strong +5 | ProfitG-YoY=18.4% good +3 | Market FAIR+giam sau -4 | CONFLUENCE bull (5/10 groups) +5 | CONFLUENCE bear (5/11) -5",-16.11,v2.3,[],1.0,0,-3,-1,0,3,3,-6,0,0,-2,0,0,0,0,0,2,-1,3,"RS=0.98(─) +0 | 52W_hi=-28.7% -3 | LinReg_slope=-0.9%/5d +0 | Aroon=-14(─) +0 | ROC10=-3.3% -1 | Williams%R=-87.3 +3 | NR=N compress=0.94 +0 | AD_slope20d=+33.5% +2 | EFI=-19,317 -1 | AskClear +1 | BidWall≤2%@70.6(6K) +2 → +3 | FFroom=43.3% +3 | FairVal=-262%(PE×EPS=19539) -6 | EPScons=1qtrs +0 | PropTrade=-0.7tỷ(5d) -2",-2,-0.1,-0.53,-0.38,-0.44,0.62,-0.3,0.71,-0.44,0.0,1.0,0.53,-0.44,0.2,0.13,0.1,0.08,0.11,0.08,0.05,0.06,-1.26,-900.0,12.41,WEAK,BIMODAL,0.31,0.69,-36.0,359.0,477,Retail,120,357.0,53900,117300.0,1768.62,1793.46,1782.83,-0.51,-1.83,-3.47,DEEP_DOWN,12.24,1.99,12.8,62.2,FAIR,CONG_NGHIEP,0.41,0.35,0.43,0.03,0.7,0.7,12.41,NHO,2026-10-01 14:15,,VALUE_OPPORTUNITY
CTS,GAINER,HSX,2026-10-01 14:13,2026-10-01,14:13,20.35,realtime,51400.0,172700.0,-121300.0,0.23,20350.0,1700.0,20450.0,6000.0,20300.0,2500.0,20500.0,19700.0,20250.0,5600.0,20550.0,9200.0,12M,20.4,21.44,22.2,19.44,22.5,23.9,-3.42,-4.85,-14.64,33.64,-0.55,-0.12,-0.43,3.46,4.75,20.15,21.56,22.97,0.72,0.09,3.53,-22936041.0,-0.56,30.33,20.55,-3.25,-64.29,23.95,20.4,-66907942.33,-22.98,-123790.07,-91.84,0.56,664000.0,1185090.0,36.49,19.1,-7.06,-12.82,2026-10-01,False,0,True,0.0,49.0,132487544.0,133400020.0,2.73,6.37,-3.64,0.27,-0.03,0.44,-0.74,-77160000.0,-77160000.0,,0.0,0.0,0.0,,2026-Q2,14.73,1.94,13.0,3.0,-11.0,,,0.0,64.0,21.0,1.3,,13.63,357099001.62,197870077.43,15436425.57,,-11.0,0.01,-0.77,-0.38,-0.91,-1,12247526020.61,2866018854.54,9381507166.07,8302994373.17,0.0,3.27,-1649039897.17,-10137330.3,,-1659177227.47,-2.86,-2,10,-10,-2,Dịch vụ tài chính,8700,Chứng khoán Vietinbank,Công ty Cổ phần Chứng khoán Vietinbank,-4.3,-1.46,444795000.0,13616085000.0,0.03,0.93,2,False,False,0,,FAIR,-25,-5,6,5,0,-2,-10,10,0,-6,-4,0.0,0,-33,3,0.0,0.0,0.0,-17.94,SELL,MEDIUM,"EMA20<EMA50 -15 | Giá -15%<EMA200 (downtrend dài hạn) -5 | ST=22.5 bearish -5 | MACD hist=-0.43<0 -10 | Stoch K=3.46 oversold +5 | CMF=-0.56 outflow (oversold) +8 | MFI=30.33 weak -6 | OBV confirms trend +4 | BB pos=0.09 near lower (oversold) +5 | AskWall x3 mức ≥5K cp -3 | BidWall 20.25 (6K cp, -0.5%) +1 | FF net sell intensity=-0.40 -5 | FF flow giảm tốc (trend+accel cùng âm) -5 | PE=14.73 cheap +7 | PB=1.94 fair +3 | ROE=13.0% neutral 0 | CFO=-1649039897167 (sector-skip) 0 | RevG-YoY=-38.2% declining -3 | ProfitG-YoY=-91.2% declining -3 | Market FAIR+giam sau -4",-17.94,v2.3,[],1.0,0,-3,-3,0,0,3,0,0,-1,0,0,0,-3,-3,-2,-2,-1,3,"RS=0.91(─) +0 | 52W_hi=-44.2% -3 | LinReg_slope=-3.2%/5d -3 | Aroon=-64(▼) -3 | Donch_BD↓(<20.40) -2 | ROC10=-7.1% -3 | Williams%R=-91.8 +3 | NR=N compress=1.17 +0 | AD_slope20d=-23.0% -2 | EFI=-123,790 -1 | AskWall≤2%@20.5(20K) -2 | BidWall≤2%@20.2(6K) +2 → +0 | FFroom=48.7% +3 | EPScons=-1qtrs -1 | PropTrade=-0.1tỷ(5d) +0",0,0.0,-0.68,-0.17,0.12,0.62,0.0,-0.29,-0.26,0.34,0.0,-0.47,-0.44,0.2,0.13,0.1,0.08,0.11,0.08,0.05,0.06,,,,CONTENTION,BIMODAL,0.32,0.68,-16.9,947.0,675,Retail,194,467.0,200700,424900.0,1768.62,1793.46,1782.83,-0.51,-1.83,-3.47,DEEP_DOWN,12.24,1.99,12.8,62.2,FAIR,TAI_CHINH_PHI_NH,0.33,0.35,0.57,0.39,0.5,0.07,,,2026-10-01 14:15,,
DBC,LOSER,HSX,2026-10-01 14:13,2026-10-01,14:13,15.05,realtime,13600.0,128600.0,-115000.0,0.1,15050.0,4500.0,15100.0,24600.0,15000.0,118100.0,15150.0,41100.0,14950.0,18400.0,15200.0,5900.0,12M,15.1,15.91,16.5,35.67,16.05,19.65,-3.58,-5.09,-23.16,26.55,-0.35,-0.08,-0.28,6.37,8.08,15.04,16.01,16.98,0.31,0.03,2.05,-73991958.0,-0.47,24.39,15.27,-1.58,-100.0,17.3,15.3,-216425767.03,-4.85,-92833.28,-92.0,1.32,1440100.0,1092325.0,26.11,15.0,-5.92,-11.44,2026-10-01,False,0,True,0.0,49.0,206160456.0,211212784.0,0.59,1.94,-1.34,-11.58,0.12,0.11,0.37,685965000.0,65045000.0,0.11,2.0,2.0,0.0,Lê Quốc Đoàn,2026-Q2,5.71,0.77,14.0,7.0,566.0,,,0.0,15.0,7.0,0.77,,5.83,4252838438.04,653379849.61,289119880.38,317422428.42,566.0,0.03,-0.23,0.11,-0.43,-1,17734348379.64,8521240846.28,9213107533.36,5609854350.4,1631306209.98,1.08,1292366415.77,-1400072951.6,,-107706535.83,0.86,18,15,5,-2,Thực phẩm và đồ uống,3500,Tập đoàn DABACO,Công ty Cổ phần Tập đoàn Dabaco Việt Nam,-4.3,-1.46,0.0,21864440000.0,0.0,0.93,0,False,False,0,Mua,FAIR,-30,10,6,5,-5,-1,-5,15,5,0,-4,0.0,0,-25,13,0.0,0.0,0.0,-6.97,NEUTRAL,MEDIUM,EMA20<EMA50 -15 | Giá -23%<EMA200 (downtrend dài hạn) -5 | ADX=35.67 mạnh + giá<EMA200 (downtrend xác nhận) -5 | ST=16.05 bearish -5 | RSI=26.55 oversold +15 | MACD hist=-0.28<0 -10 | Stoch K=6.37 oversold +5 | CMF=-0.47 outflow (oversold) +8 | MFI=24.39 weak -6 | OBV confirms trend +4 | BB pos=0.03 near lower (oversold) +5 | OF pattern=DISTRIBUTION -5 | AskWall x3 mức ≥5K cp -3 | BidWall x2 mức ≥5K cp +2 | FF net sell intensity=-0.53 (5d/20d aligned) -10 | FF flow tăng tốc (trend+accel cùng dương) +5 | PE=5.71 very cheap +10 | PB=0.77 below book +5 | ROE=14.000000000000002% neutral 0 | D/E=1.081 moderate 0 | CFO>0 real cash +5 | RevG-YoY=11.3% good +3 | ProfitG-YoY=-43.0% declining -3 | Market FAIR+giam sau -4 | CONFLUENCE bull (5/10 groups) +5,-6.97,v2.3,[],1.0,0,-3,-3,0,0,3,-6,0,-1,2,3,0,-1,-3,-2,-1,-1,3,"RS=0.93(─) +0 | 52W_hi=-42.4% -3 | LinReg_slope=-1.6%/5d -1 | Aroon=-100(▼) -3 | Donch_BD↓(<15.30) -2 | ROC10=-5.9% -3 | Williams%R=-92.0 +3 | NR=N compress=1.40 +0 | AD_slope20d=-4.8% -1 | EFI=-92,833 -1 | AskWall≤2%@15.2(41K) -2 | BidWall≤2%@15.0(118K) +2 → +0 | FFroom=47.8% +3 | FairVal=-105%(PE×EPS=7358) -6 | EPScons=-1qtrs -1 | PropTrade=+0.7tỷ(5d) +2 | Insider=B2/S0(90d) net=+2 +3",5,0.25,-0.74,0.34,0.16,0.62,-0.5,-0.14,-0.07,0.31,0.5,-0.07,-0.44,0.2,0.13,0.1,0.08,0.11,0.08,0.05,0.06,-1.31,-200.0,21.86,DISTRIBUTION,NORMAL,0.27,0.73,82.2,1420.0,1013,Mixed,305,647.0,346800,929500.0,1768.62,1793.46,1782.83,-0.51,-1.83,-3.47,DEEP_DOWN,12.24,1.99,12.8,62.2,FAIR,TIEU_DUNG_DICH_VU,0.73,0.64,0.1,0.42,0.6,0.25,21.86,VUA,2026-10-01 14:15,,
DCM,GAINER,HSX,2026-10-01 14:13,2026-10-01,14:13,33.65,realtime,49200.0,127600.0,-78400.0,0.28,33600.0,41300.0,33700.0,5600.0,33550.0,9500.0,33750.0,4800.0,33500.0,101200.0,33800.0,9000.0,12M,33.65,33.42,32.96,25.26,32.22,34.65,1.4,0.69,-2.89,53.8,0.64,0.0,0.64,60.0,74.73,31.63,33.4,35.16,0.94,0.57,2.79,47106372.0,-0.1,70.18,34.57,1.03,78.57,35.4,31.2,-58191648.64,-13.25,134608.64,-50.0,0.37,1367500.0,3710365.0,50.01,28.5,2.59,3.22,2026-10-01,False,0,True,0.0,49.0,228269197.0,259406000.0,138.47,34.18,104.29,205.58,1.37,0.72,9.44,9881695000.0,6741230000.0,0.32,0.0,0.0,0.0,,2026-Q2,6.78,1.55,24.0,14.0,1928.0,,,0.0,28.0,14.0,1.41,,5.76,6706418181.19,2100147665.51,1064685899.93,1185228920.33,1928.0,0.27,0.35,0.11,0.35,1,21832543396.61,11495109218.54,10337434178.07,3565667131.11,24190374.35,0.9,-775841653.06,2590122240.86,,1814280587.8,-0.4,18,18,-10,10,Hóa chất,1300,Đạm Cà Mau,Công ty Cổ phần - Tổng Công ty Phân bón Dầu Khí Cà Mau,-4.3,-1.46,-449235000.0,46119180000.0,-0.01,0.93,0,False,False,0,,FAIR,12,12,7,0,-3,-1,15,19,-10,8,-4,0.0,5,32,11,0.0,0.0,0.0,27.5,BUY,MEDIUM,EMA20>EMA50 +15 | Giá -3%<EMA200 (dưới xu hướng) -3 | ADX=25.26 mạnh + giá<EMA200 (downtrend xác nhận) -5 | ST=32.22 bullish +5 | RSI=53.8 neutral +5 | MACD hist=0.64>0 +10 | Stoch K<74.73 cross down -3 | MFI=70.18 strong inflow +6 | OBV confirms trend +4 | Vol=0.37x avg weak -3 | OF pattern=WEAK -3 | AskWall x2 mức ≥5K cp -3 | BidWall x3 mức ≥5K cp +2 | FF net buy intensity=+0.60 (5d/20d aligned) +10 | FF flow tăng tốc (trend+accel cùng dương) +5 | PE=6.78 very cheap +10 | PB=1.55 fair +3 | ROE=24.0% excellent +5 | D/E=0.899 healthy +1 | CFO<0 cash burn -10 | CF quality=-0.4 low -5 | RevG-YoY=11.1% good +3 | ProfitG-YoY=35.4% strong +5 | Market FAIR+giam sau -4 | CONFLUENCE bull (6/10 groups) +5 | CONFLUENCE bull (6/11) +5,22.5,v2.3,[],1.0,0,-3,1,3,0,3,-6,0,0,10,0,0,1,3,0,-2,1,0,"RS=1.08(─) +0 | 52W_hi=-32.7% -3 | LinReg_slope=+1.0%/5d +1 | Aroon=+79(▲) +3 | ROC10=+2.6% +1 | Williams%R=-50.0 +0 | NR=Y compress=0.40 +3 | AD_slope20d=-13.2% -2 | EFI=+134,609 +1 | AskWall≤2%@33.8(9K) -2 | BidWall≤2%@33.5(101K) +2 → +0 | FFroom=43.1% +3 | FairVal=-34%(PE×EPS=25064) -6 | EPScons=1qtrs +0 | PropTrade=+9.9tỷ(5d) +10",10,0.5,0.25,0.45,0.24,0.38,-0.3,-0.14,0.67,0.45,-1.0,0.53,-0.44,0.2,0.13,0.1,0.08,0.11,0.08,0.05,0.06,0.45,150.0,45.95,WEAK,BIMODAL,0.45,0.55,-58.7,791.0,1715,Retail,744,935.0,603100,742400.0,1768.62,1793.46,1782.83,-0.51,-1.83,-3.47,DEEP_DOWN,12.24,1.99,12.8,62.2,FAIR,NGUYEN_LIEU_NANG_LUONG,0.7,0.59,0.66,0.94,0.06,0.5,45.95,VUA,2026-10-01 14:15,,
DGW,LOSER,HSX,2026-10-01 14:13,2026-10-01,14:13,45.05,realtime,12000.0,76700.0,-64700.0,0.14,45100.0,7600.0,45150.0,600.0,45050.0,21400.0,45200.0,2600.0,45000.0,24000.0,45250.0,3000.0,12M,45.1,44.55,42.75,23.59,41.0,42.06,4.21,1.23,7.23,55.62,1.02,-0.17,1.19,55.73,64.21,41.16,44.57,47.97,1.77,0.58,3.92,34408298.0,0.03,46.63,46.48,0.27,85.71,47.5,39.55,11771949.64,13.42,305014.45,-56.47,0.43,943100.0,2183680.0,56.53,31.45,-0.66,10.27,2026-10-01,False,0,True,0.0,49.0,48423371.0,109524882.0,107.99,53.2,54.79,313.38,-0.86,0.83,-6.45,-225300000.0,150165000.0,-0.01,10.0,10.0,0.0,Lê Khả Tú,2026-Q2,11.95,2.7,24.0,8.0,1399.0,,,2.0,10.0,3.0,0.71,,10.03,7273329200.61,943156445.09,309453861.45,382287880.09,1399.0,-0.14,0.55,0.27,1.67,1,12537575462.07,3758752398.44,8778823063.63,3214509038.6,0.0,2.34,-42388528.78,-14167674.59,,-56556203.37,-0.08,4,12,-10,2,Bán lẻ,5300,Thế Giới Số,Công ty Cổ phần Thế Giới Số,-4.3,-1.46,13375420000.0,42833090000.0,0.31,0.93,4,True,False,3,Mua,FAIR,25,12,1,0,-3,3,5,10,-10,10,-4,0.0,0,43,4,0.0,0.0,0.0,21.56,NEUTRAL,MEDIUM,EMA20>EMA50 +15 | Giá 7%>EMA200 (uptrend dài hạn) +5 | ST=41.0 bullish +5 | RSI=55.62 neutral +5 | MACD hist=1.19>0 +10 | Stoch K<64.21 cross down -3 | OBV confirms trend +4 | Vol=0.43x avg weak -3 | OF pattern=WEAK -3 | AskClear (no wall) +1 | BidWall x3 mức ≥5K cp +2 | FF net buy intensity=+0.34 (5d/20d aligned) +10 | FF flow giảm tốc (trend+accel cùng âm) -5 | PE=11.95 cheap +7 | PB=2.7 neutral 0 | ROE=24.0% excellent +5 | D/E=2.336 high -2 | CFO<0 cash burn -10 | CF quality=-0.08 low -5 | RevG-YoY=26.9% strong +5 | ProfitG-YoY=167.3% strong +5 | Market FAIR+giam sau -4 | CONFLUENCE bull (5/10 groups) +5,21.56,v2.3,[],1.0,4,-3,0,1,3,0,-6,0,0,0,5,0,0,3,0,2,1,0,"RS=1.15(▲) +4 | 52W_hi=-20.3% -3 | LinReg_slope=+0.3%/5d +0 | Aroon=+86(▲) +3 | ROC10=-0.7% +0 | Williams%R=-56.5 +0 | NR=N compress=0.62 +1 | AD_slope20d=+13.4% +2 | EFI=+305,014 +1 | AskClear +1 | BidWall≤2%@45.0(24K) +2 → +3 | FFroom=21.7% +0 | FairVal=-148%(PE×EPS=18187) -6 | DivYield=2.0% +0 | EPScons=1qtrs +0 | PropTrade=-0.2tỷ(5d) +0 | Insider=B10/S0(90d) net=+10 +5",5,0.25,0.55,0.41,0.16,0.12,-0.3,0.86,0.19,0.14,-1.0,0.67,-0.44,0.2,0.13,0.1,0.08,0.11,0.08,0.05,0.06,-0.11,-50.0,42.21,WEAK,BIMODAL,0.27,0.73,-54.3,548.0,1582,Retail,358,1208.0,230000,630000.0,1768.62,1793.46,1782.83,-0.51,-1.83,-3.47,DEEP_DOWN,12.24,1.99,12.8,62.2,FAIR,TIEU_DUNG_DICH_VU,0.45,0.42,0.9,0.7,0.1,0.9,42.21,VUA,2026-10-01 14:15,,
DIG,LOSER,HSX,2026-10-01 14:13,2026-10-01,14:13,9.4,realtime,9900.0,333000.0,-323100.0,0.03,9360.0,4900.0,9370.0,2000.0,9350.0,69300.0,9400.0,9700.0,9340.0,11800.0,9440.0,1100.0,12M,9.36,9.88,10.31,18.2,10.22,13.24,-4.17,-5.26,-29.31,34.07,-0.24,-0.06,-0.17,28.02,22.38,9.29,9.97,10.64,0.31,0.05,3.31,-154303667.0,-0.19,36.55,9.48,-3.53,-35.71,10.75,9.17,-354221470.68,-3.96,-231605.06,-83.19,0.6,2207800.0,3698397.0,23.68,8.82,-7.33,-11.78,2026-10-01,False,0,True,0.0,49.0,370967354.0,390251283.0,8.1,8.64,-0.54,-11.84,0.23,0.39,0.55,48691000.0,48691000.0,,9.0,0.0,9.0,Nguyễn Thị Thanh Huyền,2026-Q2,9.69,0.8,8.0,4.0,0.0,,,0.0,21.0,14.0,1.23,,9.06,592454188.3,41433926.84,139911884.27,144079140.33,0.0,3.1,22.25,1.18,1.1,1,20485596686.69,10173173494.37,10312423192.32,695671800.8,626247495.74,1.01,2167807434.95,171856528.65,,2339663963.6,3.35,35,15,10,10,Bất động sản,8600,DIC Corp,Tổng Công ty Cổ phần Đầu tư Phát triển Xây dựng,-4.3,-1.46,-121666000.0,21321574000.0,-0.01,0.93,0,False,False,0,Bán,FAIR,-25,-7,6,5,-3,0,5,15,0,10,-4,0.0,0,-36,25,0.0,0.0,0.0,-5.06,NEUTRAL,MEDIUM,"EMA20<EMA50 -15 | Giá -29%<EMA200 (downtrend dài hạn) -5 | ST=10.22 bearish -5 | MACD hist=-0.17<0 -10 | Stoch K>22.38 cross up +3 | CMF=-0.19 outflow (oversold) +8 | MFI=36.55 weak -6 | OBV confirms trend +4 | BB pos=0.05 near lower (oversold) +5 | OF pattern=WEAK -3 | AskWall 9.40 (10K cp, +0.0%) -2 | BidWall x2 mức ≥5K cp +2 | FF net trung tính (intensity=-0.03) +0 | FF flow tăng tốc (trend+accel cùng dương) +5 | PE=9.69 very cheap +10 | PB=0.8 below book +5 | D/E=1.014 moderate 0 | CFO=2167807434949 (sector-skip) 0 | RevG-YoY=117.6% strong +5 | ProfitG-YoY=109.7% strong +5 | Market FAIR+giam sau -4",-5.06,v2.3,[],1.0,0,-5,-3,0,3,3,0,0,0,0,-5,0,-3,-2,0,-1,-1,3,"RS=0.92(─) +0 | 52W_hi=-60.3% -5 | LinReg_slope=-3.5%/5d -3 | Aroon=-36(▼) -2 | ROC10=-7.3% -3 | Williams%R=-83.2 +3 | NR=N compress=0.89 +0 | AD_slope20d=-4.0% -1 | EFI=-231,605 -1 | AskClear +1 | BidWall≤2%@9.3(69K) +2 → +3 | FFroom=46.6% +3 | EPScons=1qtrs +0 | PropTrade=+0.0tỷ(5d) +0 | Insider=B0/S9(90d) net=-9 -5",-5,-0.25,-0.66,-0.24,0.16,0.62,-0.3,0.43,0.3,0.52,0.0,0.67,-0.44,0.2,0.13,0.1,0.08,0.11,0.08,0.05,0.06,-2.19,-210.0,20.9,WEAK,BIMODAL,0.27,0.73,-47.2,1290.0,1664,Mixed,496,1089.0,528100,1457500.0,1768.62,1793.46,1782.83,-0.51,-1.83,-3.47,DEEP_DOWN,12.24,1.99,12.8,62.2,FAIR,BAT_DONG_SAN,0.6,0.68,0.47,0.68,0.5,0.79,20.9,VUA,2026-10-01 14:15,,VALUE_OPPORTUNITY
DPM,GAINER,HSX,2026-10-01 14:13,2026-10-01,14:13,22.4,realtime,29900.0,139100.0,-109200.0,0.18,22450.0,20100.0,22500.0,59400.0,22400.0,103500.0,22550.0,21200.0,22350.0,89300.0,22600.0,21600.0,12M,22.45,22.64,22.5,11.71,21.4,23.13,0.62,-0.84,-2.94,48.21,0.11,-0.06,0.17,41.88,48.15,22.18,22.72,23.27,0.55,0.25,2.45,33924295.0,-0.3,48.74,22.77,-0.92,14.29,23.75,21.8,-157369170.41,-15.51,25410.29,-66.67,0.48,1928000.0,3992820.0,33.52,20.18,-1.97,-3.65,2026-10-01,False,0,True,0.0,50.0,316906116.0,339995380.0,24.86,33.99,-9.13,-28.17,0.35,0.33,-0.26,7040905000.0,-1502228000.0,0.07,0.0,0.0,0.0,,2026-Q2,8.59,1.34,16.0,10.0,1223.0,,,0.0,20.0,9.0,1.88,,8.28,6985757951.11,1664679619.22,905927679.08,1091064919.13,1223.0,0.24,1.25,0.32,1.25,1,18496161490.29,11533439828.85,6962721661.44,3231724900.07,0.0,0.6,-1781033031.79,1802349664.03,,21316632.24,-1.66,16,16,-10,10,Hóa chất,1300,Tổng Công ty Phân bón và Hóa chất Dầu khí,Tổng Công ty Phân bón và Hóa chất Dầu khí - Công ty Cổ phần,-4.3,-1.46,-3059960000.0,44367085000.0,-0.07,0.93,-2,False,False,0,,FAIR,17,12,9,0,-3,-1,-5,17,-10,10,-4,0.0,0,32,11,0.0,0.0,0.0,12.53,NEUTRAL,MEDIUM,EMA20>EMA50 +15 | Giá -3%<EMA200 (dưới xu hướng) -3 | ST=21.4 bullish +5 | RSI=48.21 neutral +5 | MACD hist=0.17>0 +10 | Stoch K<48.15 cross down -3 | CMF=-0.3 outflow (oversold) +8 | OBV confirms trend +4 | Vol=0.48x avg weak -3 | OF pattern=WEAK -3 | AskWall x3 mức ≥5K cp -3 | BidWall x3 mức ≥5K cp +2 | FF net sell intensity=-0.16 (5d/20d aligned) -5 | PE=8.59 very cheap +10 | PB=1.34 fair +3 | ROE=16.0% good +3 | D/E=0.604 healthy +1 | CFO<0 cash burn -10 | CF quality=-1.66 low -5 | RevG-YoY=31.8% strong +5 | ProfitG-YoY=124.8% strong +5 | Market FAIR+giam sau -4 | CONFLUENCE bull (5/10 groups) +5,12.53,v2.3,[],1.0,0,-3,0,0,0,3,-6,0,0,5,0,0,0,0,0,-2,1,1,"RS=1.01(─) +0 | 52W_hi=-33.2% -3 | LinReg_slope=-0.9%/5d +0 | Aroon=+14(─) +0 | ROC10=-2.0% +0 | Williams%R=-66.7 +1 | NR=N compress=0.73 +0 | AD_slope20d=-15.5% -2 | EFI=+25,410 +1 | AskWall≤2%@22.5(59K) -2 | BidWall≤2%@22.4(104K) +2 → +0 | FFroom=46.6% +3 | FairVal=-41%(PE×EPS=15899) -6 | EPScons=1qtrs +0 | PropTrade=+7.0tỷ(5d) +5",5,0.25,0.26,0.45,0.32,0.0,-0.3,-0.14,-0.07,0.38,-1.0,0.67,-0.44,0.2,0.13,0.1,0.08,0.11,0.08,0.05,0.06,0.22,50.0,43.42,WEAK,BIMODAL,0.4,0.6,-39.7,1093.0,1715,Mixed,696,1002.0,748400,1122600.0,1768.62,1793.46,1782.83,-0.51,-1.83,-3.47,DEEP_DOWN,12.24,1.99,12.8,62.2,FAIR,NGUYEN_LIEU_NANG_LUONG,0.65,0.57,0.75,0.34,0.06,0.78,43.42,VUA,2026-10-01 14:15,,
DSE,LOSER,HSX,2026-10-01 14:13,2026-10-01,14:13,21.7,realtime,126900.0,197600.0,-70700.0,0.39,21650.0,32100.0,21700.0,16500.0,21600.0,42600.0,21750.0,14200.0,21550.0,34500.0,21800.0,5400.0,12M,21.7,22.07,22.26,15.06,22.65,22.87,-0.85,-1.68,-5.12,38.08,-0.18,-0.05,-0.13,14.29,14.81,21.54,22.08,22.63,0.31,0.15,1.43,3605662.0,-0.21,41.15,21.8,-0.46,-42.86,23.0,21.6,-3743582.66,-107.52,-25173.66,-90.48,0.72,342200.0,476900.0,28.2,20.45,-3.12,-3.77,2026-10-01,False,0,True,0.0,100.0,384278996.0,428249806.0,4.93,20.74,-15.81,-30.15,-0.06,0.39,-1.49,-187635000.0,-133110000.0,0.01,1.0,0.0,1.0,nan,2026-Q2,34.54,1.72,5.0,2.0,0.0,,,0.0,34.0,13.0,1.6,,37.49,453085814.35,182621627.86,81800782.49,,0.0,0.15,6.22,0.56,0.12,1,15207601983.12,5440246337.41,9767355645.71,8175031660.13,59249344.1,1.79,-4656101036.69,-15565471.96,,-4671666508.65,-17.08,-4,-2,-10,8,Dịch vụ tài chính,8700,Chứng Khoán DNSE,Công ty Cổ phần Chứng khoán DNSE,-4.3,-1.46,-2287905000.0,7464005000.0,-0.31,0.93,-4,False,False,0,Bán,FAIR,-25,-5,4,5,-3,-1,-15,-2,0,8,-4,0.0,0,-30,6,0.0,0.0,0.0,-17.81,SELL,MEDIUM,EMA20<EMA50 -15 | Giá -5%<EMA200 (downtrend dài hạn) -5 | ST=22.65 bearish -5 | MACD hist=-0.13<0 -10 | Stoch K=14.29 oversold +5 | CMF=-0.21 outflow (oversold) +8 | OBV divergence -4 | BB pos=0.15 near lower (oversold) +5 | OF pattern=WEAK -3 | AskWall x3 mức ≥5K cp -3 | BidWall x3 mức ≥5K cp +2 | FF net sell intensity=-0.62 (5d/20d aligned) -10 | FF flow giảm tốc (trend+accel cùng âm) -5 | PE=34.54 expensive -5 | PB=1.72 fair +3 | CFO=-4656101036690 (sector-skip) 0 | RevG-YoY=56.1% strong +5 | ProfitG-YoY=11.5% good +3 | Market FAIR+giam sau -4,-17.81,v2.3,[],1.0,0,-3,-1,0,0,3,0,0,0,0,-3,0,0,-2,0,-2,-1,3,"RS=1.01(─) +0 | 52W_hi=-23.0% -3 | LinReg_slope=-0.5%/5d +0 | Aroon=-43(▼) -2 | ROC10=-3.1% -1 | Williams%R=-90.5 +3 | NR=N compress=0.91 +0 | AD_slope20d=-107.5% -2 | EFI=-25,174 -1 | AskWall≤2%@21.8(14K) -2 | BidWall≤2%@21.6(43K) +2 → +0 | FFroom=89.7% +3 | EPScons=1qtrs +0 | PropTrade=-0.2tỷ(5d) +0 | Insider=B0/S1(90d) net=-1 -3",-3,-0.15,-0.57,-0.1,0.04,0.62,-0.3,-0.14,-0.44,-0.07,0.0,0.53,-0.44,0.2,0.13,0.1,0.08,0.11,0.08,0.05,0.06,-0.46,-100.0,7.46,WEAK,BIMODAL,0.39,0.61,-27.0,5432.0,63,Mixed,27,34.0,126900,197600.0,1768.62,1793.46,1782.83,-0.51,-1.83,-3.47,DEEP_DOWN,12.24,1.99,12.8,62.2,FAIR,TAI_CHINH_PHI_NH,0.26,0.23,0.57,0.14,0.5,0.57,7.46,NHO,2026-10-01 14:15,,
DXG,LOSER,HSX,2026-10-01 14:13,2026-10-01,14:13,10.05,realtime,136500.0,225300.0,-88800.0,0.38,10050.0,74800.0,10100.0,89700.0,10000.0,727400.0,10150.0,320000.0,9990.0,28200.0,10200.0,342300.0,12M,10.05,10.6,11.07,25.13,11.18,12.98,-4.25,-5.19,-22.57,31.27,-0.33,-0.06,-0.27,20.72,19.89,9.69,10.71,11.72,0.37,0.18,3.68,100098173.0,0.03,23.24,9.91,-2.92,-50.0,11.95,9.82,-91549724.99,6.12,-537382.76,-83.33,0.33,3434800.0,10352695.0,20.61,9.76,-6.94,-14.83,2026-10-01,False,0,True,0.0,50.0,435788444.0,634926225.0,17.69,40.26,-22.57,-169.49,1.47,0.22,4.9,-232680000.0,817502000.0,-0.04,4.0,1.0,3.0,nan,2026-Q2,64.79,0.9,1.0,1.0,30.0,,,0.0,49.0,11.0,1.24,,32.48,787617673.14,362517405.02,53076816.28,9130637.45,30.0,-0.42,0.4,0.07,-0.35,-1,39769040832.79,21113456438.94,18655584393.85,2306061584.84,2860772912.87,0.88,1389860909.26,-1062400766.12,,327460143.14,6.02,9,-3,10,2,Bất động sản,8600,Bluemarq Group,Công ty Cổ phần Bluemarq Group,-4.3,-1.46,-1997835000.0,34931985000.0,-0.06,0.93,-2,False,False,0,Bán,FAIR,-30,-7,-13,5,-3,-1,-5,-2,0,-2,-4,0.0,0,-59,-11,0.0,0.0,0.0,-31.31,STRONG SELL,MEDIUM,EMA20<EMA50 -15 | Giá -23%<EMA200 (downtrend dài hạn) -5 | ADX=25.13 mạnh + giá<EMA200 (downtrend xác nhận) -5 | ST=11.18 bearish -5 | MACD hist=-0.27<0 -10 | Stoch K>19.89 cross up +3 | MFI=23.24 weak -6 | OBV divergence -4 | Vol=0.33x avg weak -3 | BB pos=0.18 near lower (oversold) +5 | OF pattern=WEAK -3 | AskWall x3 mức ≥5K cp -3 | BidWall x3 mức ≥5K cp +2 | FF net sell intensity=-0.39 (5d/20d aligned) -10 | FF flow tăng tốc (trend+accel cùng dương) +5 | PE=64.79 expensive -5 | PB=0.9 below book +5 | ROE=1.0% weak -3 | D/E=0.884 healthy +1 | CFO=1389860909258 (sector-skip) 0 | RevG-YoY=7.3% positive +1 | ProfitG-YoY=-34.8% declining -3 | Market FAIR+giam sau -4,-31.31,v2.3,[],1.0,-4,-5,-3,0,0,3,-6,0,-1,0,-3,0,-1,-2,0,2,-1,3,"RS=0.89(▼) -4 | 52W_hi=-51.2% -5 | LinReg_slope=-2.9%/5d -1 | Aroon=-50(▼) -2 | ROC10=-6.9% -3 | Williams%R=-83.3 +3 | NR=N compress=0.88 +0 | AD_slope20d=+6.1% +2 | EFI=-537,383 -1 | AskWall≤2%@10.2(320K) -2 | BidWall≤2%@10.0(727K) +2 → +0 | FFroom=34.3% +3 | FairVal=-2477%(PE×EPS=390) -6 | EPScons=-1qtrs -1 | PropTrade=-0.2tỷ(5d) +0 | Insider=B1/S3(90d) net=-2 -3",-3,-0.15,-0.79,-0.24,-0.48,0.62,-0.3,-0.14,-0.07,-0.28,0.0,-0.2,-0.44,0.2,0.13,0.1,0.08,0.11,0.08,0.05,0.06,-0.99,-100.0,34.82,WEAK,BIMODAL,0.26,0.74,-62.1,2392.0,1430,Mixed,452,940.0,873400,2519200.0,1768.62,1793.46,1782.83,-0.51,-1.83,-3.47,DEEP_DOWN,12.24,1.99,12.8,62.2,FAIR,BAT_DONG_SAN,0.4,0.43,0.15,0.59,0.5,0.18,34.82,VUA,2026-10-01 14:15,,
EIB,LOSER,HSX,2026-10-01 14:13,2026-10-01,14:13,16.65,realtime,178900.0,475000.0,-296100.0,0.27,16650.0,22800.0,16700.0,69500.0,16600.0,153200.0,16750.0,44300.0,16550.0,110100.0,16800.0,73100.0,12M,16.65,16.75,17.42,29.64,17.47,20.16,-3.85,-0.6,-17.41,45.43,-0.15,0.12,-0.26,87.18,87.89,15.93,16.59,17.25,0.42,0.55,2.52,-195006100.0,-0.18,65.86,16.6,3.09,85.71,17.25,15.8,-439882546.84,-3.52,80304.28,-34.62,0.61,2612700.0,4291005.0,27.4,15.8,2.46,-2.35,2026-10-01,False,0,True,0.0,29.97,540888226.0,560090574.0,31.63,18.73,12.9,-24.03,0.14,0.39,3.92,-838265000.0,-183552200000.0,6.37,0.0,0.0,0.0,,2026-Q2,64.57,1.2,2.0,0.0,0.0,,,0.0,39.0,7.0,0.0,,0.0,1821159000.0,,250491000.0,819384000.0,0.0,0.19,-0.07,-0.07,-0.51,-1,266067927000.0,26487794000.0,239580133000.0,,,9.04,13948657000.0,-402696000.0,0.0,13545961000.0,12.27,7,-5,10,2,Ngân hàng,8300,Eximbank,Ngân hàng Thương mại Cổ phần Xuất nhập khẩu Việt Nam,-4.3,-1.46,-12055710000.0,44299755000.0,-0.27,0.93,-4,False,True,-3,,FAIR,-30,-13,18,0,-3,-1,10,-5,0,-4,-4,0.0,0,-25,-10,0.0,0.0,0.0,-13.57,SELL,MEDIUM,EMA20<EMA50 -15 | Giá -17%<EMA200 (downtrend dài hạn) -5 | ADX=29.64 mạnh + giá<EMA200 (downtrend xác nhận) -5 | ST=17.47 bearish -5 | RSI=45.43 neutral +5 | MACD hist=-0.26<0 -10 | Stoch K=87.18 overbought -5 | Stoch K<87.89 cross down -3 | CMF=-0.18 outflow (oversold) +8 | MFI=65.86 strong inflow +6 | OBV confirms trend +4 | OF pattern=WEAK -3 | AskWall x3 mức ≥5K cp -3 | BidWall x3 mức ≥5K cp +2 | FF net buy intensity=+0.26 +5 | FF flow tăng tốc (trend+accel cùng dương) +5 | PE=64.57 expensive -5 | PB=1.2 fair +3 | ROE=2.0% weak -3 | CFO=13948657000000 (sector-skip) 0 | RevG-YoY=-7.5% slight decline -1 | ProfitG-YoY=-50.5% declining -3 | Market FAIR+giam sau -4,-13.57,v2.3,[],1.0,0,-3,1,0,0,0,0,0,-1,-2,0,0,3,3,0,-1,1,-1,"RS=1.02(─) +0 | 52W_hi=-39.2% -3 | LinReg_slope=+3.1%/5d +3 | Aroon=+86(▲) +3 | ROC10=+2.5% +1 | Williams%R=-34.6 -1 | NR=N compress=0.85 +0 | AD_slope20d=-3.5% -1 | EFI=+80,304 +1 | AskWall≤2%@16.8(73K) -2 | BidWall≤2%@16.6(153K) +2 → +0 | FFroom=28.9% +0 | EPScons=-1qtrs -1 | PropTrade=-0.8tỷ(5d) -2",-2,-0.1,-0.51,-0.45,0.72,0.0,-0.3,-0.14,0.37,-0.17,0.0,-0.33,-0.44,0.2,0.13,0.1,0.08,0.11,0.08,0.05,0.06,-2.35,-400.0,43.65,WEAK,SKEWED_DOWN,0.29,0.71,-46.4,2735.0,955,Mixed,307,629.0,741100,1845900.0,1768.62,1793.46,1782.83,-0.51,-1.83,-3.47,DEEP_DOWN,12.24,1.99,12.8,62.2,FAIR,NGAN_HANG,0.22,0.35,0.06,0.97,0.5,0.08,43.65,VUA,2026-10-01 14:15,,
EVF,LOSER,HSX,2026-10-01 14:13,2026-10-01,14:13,11.55,realtime,108400.0,253700.0,-145300.0,0.3,11500.0,10800.0,11550.0,8900.0,11450.0,50800.0,11600.0,83800.0,11400.0,24800.0,11650.0,76000.0,12M,11.5,11.72,12.1,33.11,12.2,12.53,-3.14,-1.88,-8.22,38.98,-0.21,0.02,-0.22,62.38,57.94,11.19,11.69,12.19,0.29,0.31,2.52,-30994700.0,0.01,39.42,11.37,0.37,35.71,12.5,10.9,-116183541.17,0.37,-12276.52,-40.0,0.57,821200.0,1445350.0,15.25,10.6,-1.71,-7.26,2026-10-01,False,0,True,0.0,50.0,378179701.0,380282901.0,5.91,0.97,4.93,4.4,0.05,0.44,0.74,-1431235000.0,-1431235000.0,-0.13,0.0,0.0,0.0,,2026-Q2,9.11,0.85,10.0,1.0,373.0,,,0.0,87.0,42.0,0.0,,0.0,627496000.0,,289593000.0,544818000.0,373.0,0.29,0.09,0.08,0.2,1,91756291000.0,10414625000.0,81341666000.0,,,7.81,1546431000.0,-107290000.0,-828000.0,1439141000.0,1.73,31,15,10,6,Dịch vụ tài chính,8700,Tài chính Tổng hợp Điện lực,Công ty Tài chính Tổng hợp Cổ phần Điện Lực,-4.3,-1.46,-1096610000.0,9459760000.0,-0.12,0.93,-4,False,False,0,,FAIR,-30,-7,-2,0,-3,-1,15,15,0,4,-4,0.0,0,-45,13,0.0,0.0,0.0,-10.52,SELL,MEDIUM,EMA20<EMA50 -15 | Giá -8%<EMA200 (downtrend dài hạn) -5 | ADX=33.11 mạnh + giá<EMA200 (downtrend xác nhận) -5 | ST=12.2 bearish -5 | MACD hist=-0.22<0 -10 | Stoch K>57.94 cross up +3 | MFI=39.42 weak -6 | OBV confirms trend +4 | OF pattern=WEAK -3 | AskWall x3 mức ≥5K cp -3 | BidWall x3 mức ≥5K cp +2 | FF net buy intensity=+0.72 (5d/20d aligned) +10 | FF flow tăng tốc (trend+accel cùng dương) +5 | PE=9.11 very cheap +10 | PB=0.85 below book +5 | CFO=1546431000000 (sector-skip) 0 | RevG-YoY=8.0% positive +1 | ProfitG-YoY=19.7% good +3 | Market FAIR+giam sau -4,-10.52,v2.3,[],1.0,0,-3,0,0,0,3,-6,0,0,-2,0,0,0,2,0,0,-1,-1,"RS=0.97(─) +0 | 52W_hi=-24.3% -3 | LinReg_slope=+0.4%/5d +0 | Aroon=+36(▲) +2 | ROC10=-1.7% +0 | Williams%R=-40.0 -1 | NR=N compress=1.60 +0 | AD_slope20d=+0.4% +0 | EFI=-12,277 -1 | AskWall≤2%@11.6(84K) -2 | BidWall≤2%@11.4(51K) +2 → +0 | FFroom=49.7% +3 | FairVal=-138%(PE×EPS=4849) -6 | EPScons=1qtrs +0 | PropTrade=-1.4tỷ(5d) -2",-2,-0.1,-0.58,-0.28,-0.12,0.0,-0.3,-0.14,0.67,0.31,0.0,0.27,-0.44,0.2,0.13,0.1,0.08,0.11,0.08,0.05,0.06,-0.86,-100.0,9.46,WEAK,BIMODAL,0.31,0.69,-23.5,1808.0,454,Mixed,137,305.0,252900,562400.0,1768.62,1793.46,1782.83,-0.51,-1.83,-3.47,DEEP_DOWN,12.24,1.99,12.8,62.2,FAIR,TAI_CHINH_PHI_NH,0.49,0.54,0.25,0.96,0.5,0.18,9.46,NHO,2026-10-01 14:15,,
FPT,LOSER,HSX,2026-10-01 14:13,2026-10-01,14:13,62.8,realtime,57900.0,91500.0,-33600.0,0.39,62800.0,47900.0,62900.0,4900.0,62700.0,48500.0,63000.0,98600.0,62600.0,137100.0,63100.0,51100.0,12M,62.9,64.84,64.76,22.21,62.84,72.22,0.12,-2.99,-12.91,39.52,-0.32,-0.51,0.19,3.19,5.39,62.79,65.55,68.3,1.32,0.02,2.1,-276514355.0,-0.17,30.32,64.01,-3.65,-64.29,68.0,63.0,-479853083.17,-4.19,-1498555.74,-94.44,0.5,2868000.0,5776530.0,97.48,55.91,-6.88,-4.17,2026-10-01,False,0,True,0.0,49.0,352746010.0,840019946.0,159.92,240.15,-80.22,771.61,-8.04,0.56,-58.91,-17979590000.0,-108051520000.0,-1.87,0.0,0.0,0.0,,2026-Q2,11.83,2.97,26.0,13.0,1507.0,,,0.0,35.0,17.0,1.52,,10.49,13788503461.2,4279744280.21,2567587014.43,2885709265.08,1507.0,0.1,0.03,-0.17,0.14,1,73563105859.5,40995680808.26,32567425051.24,16368916886.52,2080610610.53,0.79,10136043915.91,-11624743591.63,,-1488699675.72,1.08,26,12,10,4,Công nghệ Thông tin,9500,FPT Corp,Công ty Cổ phần FPT,-4.3,-1.46,25393915900.0,182073950000.0,0.14,0.93,4,True,False,3,,FAIR,5,15,-2,5,-3,-1,-10,13,10,0,-4,0.0,0,9,17,0.0,0.0,0.0,1.07,NEUTRAL,MEDIUM,EMA20>EMA50 +15 | Giá -13%<EMA200 (downtrend dài hạn) -5 | ST=62.84 bearish -5 | MACD hist=0.19>0 +10 | Stoch K=3.19 oversold +5 | CMF=-0.17 outflow (oversold) +8 | MFI=30.32 weak -6 | OBV divergence -4 | BB pos=0.02 near lower (oversold) +5 | OF pattern=WEAK -3 | AskWall x2 mức ≥5K cp -3 | BidWall x3 mức ≥5K cp +2 | FF net sell intensity=-0.20 -5 | FF flow giảm tốc (trend+accel cùng âm) -5 | PE=11.83 cheap +7 | PB=2.97 neutral 0 | ROE=26.0% excellent +5 | D/E=0.794 healthy +1 | CFO>0 real cash +5 | CF quality=1.08 high +5 | RevG-YoY=-17.1% declining -3 | ProfitG-YoY=13.7% good +3 | Market FAIR+giam sau -4,1.07,v2.3,[],1.0,0,-3,-3,3,0,0,-6,0,0,-10,0,0,-3,-3,-2,-1,-2,3,"RS=1.00(─) +0 | 52W_hi=-35.6% -3 | LinReg_slope=-3.6%/5d -3 | Aroon=-64(▼) -3 | Donch_BD↓(<63.00) -2 | ROC10=-6.9% -3 | Williams%R=-94.4 +3 | NR=Y compress=0.39 +3 | AD_slope20d=-4.2% -1 | EFI=-1,498,556 -2 | AskWall≤2%@63.0(99K) -2 | BidWall≤2%@62.6(137K) +2 → +0 | FFroom=20.6% +0 | FairVal=-221%(PE×EPS=19591) -6 | EPScons=1qtrs +0 | PropTrade=-18.0tỷ(5d) -10",-10,-0.5,-0.11,0.52,-0.2,1.0,-0.3,-0.14,-0.37,0.24,1.0,0.0,-0.44,0.2,0.13,0.1,0.08,0.11,0.08,0.05,0.06,-0.16,-100.0,180.22,WEAK,SKEWED_UP,0.32,0.68,-23.3,477.0,5667,Retail,1575,3937.0,850200,1802000.0,1768.62,1793.46,1782.83,-0.51,-1.83,-3.47,DEEP_DOWN,12.24,1.99,12.8,62.2,FAIR,TIEU_DUNG_DICH_VU,0.57,0.56,0.61,0.23,0.87,0.23,180.22,LON,2026-10-01 14:15,,
FRT,LOSER,HSX,2026-10-01 14:13,2026-10-01,14:13,145.9,realtime,24600.0,25700.0,-1100.0,0.49,145600.0,500.0,145700.0,1000.0,145300.0,300.0,146000.0,1800.0,145200.0,1200.0,146100.0,200.0,12M,145.7,139.03,135.37,21.43,131.41,137.05,2.7,4.8,6.31,61.71,2.01,1.11,0.9,89.59,89.05,125.88,137.34,148.8,5.25,0.86,3.6,13462014.0,0.15,77.47,140.2,6.95,92.86,148.2,127.5,25451962.38,6.84,1621700.26,-18.39,1.36,725600.0,534890.0,172.38,100.2,12.08,1.96,2026-10-01,False,0,True,0.0,49.0,28444449.0,87619376.0,256.86,141.61,115.25,-45.39,1.11,0.5,25.57,-6597010000.0,-69304471000.0,1.17,4.0,2.0,2.0,,2026-Q2,23.12,5.48,28.0,5.0,1830.0,,,0.0,20.0,2.0,0.49,,17.54,15626000269.58,3160752657.79,341489101.47,558834559.05,1830.0,0.03,0.19,0.37,1.88,1,27261459573.16,5964413550.24,21297046022.92,13075069438.71,0.0,3.57,2747326553.03,-5263902409.53,,-2516575856.5,3.46,19,5,10,4,Bán lẻ,5300,Bán lẻ FPT,Công ty Cổ phần Bán lẻ Kỹ thuật số FPT,-4.3,-1.46,35505560000.0,107991960000.0,0.33,0.93,4,True,False,3,Mua,FAIR,25,5,2,-5,0,0,10,2,10,10,-4,0.0,0,38,16,0.0,0.0,0.0,20.93,NEUTRAL,HIGH,EMA20>EMA50 +15 | Giá 6%>EMA200 (uptrend dài hạn) +5 | ST=131.41 bullish +5 | MACD hist=0.9>0 +10 | Stoch K=89.59 overbought -5 | CMF=0.15 inflow (overbought) -8 | MFI=77.47 strong inflow +6 | OBV confirms trend +4 | BB pos=0.86 near upper (overbought) -5 | AskClear (no wall) +1 | NoBidWall -1 | FF net buy intensity=+0.29 +5 | FF flow tăng tốc (trend+accel cùng dương) +5 | PE=23.12 fair +3 | PB=5.48 expensive -3 | ROE=28.000000000000004% excellent +5 | D/E=3.571 very high -3 | CFO>0 real cash +5 | CF quality=3.46 high +5 | RevG-YoY=37.2% strong +5 | ProfitG-YoY=187.8% strong +5 | Market FAIR+giam sau -4,20.93,v2.3,[],1.0,0,0,3,0,0,0,-6,0,0,-10,0,0,3,3,0,2,3,-3,"RS=1.07(─) +0 | 52W_hi=-15.4% +0 | LinReg_slope=+7.0%/5d +3 | Aroon=+93(▲) +3 | ROC10=+12.1% +3 | Williams%R=-18.4 -3 | NR=N compress=0.88 +0 | AD_slope20d=+6.8% +2 | EFI=+1,621,700 +3 | FFroom=15.9% +0 | FairVal=-513%(PE×EPS=23790) -6 | EPScons=1qtrs +0 | PropTrade=-6.6tỷ(5d) -10 | Insider=B2/S2(90d) net=+0 +0",-10,-0.5,0.58,0.17,0.28,-0.62,0.0,0.0,0.37,-0.14,1.0,0.67,-0.44,0.2,0.13,0.1,0.08,0.11,0.08,0.05,0.06,-0.68,-1000.0,106.55,CONTENTION,BIMODAL,0.59,0.41,-10.6,320.0,2212,Retail,1467,721.0,412800,286900.0,1768.62,1793.46,1782.83,-0.51,-1.83,-3.47,DEEP_DOWN,12.24,1.99,12.8,62.2,FAIR,TIEU_DUNG_DICH_VU,0.34,0.33,0.9,0.8,0.88,0.9,106.55,LON,2026-10-01 14:15,,CONSENSUS_BULL
FTS,LOSER,HSX,2026-10-01 14:13,2026-10-01,14:13,18.95,realtime,45300.0,79200.0,-33900.0,0.36,18950.0,5900.0,19000.0,4000.0,18900.0,6700.0,19050.0,3800.0,18850.0,2500.0,19100.0,6800.0,12M,19.0,20.39,21.58,30.41,20.76,24.99,-5.51,-6.82,-23.97,28.78,-0.75,-0.12,-0.63,7.32,5.79,18.7,20.52,22.34,0.63,0.08,3.32,-28186255.0,-0.49,27.98,19.18,-3.84,-100.0,22.95,19.1,-54722023.07,-12.31,-121831.82,-88.0,0.94,578200.0,615135.0,33.4,18.7,-7.77,-16.11,2026-10-01,False,0,True,0.0,100.0,287527440.0,381145750.0,1.79,4.03,-2.24,1.15,-0.04,0.39,-0.51,-93115000.0,-86575000.0,-0.0,0.0,0.0,0.0,,2026-Q2,17.32,1.65,10.0,3.0,0.0,,,0.0,46.0,31.0,1.42,,24.41,309465710.18,123044619.84,78047349.72,,0.0,-0.18,-0.51,0.29,0.29,1,14555802815.52,4434343344.97,10121459470.55,9918000000.0,0.0,2.28,-876034905.6,-5653201.31,,-881688106.91,-2.21,-10,6,-10,-6,Dịch vụ tài chính,8700,Chứng khoán FPT,Công ty Cổ phần Chứng khoán FPT,-4.3,-1.46,1086345000.0,11092455000.0,0.1,0.93,4,False,False,0,,FAIR,-30,13,6,5,0,0,-10,6,0,10,-4,0.0,0,-24,16,0.0,0.0,0.0,-6.43,NEUTRAL,MEDIUM,"EMA20<EMA50 -15 | Giá -24%<EMA200 (downtrend dài hạn) -5 | ADX=30.41 mạnh + giá<EMA200 (downtrend xác nhận) -5 | ST=20.76 bearish -5 | RSI=28.78 oversold +15 | MACD hist=-0.63<0 -10 | Stoch K=7.32 oversold +5 | Stoch K>5.79 cross up +3 | CMF=-0.49 outflow (oversold) +8 | MFI=27.98 weak -6 | OBV confirms trend +4 | BB pos=0.08 near lower (oversold) +5 | AskWall 19.10 (7K cp, +0.8%) -2 | BidWall x2 mức ≥5K cp +2 | FF net sell intensity=-0.38 -5 | FF flow giảm tốc (trend+accel cùng âm) -5 | PE=17.32 fair +3 | PB=1.65 fair +3 | CFO=-876034905602 (sector-skip) 0 | RevG-YoY=29.4% strong +5 | ProfitG-YoY=28.8% strong +5 | Market FAIR+giam sau -4 | CONFLUENCE bull (5/10 groups) +5",-6.43,v2.3,[],1.0,-4,-3,-3,0,0,3,0,0,0,0,0,0,-3,-3,-2,-2,-1,3,"RS=0.88(▼) -4 | 52W_hi=-43.3% -3 | LinReg_slope=-3.8%/5d -3 | Aroon=-100(▼) -3 | Donch_BD↓(<19.10) -2 | ROC10=-7.8% -3 | Williams%R=-88.0 +3 | NR=N compress=0.98 +0 | AD_slope20d=-12.3% -2 | EFI=-121,832 -1 | AskWall≤2%@19.1(7K) -2 | BidWall≤2%@18.9(7K) +2 → +0 | FFroom=75.4% +3 | EPScons=1qtrs +0 | PropTrade=-0.1tỷ(5d) +0",0,0.0,-0.85,0.45,0.12,0.62,0.0,0.0,-0.26,0.21,0.0,0.67,-0.44,0.2,0.13,0.1,0.08,0.11,0.08,0.05,0.06,-1.04,-200.0,10.96,CONTENTION,BIMODAL,0.42,0.58,2.0,844.0,672,Retail,195,415.0,207600,287200.0,1768.62,1793.46,1782.83,-0.51,-1.83,-3.47,DEEP_DOWN,12.24,1.99,12.8,62.2,FAIR,TAI_CHINH_PHI_NH,0.33,0.32,0.25,0.39,0.5,0.86,10.96,NHO,2026-10-01 14:15,,
GAS,LOSER,HSX,2026-10-01 14:13,2026-10-01,14:13,81.9,realtime,29500.0,85000.0,-55500.0,0.26,81800.0,100.0,81900.0,9200.0,81700.0,13200.0,82000.0,11300.0,81600.0,18400.0,82100.0,300.0,12M,81.8,82.85,80.32,26.27,78.51,78.63,3.15,-1.27,4.03,49.11,1.0,-0.68,1.68,25.79,27.7,78.96,83.62,88.28,2.88,0.3,3.52,36253312.0,-0.22,57.15,84.07,-2.09,-57.14,90.38,80.08,-25895277.0,-36.88,-79057.77,-85.12,0.32,529500.0,1640358.0,127.79,54.42,-4.99,0.21,2026-10-01,False,0,True,0.0,49.0,1130807593.0,1182345380.0,106.99,46.19,60.8,191.1,-0.46,0.61,1.54,10185610000.0,24381768000.0,-0.05,0.0,0.0,0.0,,2026-Q2,16.01,2.88,19.0,13.0,2389.0,,,0.0,13.0,8.0,2.68,,10.98,43249135951.69,7793394809.4,5860096460.01,7452881966.59,2389.0,0.14,0.99,0.44,0.23,1,102853960066.18,70285731045.34,32568229020.84,1781436962.37,1148324118.2,0.46,13040237870.14,-6468619501.02,,6571618369.12,1.14,24,6,10,8,"Điện, nước & xăng dầu khí đốt",7500,PV Gas,Tổng Công ty Khí Việt Nam - Công ty Cổ phần,-4.3,-1.46,-7433530000.0,44808480000.0,-0.17,0.93,-4,False,False,0,,FAIR,28,12,9,0,-3,-1,10,7,10,10,-4,0.0,5,39,21,0.0,0.0,0.0,33.55,BUY,HIGH,EMA20>EMA50 +15 | Giá 4%>EMA200 (trên xu hướng) +3 | ADX=26.27 mạnh + giá>EMA200 (uptrend xác nhận) +5 | ST=78.51 bullish +5 | RSI=49.11 neutral +5 | MACD hist=1.68>0 +10 | Stoch K<27.7 cross down -3 | CMF=-0.22 outflow (oversold) +8 | OBV confirms trend +4 | Vol=0.32x avg weak -3 | OF pattern=WEAK -3 | AskWall x2 mức ≥5K cp -3 | BidWall x2 mức ≥5K cp +2 | FF net buy intensity=+0.40 (5d/20d aligned) +10 | PE=16.01 fair +3 | PB=2.88 neutral 0 | ROE=19.0% good +3 | D/E=0.463 healthy +1 | CFO>0 real cash +5 | CF quality=1.14 high +5 | RevG-YoY=43.8% strong +5 | ProfitG-YoY=23.4% strong +5 | Market FAIR+giam sau -4 | CONFLUENCE strong bull (7/10 groups) +10 | CONFLUENCE bull (5/11) +5,28.55,v2.3,[],1.0,0,-3,-1,0,0,3,-6,0,0,5,0,0,-1,-2,0,-2,-1,3,"RS=1.05(─) +0 | 52W_hi=-35.9% -3 | LinReg_slope=-2.1%/5d -1 | Aroon=-57(▼) -2 | ROC10=-5.0% -1 | Williams%R=-85.1 +3 | NR=N compress=0.87 +0 | AD_slope20d=-36.9% -2 | EFI=-79,058 -1 | AskWall≤2%@82.0(11K) -2 | BidWall≤2%@81.6(18K) +2 → +0 | FFroom=46.9% +3 | FairVal=-164%(PE×EPS=31057) -6 | EPScons=1qtrs +0 | PropTrade=+10.2tỷ(5d) +5",5,0.25,0.42,0.48,0.24,0.0,-0.3,-0.14,0.48,0.03,1.0,0.67,-0.44,0.2,0.13,0.1,0.08,0.11,0.08,0.05,0.06,-0.12,-100.0,43.53,WEAK,BIMODAL,0.37,0.63,-57.6,476.0,1076,Retail,415,642.0,187300,319100.0,1768.62,1793.46,1782.83,-0.51,-1.83,-3.47,DEEP_DOWN,12.24,1.99,12.8,62.2,FAIR,NGUYEN_LIEU_NANG_LUONG,0.52,0.42,0.91,0.81,0.62,0.78,43.53,VUA,2026-10-01 14:15,,CONSENSUS_BULL
GEE,LOSER,HSX,2026-10-01 14:13,2026-10-01,14:13,71.8,realtime,17200.0,63200.0,-46000.0,0.21,71800.0,8500.0,71900.0,1500.0,71700.0,800.0,72000.0,1300.0,71600.0,1900.0,72200.0,3200.0,12M,71.8,68.31,70.28,23.89,63.38,87.94,-2.8,5.11,-18.35,56.67,1.82,1.37,0.45,84.37,86.96,55.12,65.82,76.52,3.49,0.78,4.86,32345333.0,0.14,73.38,73.52,12.26,78.57,76.6,56.55,3964586.12,511.7,2494003.67,-23.94,0.55,933800.0,1705581.0,136.63,56.55,10.46,13.97,2026-10-01,False,0,True,0.0,50.0,313248254.0,320249605.0,116.22,74.88,41.34,136.59,0.56,0.67,0.68,-265380000.0,-3382872000.0,0.73,1.0,1.0,0.0,nan,2026-Q2,13.59,6.02,46.0,20.0,430.0,,,1.0,15.0,12.0,0.9,,15.25,9523911487.01,1366431875.44,709851591.93,1022695922.52,430.0,0.34,0.23,0.46,0.34,1,19561712127.78,8446529304.11,11115182823.67,7613913836.6,852949533.16,1.32,-471841963.67,630675113.05,,158833149.38,-0.14,9,9,-10,10,Hàng & Dịch vụ Công nghiệp,2700,Điện lực Gelex,Công ty Cổ phần Điện lực Gelex,-4.3,-1.46,-24517536800.0,69981060000.0,-0.35,0.93,-4,False,True,-3,Mua,FAIR,-15,7,-6,0,-3,2,10,9,-10,10,-4,0.0,0,-3,3,0.0,0.0,0.0,5.47,NEUTRAL,LOW,"EMA20<EMA50 -15 | Giá -18%<EMA200 (downtrend dài hạn) -5 | ST=63.38 bullish +5 | RSI=56.67 neutral +5 | MACD hist=0.45>0 +10 | Stoch K=84.37 overbought -5 | Stoch K<86.96 cross down -3 | CMF=0.14 inflow (overbought) -8 | MFI=73.38 strong inflow +6 | OBV divergence -4 | OF pattern=WEAK -3 | AskClear (no wall) +1 | BidWall 71.80 (8K cp, -0.0%) +1 | FF net buy intensity=+0.22 (5d/20d aligned) +5 | FF flow tăng tốc (trend+accel cùng dương) +5 | PE=13.59 cheap +7 | PB=6.02 expensive -3 | ROE=46.0% excellent +5 | D/E=1.316 moderate 0 | CFO<0 cash burn -10 | CF quality=-0.14 low -5 | RevG-YoY=46.3% strong +5 | ProfitG-YoY=34.4% strong +5 | Market FAIR+giam sau -4 | CONFLUENCE bull (5/10 groups) +5",5.47,v2.3,[],1.0,4,-3,3,0,3,3,-6,0,0,0,3,0,3,3,0,2,3,-1,"RS=1.19(▲) +4 | 52W_hi=-47.4% -3 | LinReg_slope=+12.3%/5d +3 | Aroon=+79(▲) +3 | ROC10=+10.5% +3 | Williams%R=-23.9 -1 | NR=N compress=1.01 +0 | AD_slope20d=+511.7% +2 | EFI=+2,494,004 +3 | AskClear +1 | BidWall≤2%@71.8(8K) +2 → +3 | FFroom=48.9% +3 | FairVal=-1184%(PE×EPS=5590) -6 | DivYield=1.0% +0 | EPScons=1qtrs +0 | PropTrade=-0.3tỷ(5d) +0 | Insider=B1/S0(90d) net=+1 +3",3,0.15,-0.15,0.31,-0.04,0.0,-0.3,0.71,0.48,0.1,-1.0,0.67,-0.44,0.2,0.13,0.1,0.08,0.11,0.08,0.05,0.06,-5.15,-3900.0,67.43,WEAK,BIMODAL,0.24,0.76,-53.3,574.0,1610,Retail,401,1178.0,218800,681600.0,1768.62,1793.46,1782.83,-0.51,-1.83,-3.47,DEEP_DOWN,12.24,1.99,12.8,62.2,FAIR,CONG_NGHIEP,0.5,0.5,0.67,0.6,0.1,0.9,67.43,VUA,2026-10-01 14:15,,UNCLEAR
GEX,LOSER,HSX,2026-10-01 14:13,2026-10-01,14:13,23.55,realtime,63500.0,443200.0,-379700.0,0.13,23550.0,18100.0,23600.0,24600.0,23500.0,126000.0,23650.0,29500.0,23450.0,116000.0,23700.0,44000.0,12M,23.55,24.15,24.92,15.37,26.2,27.53,-3.09,-2.48,-14.46,43.43,-0.3,0.02,-0.32,56.02,58.09,22.49,24.05,25.61,0.91,0.34,3.86,26863241.0,-0.47,51.79,23.61,1.73,28.57,26.4,22.3,-189191181.29,-68.28,-481666.54,-54.55,0.77,6225100.0,8101995.0,45.31,19.7,0.21,-9.77,2026-10-01,False,0,True,0.0,50.0,568425183.0,654235679.0,119.45,43.47,75.98,88.82,0.89,0.61,10.26,-5913840000.0,-8349453000.0,0.49,0.0,0.0,0.0,,2026-Q2,22.97,1.59,8.0,2.0,328.0,,,0.0,20.0,7.0,0.86,,9.39,14479994777.08,2974762510.23,540033056.95,1861464205.83,328.0,0.35,1.2,0.43,-0.18,-1,85739822485.6,34468322645.71,51271499839.89,16949073946.16,18371659393.3,1.49,546219639.05,-5016737525.54,,-4470517886.5,0.37,16,6,0,10,Hàng & Dịch vụ Công nghiệp,2700,Tập đoàn Gelex,Công ty Cổ phần Tập đoàn Gelex,-4.3,-1.46,-23256775000.0,150075590000.0,-0.15,0.93,-4,False,True,-3,,FAIR,-25,-8,4,0,0,-1,15,6,0,2,-4,0.0,0,-34,1,0.0,0.0,0.0,-11.49,SELL,MEDIUM,EMA20<EMA50 -15 | Giá -14%<EMA200 (downtrend dài hạn) -5 | ST=26.2 bearish -5 | RSI=43.43 neutral +5 | MACD hist=-0.32<0 -10 | Stoch K<58.09 cross down -3 | CMF=-0.47 outflow (oversold) +8 | OBV divergence -4 | AskWall x3 mức ≥5K cp -3 | BidWall x3 mức ≥5K cp +2 | FF net buy intensity=+0.47 (5d/20d aligned) +10 | FF flow tăng tốc (trend+accel cùng dương) +5 | PE=22.97 fair +3 | PB=1.59 fair +3 | D/E=1.487 moderate 0 | CFO>0 real cash +5 | CF quality=0.37 low -5 | RevG-YoY=43.1% strong +5 | ProfitG-YoY=-17.8% declining -3 | Market FAIR+giam sau -4,-11.49,v2.3,[],1.0,0,-3,0,0,0,3,-6,0,-1,-10,0,0,1,0,0,-2,-1,0,"RS=0.94(─) +0 | 52W_hi=-48.0% -3 | LinReg_slope=+1.7%/5d +1 | Aroon=+29(─) +0 | ROC10=+0.2% +0 | Williams%R=-54.5 +0 | NR=N compress=1.08 +0 | AD_slope20d=-68.3% -2 | EFI=-481,667 -1 | AskWall≤2%@23.7(44K) -2 | BidWall≤2%@23.5(126K) +2 → +0 | FFroom=43.4% +3 | FairVal=-452%(PE×EPS=4264) -6 | EPScons=-1qtrs -1 | PropTrade=-5.9tỷ(5d) -10",-10,-0.5,-0.51,-0.28,0.04,0.0,0.0,-0.14,0.67,0.0,0.0,0.07,-0.44,0.2,0.13,0.1,0.08,0.11,0.08,0.05,0.06,-2.28,-550.0,147.52,CONTENTION,BIMODAL,0.34,0.66,10.6,1428.0,4130,Mixed,1539,2563.0,1989000,3862800.0,1768.62,1793.46,1782.83,-0.51,-1.83,-3.47,DEEP_DOWN,12.24,1.99,12.8,62.2,FAIR,CONG_NGHIEP,0.34,0.33,0.43,0.83,0.23,0.33,147.52,LON,2026-10-01 14:15,,
GMD,GAINER,HSX,2026-10-01 14:13,2026-10-01,14:13,78.3,realtime,72900.0,45100.0,27800.0,0.62,78300.0,9900.0,78400.0,7600.0,78200.0,17100.0,78500.0,30000.0,78100.0,23300.0,78600.0,38000.0,12M,78.4,77.19,76.83,15.55,74.58,72.19,0.47,1.57,8.6,57.85,0.23,0.18,0.05,77.19,71.54,74.47,76.66,78.84,1.58,0.9,2.02,57155873.0,-0.18,76.43,77.83,2.51,50.0,79.5,73.5,23998457.56,-9.63,181321.37,-14.04,1.48,1062900.0,718505.0,86.98,55.3,2.35,1.03,2026-10-01,False,0,True,0.0,49.0,43648789.0,212117329.0,69.91,83.23,-13.32,-94.96,0.96,0.28,2.61,-1911360000.0,148114615000.0,-2.83,19.0,15.0,4.0,nan,2026-Q2,12.97,2.45,19.0,13.0,2539.0,,,0.0,47.0,49.0,2.38,,16.51,1761552524.12,924318158.09,1124150332.63,1597016657.33,2539.0,0.21,1.1,0.18,1.52,1,21219453667.64,15570576482.85,5648877184.79,322806979.28,2196370347.61,0.36,2142022560.79,-3384149772.48,,-1242127211.69,1.22,30,10,10,10,Hàng & Dịch vụ Công nghiệp,2700,Tập đoàn Gemadept,Công ty Cổ phần Tập đoàn Gemadept,-4.3,-1.46,19718229600.0,85549540000.0,0.23,0.93,4,True,False,3,Bán,FAIR,25,18,18,-5,0,-1,5,11,10,8,-4,0.0,5,56,23,0.0,0.0,0.0,37.36,BUY,HIGH,EMA20>EMA50 +15 | Giá 8%>EMA200 (uptrend dài hạn) +5 | ST=74.58 bullish +5 | RSI=57.85 neutral +5 | MACD hist=0.05>0 +10 | Stoch K>71.54 cross up +3 | CMF=-0.18 outflow (oversold) +8 | MFI=76.43 strong inflow +6 | OBV confirms trend +4 | BB pos=0.9 near upper (overbought) -5 | AskWall x3 mức ≥5K cp -3 | BidWall x3 mức ≥5K cp +2 | FF net trung tính (intensity=-0.09) +0 | FF flow tăng tốc (trend+accel cùng dương) +5 | PE=12.97 cheap +7 | PB=2.45 neutral 0 | ROE=19.0% good +3 | D/E=0.363 healthy +1 | CFO>0 real cash +5 | CF quality=1.22 high +5 | RevG-YoY=17.9% good +3 | ProfitG-YoY=152.5% strong +5 | Market FAIR+giam sau -4 | CONFLUENCE bull (6/10 groups) +5 | CONFLUENCE bull (5/11) +5,32.36,v2.3,[],1.0,0,0,1,0,0,0,-6,0,0,-2,5,0,1,2,0,-2,1,-3,"RS=1.06(─) +0 | 52W_hi=-10.0% +0 | LinReg_slope=+2.5%/5d +1 | Aroon=+50(▲) +2 | ROC10=+2.4% +1 | Williams%R=-14.0 -3 | NR=Y compress=0.84 +0 | AD_slope20d=-9.6% -2 | EFI=+181,321 +1 | AskWall≤2%@78.6(38K) -2 | BidWall≤2%@78.1(23K) +2 → +0 | FFroom=10.1% +0 | FairVal=-137%(PE×EPS=33007) -6 | EPScons=1qtrs +0 | PropTrade=-1.9tỷ(5d) -2 | Insider=B15/S4(90d) net=+11 +5",3,0.15,0.53,0.55,0.68,-0.62,0.0,-0.14,0.19,0.17,1.0,0.53,-0.44,0.2,0.13,0.1,0.08,0.11,0.08,0.05,0.06,0.38,300.0,83.13,CONTENTION,BIMODAL,0.48,0.52,47.7,658.0,1592,Retail,672,906.0,503700,537000.0,1768.62,1793.46,1782.83,-0.51,-1.83,-3.47,DEEP_DOWN,12.24,1.99,12.8,62.2,FAIR,CONG_NGHIEP,0.58,0.6,0.87,0.47,0.7,0.7,83.13,LON,2026-10-01 14:15,,CONSENSUS_BULL
GVR,LOSER,HSX,2026-10-01 14:13,2026-10-01,14:13,32.8,realtime,125000.0,98000.0,27000.0,0.56,32800.0,300.0,32900.0,8800.0,32750.0,5200.0,32950.0,8000.0,32700.0,16300.0,33000.0,34800.0,12M,32.8,32.21,31.75,23.31,30.76,31.84,1.45,1.83,3.02,56.49,0.47,0.09,0.38,70.56,70.79,30.22,31.98,33.73,1.1,0.73,3.35,123709489.0,-0.35,73.11,32.97,4.04,85.71,34.9,29.75,-50947667.19,-54.49,385535.64,-40.78,1.14,2843400.0,2495445.0,46.5,24.15,1.86,3.47,2026-10-01,False,0,True,-0.0,0.0,0.0,0.0,0.0,3.36,-3.36,-15.38,0.12,0.0,0.18,167860000.0,9181850000.0,-0.18,0.0,0.0,0.0,,2026-Q2,19.01,2.2,12.0,8.0,547.0,,,0.0,28.0,23.0,3.79,,15.33,7082574526.81,2169969135.92,2163156126.41,1807644910.35,547.0,-0.2,-0.04,0.2,0.5,1,90063050845.96,66781646154.12,23281404691.84,1225413900.23,1372846806.69,0.35,6954349275.35,1408809933.93,,8363159209.28,1.31,9,3,10,-4,Hóa chất,1300,Tập đoàn CN Cao su VN,Tập đoàn Công nghiệp Cao su Việt Nam - Công ty Cổ phần,-4.3,-1.46,-6690000.0,94460015000.0,-0.0,0.93,0,False,False,0,,FAIR,23,12,18,0,-3,-1,-5,4,10,10,-4,0.0,5,52,18,0.0,0.0,0.0,28.65,BUY,HIGH,EMA20>EMA50 +15 | Giá 3%>EMA200 (trên xu hướng) +3 | ST=30.76 bullish +5 | RSI=56.49 neutral +5 | MACD hist=0.38>0 +10 | Stoch K<70.79 cross down -3 | CMF=-0.35 outflow (oversold) +8 | MFI=73.11 strong inflow +6 | OBV confirms trend +4 | OF pattern=WEAK -3 | AskWall x3 mức ≥5K cp -3 | BidWall x2 mức ≥5K cp +2 | FF net sell intensity=-1.00 (5d/20d aligned) -10 | FF flow tăng tốc (trend+accel cùng dương) +5 | PE=19.01 fair +3 | PB=2.2 neutral 0 | ROE=12.0% neutral 0 | D/E=0.349 healthy +1 | CFO>0 real cash +5 | CF quality=1.31 high +5 | RevG-YoY=20.2% strong +5 | ProfitG-YoY=49.5% strong +5 | Market FAIR+giam sau -4 | CONFLUENCE bull (5/10 groups) +5 | CONFLUENCE bull (5/11) +5,23.65,v2.3,[],1.0,0,-3,0,0,0,0,-6,0,0,0,0,0,3,3,0,-2,1,0,"RS=1.08(─) +0 | 52W_hi=-29.5% -3 | LinReg_slope=+4.0%/5d +3 | Aroon=+86(▲) +3 | ROC10=+1.9% +0 | Williams%R=-40.8 +0 | NR=N compress=0.95 +0 | AD_slope20d=-54.5% -2 | EFI=+385,536 +1 | AskWall≤2%@33.0(35K) -2 | BidWall≤2%@32.7(16K) +2 → +0 | FFroom=-0.6%(no cap) +0 | FairVal=-361%(PE×EPS=7111) -6 | EPScons=1qtrs +0 | PropTrade=+0.2tỷ(5d) +0",0,0.0,0.49,0.41,0.68,0.0,-0.3,-0.14,-0.19,-0.07,1.0,0.67,-0.44,0.2,0.13,0.1,0.08,0.11,0.08,0.05,0.06,-1.5,-500.0,93.62,WEAK,BIMODAL,0.42,0.58,-22.2,939.0,2978,Retail,1083,1867.0,1161700,1624500.0,1768.62,1793.46,1782.83,-0.51,-1.83,-3.47,DEEP_DOWN,12.24,1.99,12.8,62.2,FAIR,NGUYEN_LIEU_NANG_LUONG,0.45,0.35,0.84,0.34,0.62,0.78,93.62,LON,2026-10-01 14:15,,CONSENSUS_BULL
HAG,GAINER,HSX,2026-10-01 14:13,2026-10-01,14:13,14.7,realtime,322200.0,90000.0,232200.0,0.78,14650.0,114200.0,14700.0,9600.0,14600.0,167100.0,14750.0,61500.0,14550.0,90100.0,14800.0,197500.0,12M,14.7,14.07,14.2,27.92,13.6,15.47,-0.92,4.48,-4.98,72.26,0.03,0.07,-0.04,93.88,93.79,13.61,13.99,14.38,0.27,1.0,1.84,109701200.0,0.62,68.67,14.15,1.94,92.86,14.15,13.25,107697899.75,26.86,718691.88,-12.12,5.4,8087100.0,1497420.0,19.25,13.25,5.0,3.89,2026-10-01,False,0,True,0.0,49.0,599083992.0,621059294.0,17.63,1.61,16.02,20.07,0.35,0.56,2.09,119120000.0,119120000.0,,0.0,0.0,0.0,,2026-Q2,5.18,1.14,24.0,12.0,710.0,,,0.0,37.0,53.0,1.14,,9.96,1254952126.0,651675047.0,900179572.0,-402311708.0,710.0,-0.3,-0.2,-0.46,0.83,1,27973857453.0,17249025451.0,10724832002.0,5374342867.0,3316358595.0,0.62,940458059.0,-3535700817.0,,-2595242758.0,0.44,12,18,0,-6,Thực phẩm và đồ uống,3500,Hoàng Anh Gia Lai,Công ty Cổ phần Hoàng Anh Gia Lai,-4.3,-1.46,-1488215000.0,118400390000.0,-0.01,0.93,0,False,False,0,,FAIR,-18,-23,-1,-5,3,-1,15,19,0,2,-4,0.0,0,-40,15,0.0,0.0,0.0,-6.8,NEUTRAL,MEDIUM,EMA20<EMA50 -15 | Giá -5%<EMA200 (dưới xu hướng) -3 | ADX=27.92 mạnh + giá<EMA200 (downtrend xác nhận) -5 | ST=13.6 bullish +5 | RSI=72.26 overbought -10 | MACD hist=-0.04<0 -10 | Stoch K=93.88 overbought -5 | CMF=0.62 inflow (overbought) -8 | MFI=68.67 strong inflow +6 | OBV divergence -4 | Vol=5.4x avg breakout +5 | BB pos=1.0 near upper (overbought) -5 | OF vol+476% buy 0.63 | AskWall x3 mức ≥5K cp -3 | BidWall x3 mức ≥5K cp +2 | FF net buy intensity=+0.83 (5d/20d aligned) +10 | FF flow tăng tốc (trend+accel cùng dương) +5 | PE=5.18 very cheap +10 | PB=1.14 fair +3 | ROE=24.0% excellent +5 | D/E=0.622 healthy +1 | CFO>0 real cash +5 | CF quality=0.44 low -5 | RevG-YoY=-46.1% declining -3 | ProfitG-YoY=82.6% strong +5 | Market FAIR+giam sau -4,-6.8,v2.3,[],1.0,0,-3,1,0,0,3,-6,0,0,0,0,0,1,3,2,2,1,-3,"RS=1.09(─) +0 | 52W_hi=-23.6% -3 | LinReg_slope=+1.9%/5d +1 | Aroon=+93(▲) +3 | Donch_BO↑(>14.15) +2 | ROC10=+5.0% +1 | Williams%R=-12.1 -3 | NR=N compress=5.14 +0 | AD_slope20d=+26.9% +2 | EFI=+718,692 +1 | AskWall≤2%@14.8(198K) -2 | BidWall≤2%@14.6(167K) +2 → +0 | FFroom=47.3% +3 | FairVal=-59%(PE×EPS=9230) -6 | EPScons=1qtrs +0 | PropTrade=+0.1tỷ(5d) +0",0,0.0,-0.28,-0.86,0.08,-0.62,0.3,-0.14,0.67,0.45,0.0,0.13,-0.44,0.2,0.13,0.1,0.08,0.11,0.08,0.05,0.06,4.26,600.0,117.75,SPIKE_NEUTRAL,BIMODAL,0.63,0.37,475.8,2682.0,2991,Mixed,1932,1043.0,5081900,2925200.0,1768.62,1793.46,1782.83,-0.51,-1.83,-3.47,DEEP_DOWN,12.24,1.99,12.8,62.2,FAIR,TIEU_DUNG_DICH_VU,0.82,0.76,0.38,0.93,0.33,0.5,117.75,LON,2026-10-01 14:15,,VALUE_OPPORTUNITY
HCM,LOSER,HSX,2026-10-01 14:14,2026-10-01,14:13,23.6,realtime,48900.0,158200.0,-109300.0,0.24,23600.0,11900.0,23650.0,44300.0,23550.0,18800.0,23700.0,18800.0,23500.0,54100.0,23750.0,17200.0,12M,23.6,24.93,25.09,17.35,26.03,22.9,-0.64,-5.33,3.06,35.34,-0.43,-0.2,-0.23,14.88,17.72,23.5,25.22,26.93,0.74,0.03,3.14,157985648.0,-0.25,34.24,23.97,-3.87,-100.0,27.05,23.55,-323828898.32,-5.18,-472733.82,-95.83,0.57,1862400.0,3292825.0,27.35,16.47,-6.72,-9.4,2026-10-01,False,0,True,0.0,49.0,153353490.0,529590573.0,17.6,26.99,-9.39,78.88,-0.87,0.56,-6.26,2771360000.0,1198294000.0,0.06,20.0,19.0,1.0,Thân Thị Thu Dung,2026-Q2,17.89,1.86,10.0,3.0,0.0,,,0.0,38.0,23.0,1.54,,33.76,1235389922.16,459435843.65,273175934.06,,0.0,-0.16,-0.06,0.15,0.42,1,41258918871.49,14639794947.89,26619123923.6,26093231215.32,0.0,1.82,-11715421266.85,-18014332.21,,-11733435599.06,-9.94,-8,6,-10,-4,Dịch vụ tài chính,8700,Chứng khoán HSC,Công ty Cổ phần Chứng khoán Thành phố Hồ Chí Minh,-4.3,-1.46,-3877465000.0,44508720000.0,-0.09,0.93,-4,False,False,0,Mua,FAIR,-17,-5,-2,5,-3,-1,-10,6,0,8,-4,0.0,0,-30,14,0.0,0.0,0.0,-10.39,SELL,MEDIUM,EMA20<EMA50 -15 | Giá 3%>EMA200 (trên xu hướng) +3 | ST=26.03 bearish -5 | MACD hist=-0.23<0 -10 | Stoch K=14.88 oversold +5 | CMF=-0.25 outflow (oversold) +8 | MFI=34.24 weak -6 | OBV divergence -4 | BB pos=0.03 near lower (oversold) +5 | OF pattern=WEAK -3 | AskWall x3 mức ≥5K cp -3 | BidWall x3 mức ≥5K cp +2 | FF net sell intensity=-0.21 -5 | FF flow giảm tốc (trend+accel cùng âm) -5 | PE=17.89 fair +3 | PB=1.86 fair +3 | CFO=-11715421266854 (sector-skip) 0 | RevG-YoY=15.1% good +3 | ProfitG-YoY=42.0% strong +5 | Market FAIR+giam sau -4,-10.39,v2.3,[],1.0,0,0,-3,1,0,0,0,0,0,5,5,0,-3,-3,0,-2,-1,3,"RS=0.95(─) +0 | 52W_hi=-13.7% +0 | LinReg_slope=-3.9%/5d -3 | Aroon=-100(▼) -3 | ROC10=-6.7% -3 | Williams%R=-95.8 +3 | NR=N compress=0.68 +1 | AD_slope20d=-5.2% -2 | EFI=-472,734 -1 | AskWall≤2%@23.6(44K) -2 | BidWall≤2%@23.5(54K) +2 → +0 | FFroom=14.2% +0 | EPScons=1qtrs +0 | PropTrade=+2.8tỷ(5d) +5 | Insider=B19/S1(90d) net=+18 +5",10,0.5,-0.43,-0.17,-0.2,0.75,-0.3,-0.14,-0.37,0.21,0.0,0.53,-0.44,0.2,0.13,0.1,0.08,0.11,0.08,0.05,0.06,-0.84,-200.0,44.24,WEAK,BIMODAL,0.34,0.66,-37.7,1233.0,1498,Mixed,495,990.0,629600,1205100.0,1768.62,1793.46,1782.83,-0.51,-1.83,-3.47,DEEP_DOWN,12.24,1.99,12.8,62.2,FAIR,TAI_CHINH_PHI_NH,0.34,0.29,0.75,0.39,0.5,0.57,44.24,VUA,2026-10-01 14:15,,
HDB,GAINER,HSX,2026-10-01 14:14,2026-10-01,14:13,27.85,realtime,143900.0,137100.0,6800.0,0.51,27800.0,189600.0,27850.0,129600.0,27750.0,139100.0,27900.0,93800.0,27700.0,123200.0,27950.0,257300.0,12M,27.85,27.46,27.1,19.31,26.31,26.44,1.33,1.42,5.33,58.11,0.18,-0.01,0.19,50.39,48.32,26.82,27.43,28.04,0.58,0.84,2.08,539298889.0,0.09,70.44,27.71,0.81,50.0,28.65,26.5,460746082.07,4.22,846167.75,-37.21,0.96,10395100.0,10834485.0,30.0,22.4,0.91,2.39,2026-10-01,False,0,True,0.0,27.0,257197636.0,1351424607.0,99.92,254.12,-154.2,369.05,-4.38,0.61,-51.34,-10710698000.0,31739143000.0,-0.38,1.0,1.0,0.0,nan,2026-Q2,7.06,1.6,24.0,2.0,1110.0,,,0.0,73.0,43.0,0.0,,0.0,12715470000.0,,5555376000.0,9649843000.0,1110.0,0.28,0.17,0.09,0.58,1,1043891774000.0,90224021000.0,953667753000.0,,,10.57,75411390000.0,-122012000.0,7823678000.0,75289378000.0,4.56,36,18,10,8,Ngân hàng,8300,HDBank,Ngân hàng Thương mại Cổ phần Phát Triển Thành phố Hồ Chí Minh,-4.3,-1.46,43584994000.0,291139695000.0,0.15,0.93,4,True,False,3,Mua,FAIR,25,18,10,-5,0,-1,-10,18,0,6,-4,0.0,5,51,18,0.0,0.0,0.0,20.72,NEUTRAL,HIGH,EMA20>EMA50 +15 | Giá 5%>EMA200 (uptrend dài hạn) +5 | ST=26.31 bullish +5 | RSI=58.11 neutral +5 | MACD hist=0.19>0 +10 | Stoch K>48.32 cross up +3 | MFI=70.44 strong inflow +6 | OBV confirms trend +4 | BB pos=0.84 near upper (overbought) -5 | AskWall x3 mức ≥5K cp -3 | BidWall x3 mức ≥5K cp +2 | FF net sell intensity=-0.44 -5 | FF flow giảm tốc (trend+accel cùng âm) -5 | PE=7.06 very cheap +10 | PB=1.6 fair +3 | ROE=24.0% excellent +5 | CFO=75411390000000 (sector-skip) 0 | RevG-YoY=9.3% positive +1 | ProfitG-YoY=58.1% strong +5 | Market FAIR+giam sau -4 | CONFLUENCE bull (5/10 groups) +5 | CONFLUENCE bull (5/11) +5,15.72,v2.3,[],1.0,0,0,0,0,0,-3,-6,0,0,-10,3,0,0,2,0,1,1,-1,"RS=1.07(─) +0 | 52W_hi=-7.2% +0 | LinReg_slope=+0.8%/5d +0 | Aroon=+50(▲) +2 | ROC10=+0.9% +0 | Williams%R=-37.2 -1 | NR=N compress=0.74 +0 | AD_slope20d=+4.2% +1 | EFI=+846,168 +1 | AskWall≤2%@27.9(257K) -2 | BidWall≤2%@27.8(190K) +2 → +0 | FFroom=5.1% -3 | FairVal=-93%(PE×EPS=14430) -6 | EPScons=1qtrs +0 | PropTrade=-10.7tỷ(5d) -10 | Insider=B1/S0(90d) net=+1 +3",-7,-0.35,0.51,0.59,0.48,-0.62,0.0,-0.14,-0.48,0.41,0.0,0.4,-0.44,0.2,0.13,0.1,0.08,0.11,0.08,0.05,0.06,1.09,300.0,291.02,CONTENTION,BIMODAL,0.56,0.44,12.8,2546.0,4065,Mixed,1952,1748.0,4920300,3803200.0,1768.62,1793.46,1782.83,-0.51,-1.83,-3.47,DEEP_DOWN,12.24,1.99,12.8,62.2,FAIR,NGAN_HANG,0.53,0.53,0.86,0.39,0.5,0.58,291.02,LON,2026-10-01 14:15,,CONSENSUS_BULL
HDG,LOSER,HSX,2026-10-01 14:14,2026-10-01,14:13,15.25,realtime,35900.0,110600.0,-74700.0,0.25,15200.0,15400.0,15300.0,13500.0,15150.0,20000.0,15350.0,27800.0,15100.0,34600.0,15400.0,50800.0,12M,15.2,15.91,16.72,19.71,16.51,21.4,-4.84,-4.46,-28.97,33.22,-0.33,-0.06,-0.27,7.9,10.03,14.95,16.03,17.11,0.41,0.12,2.7,-31139902.0,-0.41,31.6,15.32,-3.42,-64.29,17.7,15.25,-44561893.55,-22.86,-86398.43,-96.3,0.42,444800.0,1056225.0,32.5,15.15,-5.3,-8.98,2026-10-01,False,0,True,0.0,50.0,139553865.0,203478666.0,3.58,3.69,-0.11,-20.73,0.27,0.28,1.13,344450000.0,344450000.0,,0.0,0.0,0.0,,2026-Q2,6.68,0.89,14.0,6.0,0.0,,,0.0,72.0,41.0,1.21,,5.8,491579664.75,462215070.01,251483139.85,352954102.86,0.0,-0.28,4.03,-0.17,14.69,1,14421467699.97,8501158556.0,5920309143.96,696456091.91,3676337716.1,0.7,1243479705.95,-587859150.08,,655620555.87,1.61,27,15,10,2,"Điện, nước & xăng dầu khí đốt",7500,Tập đoàn Hà Đô,Công ty Cổ phần Tập đoàn Hà Đô,-4.3,-1.46,-345410000.0,7035815000.0,-0.05,0.93,-2,False,False,0,,FAIR,-25,-5,3,5,-3,-1,5,16,10,2,-4,0.0,0,-39,28,0.0,0.0,0.0,-4.6,NEUTRAL,MEDIUM,EMA20<EMA50 -15 | Giá -29%<EMA200 (downtrend dài hạn) -5 | ST=16.51 bearish -5 | MACD hist=-0.27<0 -10 | Stoch K=7.9 oversold +5 | CMF=-0.41 outflow (oversold) +8 | MFI=31.6 weak -6 | OBV confirms trend +4 | Vol=0.42x avg weak -3 | BB pos=0.12 near lower (oversold) +5 | OF pattern=WEAK -3 | AskWall x3 mức ≥5K cp -3 | BidWall x3 mức ≥5K cp +2 | FF net trung tính (intensity=-0.02) +0 | FF flow tăng tốc (trend+accel cùng dương) +5 | PE=6.68 very cheap +10 | PB=0.89 below book +5 | ROE=14.000000000000002% neutral 0 | D/E=0.696 healthy +1 | CFO>0 real cash +5 | CF quality=1.61 high +5 | RevG-YoY=-16.7% declining -3 | ProfitG-YoY=1468.9% strong +5 | Market FAIR+giam sau -4,-4.6,v2.3,[],1.0,0,-5,-3,0,0,3,0,0,0,0,0,0,-3,-3,0,-2,-1,3,"RS=0.95(─) +0 | 52W_hi=-53.1% -5 | LinReg_slope=-3.4%/5d -3 | Aroon=-64(▼) -3 | ROC10=-5.3% -3 | Williams%R=-96.3 +3 | NR=N compress=0.85 +0 | AD_slope20d=-22.9% -2 | EFI=-86,398 -1 | AskWall≤2%@15.4(51K) -2 | BidWall≤2%@15.1(35K) +2 → +0 | FFroom=34.3% +3 | EPScons=1qtrs +0 | PropTrade=+0.3tỷ(5d) +0",0,0.0,-0.68,-0.17,0.0,0.62,-0.3,-0.14,0.3,0.55,1.0,0.13,-0.44,0.2,0.13,0.1,0.08,0.11,0.08,0.05,0.06,-0.98,-150.0,6.81,WEAK,BIMODAL,0.3,0.7,-51.1,838.0,507,Retail,118,377.0,123800,292400.0,1768.62,1793.46,1782.83,-0.51,-1.83,-3.47,DEEP_DOWN,12.24,1.99,12.8,62.2,FAIR,NGUYEN_LIEU_NANG_LUONG,0.73,0.66,0.34,0.66,0.62,0.19,6.81,NHO,2026-10-01 14:15,,VALUE_OPPORTUNITY
HHV,LOSER,HSX,2026-10-01 14:14,2026-10-01,14:13,8.99,realtime,120300.0,175400.0,-55100.0,0.41,8970.0,30000.0,8990.0,11900.0,8960.0,26900.0,9000.0,65300.0,8950.0,135700.0,9010.0,4000.0,12M,8.98,9.37,9.79,36.11,9.54,11.18,-4.29,-4.16,-19.68,23.82,-0.26,-0.02,-0.23,17.22,14.31,8.77,9.41,10.05,0.18,0.16,2.0,-142477385.0,-0.58,33.26,8.92,-2.28,-78.57,10.15,8.88,-315693825.54,-8.12,-106132.17,-86.11,0.75,1580300.0,2106925.0,15.16,8.88,-4.47,-10.2,2026-10-01,False,0,True,0.0,49.0,221188760.0,281510825.0,9.91,0.89,9.02,8.78,0.14,0.56,1.32,8505000.0,8505000.0,,2.0,1.0,1.0,nan,2026-Q2,7.78,0.46,6.0,2.0,262.0,,,0.0,45.0,18.0,0.67,,11.07,970266571.98,440928400.79,144924593.56,198464998.88,262.0,0.07,-0.19,0.02,0.11,1,41115938743.37,13038055882.24,28077882861.13,785794747.38,17089100447.72,2.15,1828883045.29,-1395614000.97,,433269044.32,3.15,23,15,10,-2,Xây dựng và Vật liệu,2300,Đầu tư Hạ tầng Giao thông Đèo Cả,Công ty Cổ phần Đầu tư Hạ tầng Giao thông Đèo Cả,-4.3,-1.46,-2357572600.0,14238883000.0,-0.17,0.93,-4,False,False,0,Mua,FAIR,-30,13,6,5,0,-1,15,13,10,4,-4,0.0,0,-14,21,0.0,0.0,0.0,9.98,NEUTRAL,MEDIUM,EMA20<EMA50 -15 | Giá -20%<EMA200 (downtrend dài hạn) -5 | ADX=36.11 mạnh + giá<EMA200 (downtrend xác nhận) -5 | ST=9.54 bearish -5 | RSI=23.82 oversold +15 | MACD hist=-0.23<0 -10 | Stoch K=17.22 oversold +5 | Stoch K>14.31 cross up +3 | CMF=-0.58 outflow (oversold) +8 | MFI=33.26 weak -6 | OBV confirms trend +4 | BB pos=0.16 near lower (oversold) +5 | AskWall x2 mức ≥5K cp -3 | BidWall x3 mức ≥5K cp +2 | FF net buy intensity=+0.84 (5d/20d aligned) +10 | FF flow tăng tốc (trend+accel cùng dương) +5 | PE=7.78 very cheap +10 | PB=0.46 below book +5 | D/E=2.154 high -2 | CFO>0 real cash +5 | CF quality=3.15 high +5 | RevG-YoY=2.5% positive +1 | ProfitG-YoY=10.9% good +3 | Market FAIR+giam sau -4 | CONFLUENCE strong bull (7/10 groups) +10,9.98,v2.3,[],1.0,0,-3,-1,0,0,3,-6,0,0,0,0,0,-1,-3,0,-2,-1,3,"RS=0.94(─) +0 | 52W_hi=-40.7% -3 | LinReg_slope=-2.3%/5d -1 | Aroon=-79(▼) -3 | ROC10=-4.5% -1 | Williams%R=-86.1 +3 | NR=N compress=0.83 +0 | AD_slope20d=-8.1% -2 | EFI=-106,132 -1 | AskWall≤2%@9.0(65K) -2 | BidWall≤2%@8.9(136K) +2 → +0 | FFroom=38.5% +3 | FairVal=-164%(PE×EPS=3406) -6 | EPScons=1qtrs +0 | PropTrade=+0.0tỷ(5d) +0 | Insider=B1/S1(90d) net=+0 +0",0,0.0,-0.7,0.52,0.12,0.62,0.0,-0.14,0.67,0.24,1.0,0.27,-0.44,0.2,0.13,0.1,0.08,0.11,0.08,0.05,0.06,-0.88,-80.0,14.16,CONTENTION,BIMODAL,0.29,0.71,-19.4,1136.0,1343,Mixed,392,933.0,433000,1084400.0,1768.62,1793.46,1782.83,-0.51,-1.83,-3.47,DEEP_DOWN,12.24,1.99,12.8,62.2,FAIR,CONG_NGHIEP,0.56,0.56,0.13,0.83,0.7,0.47,14.16,NHO,2026-10-01 14:15,,
HPG,GAINER,HSX,2026-10-01 14:14,2026-10-01,14:13,20.1,realtime,18900.0,161800.0,-142900.0,0.1,20150.0,87700.0,20200.0,622300.0,20100.0,353400.0,20250.0,516300.0,20050.0,992600.0,20300.0,325800.0,12M,20.15,20.93,21.51,27.78,21.23,23.03,-2.7,-3.73,-12.51,34.49,-0.39,-0.11,-0.29,4.78,3.89,19.95,21.08,22.22,0.38,0.09,1.89,-538700879.0,-0.33,27.17,20.25,-3.19,-100.0,22.2,20.15,-1603769704.39,-7.28,-1650537.44,-93.55,0.54,9404400.0,17511170.0,26.56,20.05,-4.95,-6.71,2026-10-01,False,0,True,0.0,49.0,2312732574.0,4137052614.0,113.67,373.72,-260.04,-55.87,-5.37,0.28,-48.9,-33752885000.0,27114337000.0,-1.0,1.0,0.0,1.0,Doãn Thị Bích Ngọc,2026-Q2,7.33,1.21,17.0,9.0,1781.0,,,0.0,16.0,12.0,0.61,,7.12,55158902298.9,10487787193.43,6371019004.56,7155004358.41,1781.0,0.04,-0.29,0.54,0.5,1,278929786247.77,141516026790.7,137413759457.07,71433383400.9,27096593831.65,0.97,17365859056.59,-25814392868.7,,-8448533812.11,1.12,24,16,10,-2,Tài nguyên Cơ bản,1700,Hòa Phát,Công ty Cổ phần Tập đoàn Hòa Phát,-4.3,-1.46,5860573650.0,190881275000.0,0.03,0.93,2,False,False,0,Bán,FAIR,-30,-2,6,5,-3,-1,-15,17,10,10,-4,0.0,0,-33,40,0.0,0.0,0.0,-11.16,SELL,MEDIUM,EMA20<EMA50 -15 | Giá -13%<EMA200 (downtrend dài hạn) -5 | ADX=27.78 mạnh + giá<EMA200 (downtrend xác nhận) -5 | ST=21.23 bearish -5 | MACD hist=-0.29<0 -10 | Stoch K=4.78 oversold +5 | Stoch K>3.89 cross up +3 | CMF=-0.33 outflow (oversold) +8 | MFI=27.17 weak -6 | OBV confirms trend +4 | BB pos=0.09 near lower (oversold) +5 | OF pattern=WEAK -3 | AskWall x3 mức ≥5K cp -3 | BidWall x3 mức ≥5K cp +2 | FF net sell intensity=-0.53 (5d/20d aligned) -10 | FF flow giảm tốc (trend+accel cùng âm) -5 | PE=7.33 very cheap +10 | PB=1.21 fair +3 | ROE=17.0% good +3 | D/E=0.971 healthy +1 | CFO>0 real cash +5 | CF quality=1.12 high +5 | RevG-YoY=53.6% strong +5 | ProfitG-YoY=49.7% strong +5 | Market FAIR+giam sau -4 | CONFLUENCE bull (5/10 groups) +5,-11.16,v2.3,[],1.0,0,-3,-1,3,0,0,3,0,0,-10,-3,0,-3,-3,-2,-2,-1,3,"RS=0.97(─) +0 | 52W_hi=-24.3% -3 | LinReg_slope=-3.2%/5d -3 | Aroon=-100(▼) -3 | Donch_BD↓(<20.15) -2 | ROC10=-5.0% -1 | Williams%R=-93.5 +3 | NR=Y compress=0.52 +3 | AD_slope20d=-7.3% -2 | EFI=-1,650,537 -1 | AskWall≤2%@20.2(622K) -2 | BidWall≤2%@20.1(993K) +2 → +0 | FFroom=27.4% +0 | FairVal=+13%(PE×EPS=23153) +3 | EPScons=1qtrs +0 | PropTrade=-33.8tỷ(5d) -10 | Insider=B0/S1(90d) net=-1 -3",-13,-0.65,-0.77,0.0,0.12,1.0,-0.3,-0.14,-0.56,0.69,1.0,0.67,-0.44,0.2,0.13,0.1,0.08,0.11,0.08,0.05,0.06,,,,WEAK,SKEWED_UP,0.45,0.55,-47.0,1586.0,5630,Mixed,1955,3531.0,3956500,4864000.0,1768.62,1793.46,1782.83,-0.51,-1.83,-3.47,DEEP_DOWN,12.24,1.99,12.8,62.2,FAIR,NGUYEN_LIEU_NANG_LUONG,0.69,0.58,0.12,0.09,0.62,0.78,,,2026-10-01 14:15,,VALUE_OPPORTUNITY
HSG,GAINER,HSX,2026-10-01 14:14,2026-10-01,14:14,9.98,realtime,231000.0,320100.0,-89100.0,0.42,9980.0,73500.0,10000.0,1000.0,9970.0,52300.0,10050.0,88500.0,9960.0,56200.0,10100.0,213800.0,12M,9.98,10.2,10.55,29.18,10.5,11.59,-3.32,-2.16,-13.89,35.95,-0.19,0.0,-0.19,21.75,15.9,9.73,10.2,10.66,0.18,0.27,1.8,-99817668.0,-0.5,21.91,9.87,-0.35,-85.71,10.9,9.9,-136109304.98,-17.54,-38579.48,-80.0,0.69,1481800.0,2140460.0,14.73,9.7,-1.19,-6.29,2026-10-01,False,0,True,0.0,49.0,370233402.0,395558724.0,4.44,8.27,-3.83,-4.08,-0.02,0.56,-0.54,537097000.0,1555841000.0,0.01,0.0,0.0,0.0,,2026-Q2,12.3,0.68,6.0,3.0,0.0,,,0.0,13.0,2.0,0.48,,7.75,9993257179.47,1526177750.94,382146990.38,419665971.46,0.0,0.11,2.09,0.05,0.4,1,22214609238.35,11871669014.58,10342940223.76,7251596097.88,0.0,0.87,2722252066.83,-2784143810.76,,-61891743.93,4.33,30,12,10,8,Tài nguyên Cơ bản,1700,Tập đoàn Hoa Sen,Công ty Cổ phần Tập đoàn Hoa Sen,-4.3,-1.46,10150000.0,14861653000.0,0.0,0.93,0,False,False,0,,FAIR,-30,-7,6,0,-3,-1,-15,13,10,6,-4,0.0,0,-40,29,0.0,0.0,0.0,-12.13,SELL,MEDIUM,EMA20<EMA50 -15 | Giá -14%<EMA200 (downtrend dài hạn) -5 | ADX=29.18 mạnh + giá<EMA200 (downtrend xác nhận) -5 | ST=10.5 bearish -5 | MACD hist=-0.19<0 -10 | Stoch K>15.9 cross up +3 | CMF=-0.5 outflow (oversold) +8 | MFI=21.91 weak -6 | OBV confirms trend +4 | OF pattern=WEAK -3 | AskWall x2 mức ≥5K cp -3 | BidWall x3 mức ≥5K cp +2 | FF net sell intensity=-0.30 (5d/20d aligned) -10 | FF flow giảm tốc (trend+accel cùng âm) -5 | PE=12.3 cheap +7 | PB=0.68 below book +5 | D/E=0.871 healthy +1 | CFO>0 real cash +5 | CF quality=4.33 high +5 | RevG-YoY=5.1% positive +1 | ProfitG-YoY=39.6% strong +5 | Market FAIR+giam sau -4,-12.13,v2.3,[],1.0,0,-3,0,0,0,3,0,0,0,2,0,0,0,-3,0,-2,-1,3,"RS=0.98(─) +0 | 52W_hi=-32.2% -3 | LinReg_slope=-0.3%/5d +0 | Aroon=-86(▼) -3 | ROC10=-1.2% +0 | Williams%R=-80.0 +3 | NR=N compress=0.77 +0 | AD_slope20d=-17.5% -2 | EFI=-38,579 -1 | AskWall≤2%@10.1(88K) -2 | BidWall≤2%@10.0(74K) +2 → +0 | FFroom=45.9% +3 | EPScons=1qtrs +0 | PropTrade=+0.5tỷ(5d) +2",2,0.1,-0.68,-0.14,0.12,0.0,-0.3,-0.14,-0.44,0.45,1.0,0.4,-0.44,0.2,0.13,0.1,0.08,0.11,0.08,0.05,0.06,,,,WEAK,NORMAL,0.41,0.59,-21.8,2567.0,571,Mixed,220,332.0,601300,852400.0,1768.62,1793.46,1782.83,-0.51,-1.83,-3.47,DEEP_DOWN,12.24,1.99,12.8,62.2,FAIR,NGUYEN_LIEU_NANG_LUONG,0.57,0.45,0.12,0.09,0.62,0.41,,,2026-10-01 14:15,,VALUE_OPPORTUNITY
HT1,GAINER,HSX,2026-10-01 14:14,2026-10-01,14:14,11.9,realtime,73900.0,43800.0,30100.0,0.63,11850.0,5800.0,11900.0,7300.0,11800.0,11300.0,11950.0,15900.0,11750.0,13100.0,12000.0,10300.0,12M,11.85,11.98,12.24,17.63,12.56,13.87,-2.12,-1.09,-14.56,44.07,-0.1,0.01,-0.12,22.79,24.53,11.46,11.9,12.35,0.3,0.44,2.53,-9908320.0,-0.29,36.68,11.92,0.84,42.86,12.65,11.58,-12028776.53,-14.19,-43199.12,-78.43,0.51,131900.0,257745.0,20.44,11.14,0.42,-3.34,2026-10-01,False,0,True,-0.0,0.0,0.0,0.0,0.0,0.1,-0.1,7.7,-0.02,0.44,-0.45,,,,0.0,0.0,0.0,,2026-Q2,11.7,0.88,8.0,5.0,362.0,,,0.0,14.0,5.0,0.45,,3.77,2260996875.88,324067349.35,138226368.75,172981473.69,362.0,0.22,0.78,0.17,0.23,1,7677021535.38,5153250485.87,2523771049.51,364614031.71,32881851.34,0.49,796888917.0,-195623907.17,,601265009.83,2.91,32,12,10,10,Xây dựng và Vật liệu,2300,VICEM Hà Tiên,Công ty Cổ phần Xi măng VICEM Hà Tiên,-4.3,-1.46,0.0,1564990000.0,0.0,0.93,0,False,False,0,,FAIR,-25,-8,6,0,0,-1,-10,13,10,8,-4,0.0,0,-27,25,0.0,0.0,0.0,-6.54,NEUTRAL,MEDIUM,EMA20<EMA50 -15 | Giá -14%<EMA200 (downtrend dài hạn) -5 | ST=12.56 bearish -5 | RSI=44.07 neutral +5 | MACD hist=-0.12<0 -10 | Stoch K<24.53 cross down -3 | CMF=-0.29 outflow (oversold) +8 | MFI=36.68 weak -6 | OBV confirms trend +4 | AskWall x3 mức ≥5K cp -3 | BidWall x3 mức ≥5K cp +2 | FF net sell intensity=-1.00 -5 | FF flow giảm tốc (trend+accel cùng âm) -5 | PE=11.7 cheap +7 | PB=0.88 below book +5 | D/E=0.49 healthy +1 | CFO>0 real cash +5 | CF quality=2.91 high +5 | RevG-YoY=17.1% good +3 | ProfitG-YoY=23.1% strong +5 | Market FAIR+giam sau -4,-6.54,v2.3,[],1.0,0,-3,0,3,0,0,-6,0,0,0,0,0,0,2,0,-2,-1,1,"RS=1.01(─) +0 | 52W_hi=-41.8% -3 | LinReg_slope=+0.8%/5d +0 | Aroon=+43(▲) +2 | ROC10=+0.4% +0 | Williams%R=-78.4 +1 | NR=Y compress=0.44 +3 | AD_slope20d=-14.2% -2 | EFI=-43,199 -1 | AskWall≤2%@11.9(16K) -2 | BidWall≤2%@11.8(11K) +2 → +0 | FFroom=-2.3%(no cap) +0 | FairVal=-153%(PE×EPS=4706) -6 | EPScons=1qtrs +0",0,0.0,-0.49,-0.24,0.12,0.38,0.0,-0.14,-0.37,0.24,1.0,0.53,-0.44,0.2,0.13,0.1,0.08,0.11,0.08,0.05,0.06,,,,NORMAL,FLAT,0.63,0.37,-7.5,1290.0,92,Mixed,46,45.0,73900,43800.0,1768.62,1793.46,1782.83,-0.51,-1.83,-3.47,DEEP_DOWN,12.24,1.99,12.8,62.2,FAIR,CONG_NGHIEP,0.61,0.59,0.43,0.2,0.7,0.7,,,2026-10-01 14:15,,
KBC,LOSER,HSX,2026-10-01 14:14,2026-10-01,14:14,25.1,realtime,82900.0,203800.0,-120900.0,0.29,25150.0,16500.0,25200.0,23600.0,25100.0,53600.0,25250.0,30000.0,25050.0,62100.0,25300.0,46000.0,12M,25.15,26.14,27.07,30.63,26.61,30.72,-3.44,-3.79,-18.13,16.21,-0.51,-0.05,-0.46,13.36,20.04,25.06,26.21,27.35,0.48,0.04,1.91,-22951000.0,0.14,22.04,25.31,-1.56,-100.0,27.3,25.15,-15495366.62,17.02,-140185.18,-93.55,1.05,1181600.0,1125110.0,38.2,25.05,-3.27,-7.02,2026-10-01,False,0,True,0.0,49.0,401334050.0,461459831.0,8.33,30.09,-21.76,-139.36,-0.22,0.17,3.39,38540000.0,155115000.0,0.04,2.0,2.0,0.0,nan,2026-Q2,20.86,0.96,5.0,2.0,8.0,,,0.0,45.0,25.0,1.86,,31.66,588713992.71,199881704.46,7169936.99,225058971.75,8.0,-0.56,-0.97,0.02,-0.98,-1,74071580845.78,26969980679.86,47101600165.92,3718329927.96,28958314957.38,1.75,-17343896115.03,-3575099893.77,,-20918996008.8,-8.24,-8,8,-10,-6,Bất động sản,8600,TCT Đô thị Kinh Bắc,Tổng Công ty Phát triển Đô thị Kinh Bắc - CTCP,-4.3,-1.46,-16445105500.0,29695550000.0,-0.55,0.93,-4,False,True,-3,Mua,FAIR,-30,10,-10,5,-5,-1,-10,8,0,-2,-4,0.0,0,-36,-1,0.0,0.0,0.0,-19.24,SELL,MEDIUM,EMA20<EMA50 -15 | Giá -18%<EMA200 (downtrend dài hạn) -5 | ADX=30.63 mạnh + giá<EMA200 (downtrend xác nhận) -5 | ST=26.61 bearish -5 | RSI=16.21 oversold +15 | MACD hist=-0.46<0 -10 | Stoch K=13.36 oversold +5 | CMF=0.14 inflow (overbought) -8 | MFI=22.04 weak -6 | OBV confirms trend +4 | BB pos=0.04 near lower (oversold) +5 | OF pattern=DISTRIBUTION -5 | AskWall x3 mức ≥5K cp -3 | BidWall x3 mức ≥5K cp +2 | FF net sell intensity=-0.57 (5d/20d aligned) -10 | PE=20.86 fair +3 | PB=0.96 below book +5 | D/E=1.746 moderate 0 | CFO=-17343896115028 (sector-skip) 0 | RevG-YoY=2.5% positive +1 | ProfitG-YoY=-98.2% declining -3 | Market FAIR+giam sau -4,-19.24,v2.3,[],1.0,0,-3,-1,0,0,3,-6,0,-1,0,3,0,-1,-3,-2,2,-1,3,"RS=0.97(─) +0 | 52W_hi=-34.3% -3 | LinReg_slope=-1.6%/5d -1 | Aroon=-100(▼) -3 | Donch_BD↓(<25.15) -2 | ROC10=-3.3% -1 | Williams%R=-93.5 +3 | NR=N compress=0.78 +0 | AD_slope20d=+17.0% +2 | EFI=-140,185 -1 | AskWall≤2%@25.3(46K) -2 | BidWall≤2%@25.1(62K) +2 → +0 | FFroom=42.6% +3 | FairVal=-24035%(PE×EPS=104) -6 | EPScons=-1qtrs -1 | PropTrade=+0.0tỷ(5d) +0 | Insider=B2/S0(90d) net=+2 +3",3,0.15,-0.74,0.41,-0.36,0.62,-0.5,-0.14,-0.26,0.07,0.0,-0.2,-0.44,0.2,0.13,0.1,0.08,0.11,0.08,0.05,0.06,-0.98,-250.0,29.61,DISTRIBUTION,NORMAL,0.2,0.8,11.4,1035.0,1101,Mixed,165,898.0,215900,889200.0,1768.62,1793.46,1782.83,-0.51,-1.83,-3.47,DEEP_DOWN,12.24,1.99,12.8,62.2,FAIR,BAT_DONG_SAN,0.39,0.44,0.15,0.38,0.5,0.18,29.61,VUA,2026-10-01 14:15,,
KDC,GAINER,HSX,2026-10-01 14:14,2026-10-01,14:14,50.9,realtime,46000.0,20100.0,25900.0,0.7,50500.0,100.0,50900.0,4300.0,50400.0,500.0,51000.0,3800.0,50300.0,6600.0,51100.0,1500.0,12M,50.9,51.13,50.99,39.54,49.48,50.51,0.27,-0.45,0.77,38.9,-0.12,-0.06,-0.06,50.48,47.12,50.63,51.21,51.78,0.74,0.23,1.45,-4440902.0,0.61,7.33,50.76,-0.15,-64.29,52.3,50.2,33165899.84,3.29,-1644.22,-46.15,0.83,71000.0,85185.0,53.22,38.7,-0.59,-1.93,2026-10-01,False,0,True,0.0,50.0,106868507.0,144903158.0,0.23,1.28,-1.05,-4.94,0.02,0.28,0.06,30550000.0,30550000.0,,3.0,1.0,2.0,nan,2026-Q2,26.4,2.43,8.0,4.0,196.0,,,0.0,20.0,7.0,0.7,,39.94,1863548480.94,408035778.05,53380964.63,92607010.91,196.0,-0.25,3.07,-0.07,-0.48,-1,12828015310.71,6251995750.49,6576019560.22,3515929466.93,317122888.84,1.05,86177087.32,599783241.61,,685960328.92,0.16,-3,-5,0,2,Thực phẩm và đồ uống,3500,Tập đoàn KIDO,Công ty Cổ phần Tập đoàn KIDO,-4.3,-1.46,20010000.0,3597560000.0,0.01,0.93,0,False,False,0,Bán,FAIR,28,-7,-18,0,-3,2,-5,-5,0,-4,-4,0.0,0,0,-16,0.0,0.0,0.0,-8.56,NEUTRAL,MEDIUM,"EMA20>EMA50 +15 | Giá 1%>EMA200 (trên xu hướng) +3 | ADX=39.54 mạnh + giá>EMA200 (uptrend xác nhận) +5 | ST=49.48 bullish +5 | MACD hist=-0.06<0 -10 | Stoch K>47.12 cross up +3 | CMF=0.61 inflow (overbought) -8 | MFI=7.33 weak -6 | OBV divergence -4 | OF pattern=WEAK -3 | AskClear (no wall) +1 | BidWall 50.30 (7K cp, -1.2%) +1 | FF net sell intensity=-0.70 (5d/20d aligned) -10 | FF flow tăng tốc (trend+accel cùng dương) +5 | PE=26.4 expensive -5 | PB=2.43 neutral 0 | D/E=1.052 moderate 0 | CFO>0 real cash +5 | CF quality=0.16 low -5 | RevG-YoY=-7.3% slight decline -1 | ProfitG-YoY=-48.2% declining -3 | Market FAIR+giam sau -4",-8.56,v2.3,[],1.0,0,3,0,0,2,3,-6,0,-1,0,-3,0,0,-3,0,1,-1,0,"RS=1.02(─) +0 | 52W_hi=-4.4% +3 | LinReg_slope=-0.1%/5d +0 | Aroon=-64(▼) -3 | ROC10=-0.6% +0 | Williams%R=-46.1 +0 | NR=N compress=0.87 +0 | AD_slope20d=+3.3% +1 | EFI=-1,644 -1 | AskClear +1 | BidWall2-5%@50.3(7K) +1 → +2 | FFroom=36.9% +3 | FairVal=-1898%(PE×EPS=2548) -6 | EPScons=-1qtrs -1 | PropTrade=+0.0tỷ(5d) +0 | Insider=B1/S2(90d) net=-1 -3",-3,-0.15,0.53,-0.24,-0.72,0.0,-0.3,0.57,-0.07,-0.38,0.0,-0.33,-0.44,0.2,0.13,0.1,0.08,0.11,0.08,0.05,0.06,,,,WEAK,NORMAL,0.7,0.3,-22.2,1014.0,70,Mixed,47,21.0,46000,20100.0,1768.62,1793.46,1782.83,-0.51,-1.83,-3.47,DEEP_DOWN,12.24,1.99,12.8,62.2,FAIR,TIEU_DUNG_DICH_VU,0.31,0.36,0.97,0.42,0.33,0.03,,,2026-10-01 14:15,,
KDH,LOSER,HSX,2026-10-01 14:14,2026-10-01,14:14,15.15,realtime,115200.0,163500.0,-48300.0,0.41,15150.0,13300.0,15200.0,54100.0,15100.0,97700.0,15250.0,51300.0,15050.0,138700.0,15300.0,112800.0,12M,15.15,16.04,17.34,37.66,16.6,23.61,-7.5,-5.55,-35.83,28.25,-0.63,-0.0,-0.63,17.95,18.22,14.59,16.02,17.45,0.48,0.2,3.17,-56050600.0,-0.35,45.71,15.02,-0.83,-78.57,18.1,14.95,-174408587.44,-20.92,-405012.17,-85.19,0.46,2084600.0,4539240.0,36.45,14.95,-2.88,-13.92,2026-10-01,False,0,True,0.0,50.0,296005971.0,561107449.0,56.07,12.4,43.67,-54.45,1.29,0.44,11.76,3913895000.0,-12261000.0,0.03,17.0,17.0,0.0,Nguyễn Thuỳ Dương,2026-Q2,9.8,0.93,10.0,5.0,-145.0,,,0.0,69.0,72.0,1.69,,18.91,160642563.0,81011432.0,751622037.0,824925064.0,-145.0,-0.43,1.67,-0.85,2.78,1,39481210540.0,19975515450.0,19505695090.0,2223419742.0,14435537092.0,0.98,-2024212189.0,-1722556504.0,,-3746768693.0,-1.94,7,15,-10,2,Bất động sản,8600,Nhà Khang Điền,Công ty Cổ phần Đầu tư và Kinh doanh nhà Khang Điền,-4.3,-1.46,1892395000.0,31924660000.0,0.06,0.93,2,False,False,0,Mua,FAIR,-30,10,9,0,-3,-1,10,16,0,2,-4,0.0,5,-24,18,0.0,0.0,0.0,6.47,NEUTRAL,MEDIUM,EMA20<EMA50 -15 | Giá -36%<EMA200 (downtrend dài hạn) -5 | ADX=37.66 mạnh + giá<EMA200 (downtrend xác nhận) -5 | ST=16.6 bearish -5 | RSI=28.25 oversold +15 | MACD hist=-0.63<0 -10 | Stoch K=17.95 oversold +5 | CMF=-0.35 outflow (oversold) +8 | OBV confirms trend +4 | Vol=0.46x avg weak -3 | OF pattern=WEAK -3 | AskWall x3 mức ≥5K cp -3 | BidWall x3 mức ≥5K cp +2 | FF net buy intensity=+0.64 +5 | FF flow tăng tốc (trend+accel cùng dương) +5 | PE=9.8 very cheap +10 | PB=0.93 below book +5 | D/E=0.976 healthy +1 | CFO=-2024212189000 (sector-skip) 0 | RevG-YoY=-84.7% declining -3 | ProfitG-YoY=277.6% strong +5 | Market FAIR+giam sau -4 | CONFLUENCE bull (5/11) +5,1.47,v2.3,[],1.0,-4,-5,-1,3,0,0,0,0,0,5,5,0,0,-3,0,-2,-1,3,"RS=0.90(▼) -4 | 52W_hi=-58.4% -5 | LinReg_slope=-0.8%/5d +0 | Aroon=-79(▼) -3 | ROC10=-2.9% -1 | Williams%R=-85.2 +3 | NR=Y compress=0.54 +3 | AD_slope20d=-20.9% -2 | EFI=-405,012 -1 | AskWall≤2%@15.3(113K) -2 | BidWall≤2%@15.1(139K) +2 → +0 | FFroom=26.4% +0 | EPScons=1qtrs +0 | PropTrade=+3.9tỷ(5d) +5 | Insider=B17/S0(90d) net=+17 +5",10,0.5,-0.79,0.41,0.24,0.38,-0.3,-0.14,0.37,0.55,0.0,0.13,-0.44,0.2,0.13,0.1,0.08,0.11,0.08,0.05,0.06,-1.3,-200.0,31.31,WEAK,SKEWED_DOWN,0.34,0.66,-48.4,1700.0,1188,Mixed,416,735.0,679600,1313300.0,1768.62,1793.46,1782.83,-0.51,-1.83,-3.47,DEEP_DOWN,12.24,1.99,12.8,62.2,FAIR,BAT_DONG_SAN,0.59,0.68,0.15,0.82,0.5,0.29,31.31,VUA,2026-10-01 14:15,,
KOS,LOSER,HSX,2026-10-01 14:14,2026-10-01,14:14,15.8,realtime,900.0,0.0,900.0,1.0,,0.0,15800.0,27236000.0,0.0,0.0,15850.0,100000.0,0.0,0.0,16950.0,200.0,12M,15.8,25.64,30.5,87.73,20.15,35.62,-15.93,-38.38,-55.64,2.07,-4.49,-1.39,-3.09,0.0,0.0,14.91,27.77,40.63,1.37,0.03,8.67,18790600.0,0.0,17.11,17.71,-34.13,-85.71,34.1,16.95,5546762.67,0.18,-83695.96,-100.0,0.01,1500.0,160130.0,40.2,15.8,-49.6,-53.67,2026-10-01,False,0,True,0.0,49.0,105866994.0,106075854.0,0.0,0.0,0.0,0.73,-0.03,0.28,-0.04,-9091500000.0,-9091500000.0,,3.0,0.0,3.0,Trần Thị Thu Hoài,2026-Q2,133.75,1.56,1.0,1.0,0.0,,,0.0,12.0,2.0,0.5,,25.82,465694565.52,68132346.18,12767511.31,26012625.64,0.0,0.81,3.81,0.07,1.95,1,5078412133.88,2352814880.45,2725597253.43,878313644.04,1119424064.06,1.16,-22136395.26,-13176998.33,,-35313393.59,-1.17,-5,-5,-10,10,Bất động sản,8600,Công ty KOSY,Công ty Cổ phần KOSY,-4.3,-1.46,0.0,23700000.0,0.0,0.93,0,False,False,0,Bán,FAIR,-30,10,-13,5,-3,-4,-5,-5,0,6,-4,0.0,-5,-55,1,0.0,0.0,0.0,-36.88,STRONG SELL,MEDIUM,EMA20<EMA50 -15 | Giá -56%<EMA200 (downtrend dài hạn) -5 | ADX=87.73 mạnh + giá<EMA200 (downtrend xác nhận) -5 | ST=20.15 bearish -5 | RSI=2.07 oversold +15 | MACD hist=-3.09<0 -10 | Stoch K=0.0 oversold +5 | MFI=17.11 weak -6 | OBV divergence -4 | Vol=0.01x avg weak -3 | BB pos=0.03 near lower (oversold) +5 | OF pattern=WEAK -3 | AskWall x2 mức ≥5K cp -3 | NoBidWall -1 | FF net trung tính (intensity=+0.00) +0 | FF flow giảm tốc (trend+accel cùng âm) -5 | PE=133.75 expensive -5 | PB=1.56 fair +3 | ROE=1.0% weak -3 | D/E=1.158 moderate 0 | CFO=-22136395261 (sector-skip) 0 | RevG-YoY=6.8% positive +1 | ProfitG-YoY=195.2% strong +5 | Market FAIR+giam sau -4 | CONFLUENCE bear (5/11) -5,-31.88,v2.3,[],1.0,-8,-5,-3,0,-3,3,0,0,0,-10,-5,0,-3,-3,-2,0,-3,3,"RS=0.48(▼) -8 | 52W_hi=-60.7% -5 | LinReg_slope=-34.1%/5d -3 | Aroon=-86(▼) -3 | Donch_BD↓(<16.95) -2 | ROC10=-49.6% -3 | Williams%R=-100.0 +3 | AD_slope20d=+0.2% +0 | EFI=-83,696 -3 | AskWall≤2%@15.8(100K) -2 | NoBidWall -1 → -3 | FFroom=48.9% +3 | EPScons=1qtrs +0 | PropTrade=-9.1tỷ(5d) -10 | Insider=B0/S3(90d) net=-3 -5",-15,-0.75,-0.96,0.34,-0.64,0.62,-0.3,-1.0,-0.07,-0.17,0.0,0.4,-0.44,0.2,0.13,0.1,0.08,0.11,0.08,0.05,0.06,-6.78,-1150.0,0.02,WEAK,INSUFFICIENT_DATA,1.0,0.0,-73.3,214.0,7,Retail,5,,900,,1768.62,1793.46,1782.83,-0.51,-1.83,-3.47,DEEP_DOWN,12.24,1.99,12.8,62.2,FAIR,BAT_DONG_SAN,0.27,0.29,0.15,0.59,0.5,0.38,0.02,NHO,2026-10-01 14:15,,
LPB,LOSER,HSX,2026-10-01 14:14,2026-10-01,14:14,42.85,realtime,156800.0,35700.0,121100.0,0.81,42750.0,900.0,42850.0,19300.0,42700.0,2200.0,42900.0,22200.0,42650.0,900.0,42950.0,67900.0,12M,42.85,46.53,48.5,31.07,47.5,46.72,-4.06,-7.91,-8.28,30.55,-1.6,-0.28,-1.32,11.42,9.92,43.21,46.73,50.25,1.44,0.0,3.36,9010842.0,-0.14,33.25,44.24,-4.12,-64.29,50.0,43.0,-78482011.83,-7.8,-1206021.4,-93.28,0.67,1423500.0,2118620.0,58.5,37.33,-9.79,-12.19,2026-10-01,False,0,True,0.0,5.0,104317143.0,149364105.0,44.83,46.79,-1.96,43.3,-0.68,0.56,-2.8,-56236000.0,-476482627000.0,8.76,1.0,1.0,0.0,Phạm Thu Hương,2026-Q2,11.64,3.05,25.0,2.0,844.0,,,0.0,70.0,48.0,0.0,,0.0,6058192000.0,,2520662000.0,3924134000.0,844.0,0.18,0.11,0.23,0.05,1,615502468000.0,43030481000.0,572471987000.0,,,13.3,56241284000.0,-1043171000.0,-7468205000.0,55198113000.0,4.92,25,9,10,6,Ngân hàng,8300,LPBank,Ngân hàng Thương mại Cổ phần Lộc Phát Việt Nam,-4.3,-1.46,93515000.0,61719770000.0,0.0,0.93,0,False,False,0,Mua,FAIR,-30,-2,-2,5,0,-4,-5,9,0,6,-4,0.0,0,-44,9,0.0,0.0,0.0,-22.66,SELL,MEDIUM,EMA20<EMA50 -15 | Giá -8%<EMA200 (downtrend dài hạn) -5 | ADX=31.07 mạnh + giá<EMA200 (downtrend xác nhận) -5 | ST=47.5 bearish -5 | MACD hist=-1.32<0 -10 | Stoch K=11.42 oversold +5 | Stoch K>9.92 cross up +3 | CMF=-0.14 outflow (oversold) +8 | MFI=33.25 weak -6 | OBV divergence -4 | BB pos=0.0 near lower (oversold) +5 | AskWall x3 mức ≥5K cp -3 | NoBidWall -1 | FF net trung tính (intensity=-0.02) +0 | FF flow giảm tốc (trend+accel cùng âm) -5 | PE=11.64 cheap +7 | PB=3.05 expensive -3 | ROE=25.0% excellent +5 | CFO=56241284000000 (sector-skip) 0 | RevG-YoY=23.3% strong +5 | ProfitG-YoY=5.2% positive +1 | Market FAIR+giam sau -4,-22.66,v2.3,[],1.0,0,-3,-3,0,-3,-7,-6,0,0,0,3,0,-3,-3,-2,-2,-2,3,"RS=0.92(─) +0 | 52W_hi=-26.8% -3 | LinReg_slope=-4.1%/5d -3 | Aroon=-64(▼) -3 | Donch_BD↓(<43.00) -2 | ROC10=-9.8% -3 | Williams%R=-93.3 +3 | NR=N compress=1.21 +0 | AD_slope20d=-7.8% -2 | EFI=-1,206,021 -2 | AskWall≤2%@43.0(68K) -2 | NoBidWall -1 → -3 | FFroom=3.5% -7 | FairVal=-291%(PE×EPS=10972) -6 | EPScons=1qtrs +0 | PropTrade=-0.1tỷ(5d) +0 | Insider=B1/S0(90d) net=+1 +3",3,0.15,-0.77,-0.07,-0.24,0.62,0.0,-1.0,-0.44,0.1,0.0,0.4,-0.44,0.2,0.13,0.1,0.08,0.11,0.08,0.05,0.06,-2.61,-1150.0,60.15,CONTENTION,BIMODAL,0.5,0.5,-17.2,545.0,2527,Retail,867,1645.0,686000,682000.0,1768.62,1793.46,1782.83,-0.51,-1.83,-3.47,DEEP_DOWN,12.24,1.99,12.8,62.2,FAIR,NGAN_HANG,0.38,0.35,0.06,0.53,0.5,0.58,60.15,VUA,2026-10-01 14:15,,
MBB,GAINER,HSX,2026-10-01 14:14,2026-10-01,14:14,19.7,realtime,117500.0,16700.0,100800.0,0.88,19600.0,91300.0,19650.0,246600.0,19550.0,625800.0,19700.0,630200.0,19500.0,1003100.0,19750.0,465400.0,12M,19.65,19.97,20.04,15.6,20.65,20.34,-0.35,-1.6,-3.39,42.13,-0.13,-0.07,-0.06,12.12,15.35,19.46,20.01,20.55,0.33,0.17,1.68,39328937.0,-0.19,40.32,19.73,-0.44,-50.0,21.0,19.5,-883156291.66,-5.02,-454685.17,-86.36,0.56,6430100.0,11461825.0,23.63,17.78,-4.38,-4.61,2026-10-01,False,0,True,0.0,23.24,96104697.0,2152325376.0,81.77,127.86,-46.09,98.11,-0.85,0.39,-14.67,-44473204000.0,-70267729000.0,0.02,20.0,20.0,0.0,Nguyễn Thị Thanh Nga,2026-Q2,6.06,1.26,21.0,2.0,0.0,,,0.0,72.0,41.0,0.0,,0.0,20434314000.0,,8229062000.0,14806955000.0,0.0,0.17,0.09,0.18,0.4,1,1733012662000.0,156762644000.0,1576250018000.0,,,10.05,137357399000.0,904900000.0,3957417000.0,138262299000.0,5.13,32,18,10,4,Ngân hàng,8300,MBBank,Ngân hàng Thương mại Cổ phần Quân đội,-4.3,-1.46,17306135700.0,127000480000.0,0.14,0.93,4,True,False,3,Mua,FAIR,-23,0,4,5,-3,-1,-10,18,0,8,-4,0.0,0,-18,26,0.0,0.0,0.0,-9.9,NEUTRAL,MEDIUM,EMA20<EMA50 -15 | Giá -3%<EMA200 (dưới xu hướng) -3 | ST=20.65 bearish -5 | RSI=42.13 neutral +5 | MACD hist=-0.06<0 -10 | Stoch K=12.12 oversold +5 | CMF=-0.19 outflow (oversold) +8 | OBV divergence -4 | BB pos=0.17 near lower (oversold) +5 | OF pattern=WEAK -3 | AskWall x3 mức ≥5K cp -3 | BidWall x3 mức ≥5K cp +2 | FF net sell intensity=-0.22 -5 | FF flow giảm tốc (trend+accel cùng âm) -5 | PE=6.06 very cheap +10 | PB=1.26 fair +3 | ROE=21.0% excellent +5 | CFO=137357399000000 (sector-skip) 0 | RevG-YoY=18.5% good +3 | ProfitG-YoY=40.0% strong +5 | Market FAIR+giam sau -4,-9.9,v2.3,[],1.0,0,0,-1,2,0,-7,0,0,0,-10,5,0,0,-2,0,-2,-1,3,"RS=1.00(─) +0 | 52W_hi=-16.6% +0 | LinReg_slope=-0.4%/5d +0 | Aroon=-50(▼) -2 | ROC10=-4.4% -1 | Williams%R=-86.4 +3 | NR=Y compress=0.67 +2 | AD_slope20d=-5.0% -2 | EFI=-454,685 -1 | AskWall≤2%@19.8(465K) -2 | BidWall≤2%@19.6(626K) +2 → +0 | FFroom=1.0% -7 | EPScons=1qtrs +0 | PropTrade=-44.5tỷ(5d) -10 | Insider=B20/S0(90d) net=+20 +5",-5,-0.25,-0.47,0.07,0.04,0.88,-0.3,-0.14,-0.63,0.62,0.0,0.53,-0.44,0.2,0.13,0.1,0.08,0.11,0.08,0.05,0.06,,,,WEAK,SKEWED_UP,0.57,0.43,-24.6,755.0,7804,Retail,4513,3210.0,3301800,2527300.0,1768.62,1793.46,1782.83,-0.51,-1.83,-3.47,DEEP_DOWN,12.24,1.99,12.8,62.2,FAIR,NGAN_HANG,0.58,0.62,0.42,0.39,0.5,0.75,,,2026-10-01 14:15,,
MCH,LOSER,HSX,2026-10-01 14:14,2026-10-01,14:14,138.9,realtime,26500.0,16100.0,10400.0,0.62,138500.0,1400.0,138900.0,2000.0,138400.0,700.0,139000.0,2700.0,138200.0,200.0,139100.0,7600.0,12M,138.9,140.73,139.28,21.58,145.06,142.54,1.04,-1.3,-2.55,42.73,-0.09,-0.77,0.68,25.85,20.43,137.82,141.77,145.72,2.61,0.14,1.88,16052528.0,0.23,48.74,140.0,-2.2,-50.0,145.9,136.1,22610929.82,14.02,-183569.87,-71.43,0.11,67000.0,625520.0,184.42,100.23,-4.6,-2.18,2026-10-01,False,0,True,0.0,100.0,1097813868.0,1307404949.0,14.1,29.2,-15.1,625.92,-1.04,0.78,-37.79,-68703970000.0,-534260910000.0,-1.16,2.0,2.0,0.0,Trương Công Thắng,2026-Q2,25.63,9.67,40.0,21.0,1137.0,,,1.0,46.0,22.0,1.0,,22.75,7165021966.51,3193066669.95,1471437299.06,1742657161.13,1137.0,-0.15,-0.17,0.14,0.11,1,33634291927.5,19305249611.1,14329042316.4,6556464010.89,2394489214.03,0.74,2132330611.64,1091485785.81,,3223816397.44,0.32,-9,-3,0,-6,Thực phẩm và đồ uống,3500,Hàng Tiêu Dùng MaSan,Công ty Cổ phần Hàng Tiêu Dùng MaSan,-4.3,-1.46,1125161000.0,9288290000.0,0.12,0.93,4,False,False,0,Mua,FAIR,7,18,-7,5,-3,-3,-10,-2,0,6,-4,0.0,0,16,-2,0.0,0.0,0.0,-3.47,NEUTRAL,LOW,"EMA20>EMA50 +15 | Giá -3%<EMA200 (dưới xu hướng) -3 | ST=145.06 bearish -5 | RSI=42.73 neutral +5 | MACD hist=0.68>0 +10 | Stoch K>20.43 cross up +3 | CMF=0.23 inflow (overbought) -8 | OBV confirms trend +4 | Vol=0.11x avg weak -3 | BB pos=0.14 near lower (oversold) +5 | OF pattern=WEAK -3 | AskWall 139.10 (8K cp, +0.1%) -2 | NoBidWall -1 | FF net sell intensity=-0.35 -5 | FF flow giảm tốc (trend+accel cùng âm) -5 | PE=25.63 expensive -5 | PB=9.67 expensive -3 | ROE=40.0% excellent +5 | D/E=0.742 healthy +1 | CFO>0 real cash +5 | CF quality=0.32 low -5 | RevG-YoY=14.2% good +3 | ProfitG-YoY=11.0% good +3 | Market FAIR+giam sau -4",-3.47,v2.3,[],1.0,0,-3,-1,3,-3,3,-6,0,0,-10,3,0,-1,-2,0,2,-3,1,"RS=1.02(─) +0 | 52W_hi=-24.7% -3 | LinReg_slope=-2.2%/5d -1 | Aroon=-50(▼) -2 | ROC10=-4.6% -1 | Williams%R=-71.4 +1 | NR=Y compress=0.41 +3 | AD_slope20d=+14.0% +2 | EFI=-183,570 -3 | AskWall≤2%@139.1(8K) -2 | NoBidWall -1 → -3 | FFroom=84.0% +3 | FairVal=-840%(PE×EPS=14781) -6 | DivYield=1.0% +0 | EPScons=1qtrs +0 | PropTrade=-68.7tỷ(5d) -10 | Insider=B2/S0(90d) net=+2 +3",-7,-0.35,0.02,0.62,-0.32,1.0,-0.3,-0.86,-0.26,-0.28,0.0,0.4,-0.44,0.2,0.13,0.1,0.08,0.11,0.08,0.05,0.06,-0.07,-100.0,9.27,WEAK,BIMODAL,0.48,0.52,-71.4,228.0,294,Retail,134,159.0,32300,34600.0,1768.62,1793.46,1782.83,-0.51,-1.83,-3.47,DEEP_DOWN,12.24,1.99,12.8,62.2,FAIR,TIEU_DUNG_DICH_VU,0.48,0.47,0.6,0.17,0.33,0.68,9.27,NHO,2026-10-01 14:15,,UNCLEAR
MSB,GAINER,HSX,2026-10-01 14:14,2026-10-01,14:14,14.25,realtime,160700.0,696800.0,-536100.0,0.19,14250.0,204000.0,14300.0,76500.0,14200.0,214100.0,14350.0,47000.0,14150.0,316700.0,14400.0,164400.0,12M,14.25,13.62,13.32,35.27,13.31,11.82,2.25,4.63,20.56,69.37,0.28,0.12,0.16,81.98,79.88,12.26,13.41,14.55,0.33,0.87,2.32,399189747.0,0.01,72.77,14.17,5.55,85.71,14.5,12.65,223140270.14,0.71,1646972.12,-13.51,1.17,8720900.0,7462329.0,14.5,9.0,10.47,6.74,2026-10-01,False,0,True,0.0,30.0,713808365.0,936000000.0,60.32,46.42,-74.39,-32.05,-0.58,0.44,-13.1,9623590000.0,-88863640000.0,1.15,3.0,1.0,2.0,Lê Cẩm Thúy,2026-Q2,9.03,1.18,14.0,1.0,401.0,,,0.0,64.0,41.0,0.0,,0.0,3394998000.0,,1250603000.0,2070249000.0,401.0,-0.07,-0.17,-0.04,0.01,1,440998586000.0,45246509000.0,395752077000.0,,,8.75,11693308000.0,-170104000.0,0.0,11523204000.0,2.08,19,13,10,-4,Ngân hàng,8300,MSB Bank,Ngân hàng Thương mại Cổ phần Hàng Hải Việt Nam,-4.3,-1.46,-64452845000.0,125246570000.0,-0.51,0.93,-4,False,True,-3,Bán,FAIR,30,5,10,-5,0,-1,-15,13,0,0,-4,0.0,0,54,7,0.0,0.0,0.0,14.54,NEUTRAL,MEDIUM,EMA20>EMA50 +15 | Giá 21%>EMA200 (uptrend dài hạn) +5 | ADX=35.27 mạnh + giá>EMA200 (uptrend xác nhận) +5 | ST=13.31 bullish +5 | MACD hist=0.16>0 +10 | Stoch K=81.98 overbought -5 | MFI=72.77 strong inflow +6 | OBV confirms trend +4 | BB pos=0.87 near upper (overbought) -5 | AskWall x3 mức ≥5K cp -3 | BidWall x3 mức ≥5K cp +2 | FF net sell intensity=-0.70 (5d/20d aligned) -10 | FF flow giảm tốc (trend+accel cùng âm) -5 | PE=9.03 very cheap +10 | PB=1.18 fair +3 | ROE=14.000000000000002% neutral 0 | CFO=11693308000000 (sector-skip) 0 | RevG-YoY=-4.0% slight decline -1 | ProfitG-YoY=1.1% positive +1 | Market FAIR+giam sau -4,14.54,v2.3,[],1.0,4,3,3,0,0,0,-6,0,0,5,-3,0,3,3,0,0,1,-3,"RS=1.12(▲) +4 | 52W_hi=-1.7% +3 | LinReg_slope=+5.5%/5d +3 | Aroon=+86(▲) +3 | ROC10=+10.5% +3 | Williams%R=-13.5 -3 | NR=N compress=0.89 +0 | AD_slope20d=+0.7% +0 | EFI=+1,646,972 +1 | AskWall≤2%@14.3(76K) -2 | BidWall≤2%@14.2(317K) +2 → +0 | FFroom=22.9% +0 | FairVal=-173%(PE×EPS=5213) -6 | EPScons=1qtrs +0 | PropTrade=+9.6tỷ(5d) +5 | Insider=B1/S2(90d) net=-1 -3",2,0.1,0.81,0.17,0.44,-0.62,0.0,-0.14,-0.56,0.24,0.0,0.0,-0.44,0.2,0.13,0.1,0.08,0.11,0.08,0.05,0.06,0.35,50.0,125.14,CONTENTION,BIMODAL,0.48,0.52,-15.8,4544.0,1916,Mixed,819,1080.0,4188700,4475900.0,1768.62,1793.46,1782.83,-0.51,-1.83,-3.47,DEEP_DOWN,12.24,1.99,12.8,62.2,FAIR,NGAN_HANG,0.47,0.51,0.94,0.14,0.5,0.28,125.14,LON,2026-10-01 14:15,,
MSN,GAINER,HSX,2026-10-01 14:14,2026-10-01,14:14,70.2,realtime,101100.0,56300.0,44800.0,0.64,70300.0,20500.0,70400.0,58400.0,70200.0,24100.0,70500.0,46900.0,70100.0,44800.0,70600.0,44500.0,12M,70.3,68.99,68.91,13.61,65.8,73.37,0.12,1.9,-4.18,57.54,0.42,0.12,0.3,66.67,64.06,66.29,68.68,71.06,1.61,0.84,2.29,-3563500.0,-0.07,74.48,69.72,1.98,57.14,71.7,65.3,-182164935.16,-3.6,1764417.53,-21.88,1.16,4905700.0,4245445.0,94.0,61.7,3.84,1.88,2026-10-01,False,0,True,0.0,100.0,1163054915.0,1534951081.0,409.49,204.44,205.05,263.05,2.59,0.5,26.4,39950000.0,45602940000.0,0.12,0.0,0.0,0.0,,2026-Q2,14.9,2.51,19.0,5.0,2056.0,,,0.0,32.0,10.0,0.52,,11.38,28117678000.0,8910850000.0,3125168000.0,4193525000.0,2056.0,0.17,1.51,0.54,2.03,1,142957455000.0,49567025000.0,93390430000.0,28139880000.0,41000046000.0,1.88,1369570000.0,16898880000.0,,18268450000.0,0.33,18,10,0,8,Thực phẩm và đồ uống,3500,Tập đoàn Masan,Công ty Cổ phần Tập đoàn Masan,-4.3,-1.46,37526574200.0,346042190000.0,0.11,0.93,4,True,False,3,,FAIR,17,18,2,-5,0,-1,15,10,0,10,-4,0.0,0,32,14,0.0,0.0,0.0,22.87,NEUTRAL,MEDIUM,EMA20>EMA50 +15 | Giá -4%<EMA200 (dưới xu hướng) -3 | ST=65.8 bullish +5 | RSI=57.54 neutral +5 | MACD hist=0.3>0 +10 | Stoch K>64.06 cross up +3 | MFI=74.48 strong inflow +6 | OBV divergence -4 | BB pos=0.84 near upper (overbought) -5 | AskWall x3 mức ≥5K cp -3 | BidWall x3 mức ≥5K cp +2 | FF net buy intensity=+0.33 (5d/20d aligned) +10 | FF flow tăng tốc (trend+accel cùng dương) +5 | PE=14.9 cheap +7 | PB=2.51 neutral 0 | ROE=19.0% good +3 | D/E=1.884 moderate 0 | CFO>0 real cash +5 | CF quality=0.33 low -5 | RevG-YoY=53.5% strong +5 | ProfitG-YoY=202.8% strong +5 | Market FAIR+giam sau -4 | CONFLUENCE bull (5/10 groups) +5,22.87,v2.3,[],1.0,0,-3,1,0,0,3,-6,0,0,0,0,0,1,2,0,-1,1,-1,"RS=1.06(─) +0 | 52W_hi=-25.3% -3 | LinReg_slope=+2.0%/5d +1 | Aroon=+57(▲) +2 | ROC10=+3.8% +1 | Williams%R=-21.9 -1 | NR=N compress=1.42 +0 | AD_slope20d=-3.6% -1 | EFI=+1,764,418 +1 | AskWall≤2%@70.4(58K) -2 | BidWall≤2%@70.1(45K) +2 → +0 | FFroom=75.8% +3 | FairVal=-163%(PE×EPS=26728) -6 | EPScons=1qtrs +0 | PropTrade=+0.0tỷ(5d) +0",0,0.0,0.32,0.62,0.08,-0.62,0.0,-0.14,0.67,0.14,0.0,0.67,-0.44,0.2,0.13,0.1,0.08,0.11,0.08,0.05,0.06,1.59,1100.0,342.1,CONTENTION,BIMODAL,0.61,0.39,32.1,836.0,5760,Retail,3348,2371.0,2904500,1892200.0,1768.62,1793.46,1782.83,-0.51,-1.83,-3.47,DEEP_DOWN,12.24,1.99,12.8,62.2,FAIR,TIEU_DUNG_DICH_VU,0.42,0.42,0.82,0.93,0.33,0.9,342.1,LON,2026-10-01 14:15,,
MWG,GAINER,HSX,2026-10-01 14:14,2026-10-01,14:14,72.7,realtime,10900.0,41900.0,-31000.0,0.21,72700.0,3900.0,72800.0,9200.0,72600.0,24800.0,72900.0,28000.0,72500.0,22700.0,73000.0,44400.0,12M,72.7,72.51,73.06,12.03,69.67,77.85,-0.75,0.26,-6.62,50.59,-0.09,0.04,-0.14,70.44,69.6,70.5,72.22,73.93,1.62,0.64,2.23,37472231.0,0.04,67.69,72.57,1.43,50.0,74.6,68.6,182189805.38,1.01,236215.5,-22.64,0.96,2335300.0,2431305.0,92.96,61.54,-0.55,-0.68,2026-10-01,False,0,True,0.0,49.0,10300.0,723747294.0,0.07,0.87,-0.81,-0.71,0.02,0.33,-0.12,40140884000.0,165166525000.0,0.42,10.0,8.0,2.0,nan,2026-Q2,10.87,2.99,29.0,11.0,2249.0,,,0.0,21.0,6.0,0.98,,11.1,48751283551.96,10809210072.11,3302546974.01,4034437503.93,2249.0,0.05,0.22,0.3,1.0,1,104914963643.07,36351326250.44,68563637392.63,29089559736.15,0.0,1.89,6096140690.22,-6660775391.57,,-564634701.36,0.87,23,12,5,6,Bán lẻ,5300,Thế giới di động,Công ty Cổ phần Đầu tư Thế Giới Di Động,-4.3,-1.46,707310000.0,170922060000.0,0.0,0.93,0,False,False,0,Bán,FAIR,-15,-2,2,0,0,-1,-10,12,5,10,-4,0.0,0,-14,21,0.0,0.0,0.0,-1.28,NEUTRAL,MEDIUM,EMA20<EMA50 -15 | Giá -7%<EMA200 (downtrend dài hạn) -5 | ST=69.67 bullish +5 | RSI=50.59 neutral +5 | MACD hist=-0.14<0 -10 | Stoch K>69.6 cross up +3 | MFI=67.69 strong inflow +6 | OBV divergence -4 | AskWall x3 mức ≥5K cp -3 | BidWall x2 mức ≥5K cp +2 | FF net sell intensity=-0.86 (5d/20d aligned) -10 | PE=10.87 cheap +7 | PB=2.99 neutral 0 | ROE=28.999999999999996% excellent +5 | D/E=1.886 moderate 0 | CFO>0 real cash +5 | RevG-YoY=29.6% strong +5 | ProfitG-YoY=100.4% strong +5 | Market FAIR+giam sau -4,-1.28,v2.3,[],1.0,0,-3,0,0,0,-7,-6,0,0,10,5,0,1,2,0,1,1,-1,"RS=1.04(─) +0 | 52W_hi=-21.8% -3 | LinReg_slope=+1.4%/5d +1 | Aroon=+50(▲) +2 | ROC10=-0.6% +0 | Williams%R=-22.6 -1 | NR=N compress=1.39 +0 | AD_slope20d=+1.0% +1 | EFI=+236,216 +1 | AskWall≤2%@73.0(44K) -2 | BidWall≤2%@72.6(25K) +2 → +0 | FFroom=0.0% -7 | FairVal=-149%(PE×EPS=29237) -6 | EPScons=1qtrs +0 | PropTrade=+40.1tỷ(5d) +10 | Insider=B8/S2(90d) net=+6 +5",15,0.75,-0.28,-0.1,0.16,0.0,0.0,-0.14,-0.63,0.21,0.5,0.67,-0.44,0.2,0.13,0.1,0.08,0.11,0.08,0.05,0.06,0.55,400.0,163.03,CONTENTION,BIMODAL,0.57,0.43,7.7,782.0,2787,Retail,1408,1362.0,1224800,940500.0,1768.62,1793.46,1782.83,-0.51,-1.83,-3.47,DEEP_DOWN,12.24,1.99,12.8,62.2,FAIR,TIEU_DUNG_DICH_VU,0.5,0.53,0.45,0.17,0.6,0.9,163.03,LON,2026-10-01 14:15,,
NAB,GAINER,HSX,2026-10-01 14:14,2026-10-01,14:14,12.25,realtime,159100.0,156300.0,2800.0,0.5,12250.0,26300.0,12300.0,47200.0,12200.0,36900.0,12350.0,97400.0,12150.0,43300.0,12400.0,64300.0,12M,12.3,11.99,11.96,24.65,11.48,11.91,0.25,2.59,3.27,61.34,0.16,0.08,0.08,83.87,85.64,10.89,11.81,12.72,0.29,0.77,2.36,9036164.0,0.08,71.95,12.47,4.5,71.43,12.55,11.0,9620899.2,34.48,125456.76,-16.13,0.81,1245900.0,1540390.0,13.5,10.08,0.82,7.42,2026-10-01,False,0,True,0.0,30.0,627149347.0,647646684.0,6.57,7.83,-1.27,-4.97,-0.03,0.33,0.02,11339240000.0,-80755140000.0,4.62,0.0,0.0,0.0,,2026-Q2,5.46,0.99,19.0,1.0,1224.0,,,0.0,63.0,40.0,0.0,,0.0,2836446000.0,,1209825000.0,1654790000.0,1224.0,0.23,-0.08,0.05,0.17,1,451517264000.0,25892493000.0,425624771000.0,,,16.44,118612421000.0,-808859000.0,-159000.0,117803562000.0,28.36,32,18,10,4,Ngân hàng,8300,Ngân hàng Nam Á,Ngân hàng Thương mại Cổ phần Nam Á,-4.3,-1.46,-776425000.0,15359160000.0,-0.05,0.93,-2,False,False,0,,FAIR,23,2,10,0,-3,-1,0,18,0,4,-4,0.0,0,44,25,0.0,0.0,0.0,22.6,NEUTRAL,HIGH,EMA20>EMA50 +15 | Giá 3%>EMA200 (trên xu hướng) +3 | ST=11.48 bullish +5 | MACD hist=0.08>0 +10 | Stoch K=83.87 overbought -5 | Stoch K<85.64 cross down -3 | MFI=71.95 strong inflow +6 | OBV confirms trend +4 | OF pattern=WEAK -3 | AskWall x3 mức ≥5K cp -3 | BidWall x3 mức ≥5K cp +2 | FF net trung tính (intensity=-0.09) +0 | PE=5.46 very cheap +10 | PB=0.99 below book +5 | ROE=19.0% good +3 | CFO=118612421000000 (sector-skip) 0 | RevG-YoY=4.6% positive +1 | ProfitG-YoY=16.9% good +3 | Market FAIR+giam sau -4,22.6,v2.3,[],1.0,4,0,0,2,0,0,3,0,0,5,0,0,3,3,0,2,1,-3,"RS=1.12(▲) +4 | 52W_hi=-9.3% +0 | LinReg_slope=+4.5%/5d +3 | Aroon=+71(▲) +3 | ROC10=+0.8% +0 | Williams%R=-16.1 -3 | NR=Y compress=0.67 +2 | AD_slope20d=+34.5% +2 | EFI=+125,457 +1 | AskWall≤2%@12.3(97K) -2 | BidWall≤2%@12.2(43K) +2 → +0 | FFroom=29.1% +0 | FairVal=+23%(PE×EPS=15912) +3 | EPScons=1qtrs +0 | PropTrade=+11.3tỷ(5d) +5",5,0.25,0.62,-0.03,0.52,0.25,-0.3,-0.14,0.0,0.72,0.0,0.27,-0.44,0.2,0.13,0.1,0.08,0.11,0.08,0.05,0.06,,,,WEAK,NORMAL,0.69,0.31,-29.6,2187.0,561,Mixed,424,131.0,807000,368300.0,1768.62,1793.46,1782.83,-0.51,-1.83,-3.47,DEEP_DOWN,12.24,1.99,12.8,62.2,FAIR,NGAN_HANG,0.6,0.61,0.81,0.61,0.5,0.42,,,2026-10-01 14:15,,CONSENSUS_BULL
NKG,GAINER,HSX,2026-10-01 14:14,2026-10-01,14:14,9.48,realtime,158000.0,347700.0,-189700.0,0.31,9480.0,7400.0,9490.0,1700.0,9470.0,201100.0,9500.0,41400.0,9460.0,13500.0,9510.0,2400.0,12M,9.48,9.98,10.55,45.9,10.13,12.34,-5.4,-5.01,-23.18,22.65,-0.35,-0.04,-0.32,15.63,11.16,9.17,10.05,10.93,0.22,0.18,2.32,-69226834.0,-0.48,27.36,9.35,-3.48,-85.71,10.95,9.3,-203300096.68,-7.74,-101842.73,-82.0,1.04,1580100.0,1519650.0,16.55,9.3,-5.2,-12.22,2026-10-01,False,0,True,0.0,50.0,224953762.0,246161980.0,6.21,7.84,-1.63,-23.67,-0.01,0.28,0.99,-5312000.0,-5312000.0,,1.0,1.0,0.0,Nguyễn Vinh An,2026-Q2,28.05,0.61,2.0,1.0,0.0,,,0.0,5.0,1.0,0.63,,20.84,4150210734.7,437074910.0,104125637.75,162921469.9,0.0,0.27,3.66,0.09,0.14,1,18387807556.5,7651158879.38,10736648677.12,6293704349.48,2260678049.67,1.4,1326940472.26,-3028797609.17,,-1701857136.91,6.73,17,-3,10,10,Tài nguyên Cơ bản,1700,Thép Nam Kim,Công ty Cổ phần Thép Nam Kim,-4.3,-1.46,188059000.0,15079121000.0,0.01,0.93,0,False,False,0,Mua,FAIR,-30,13,6,5,0,0,-5,-3,10,4,-4,0.0,0,-15,11,0.0,0.0,0.0,0.54,NEUTRAL,MEDIUM,"EMA20<EMA50 -15 | Giá -23%<EMA200 (downtrend dài hạn) -5 | ADX=45.9 mạnh + giá<EMA200 (downtrend xác nhận) -5 | ST=10.13 bearish -5 | RSI=22.65 oversold +15 | MACD hist=-0.32<0 -10 | Stoch K=15.63 oversold +5 | Stoch K>11.16 cross up +3 | CMF=-0.48 outflow (oversold) +8 | MFI=27.36 weak -6 | OBV confirms trend +4 | BB pos=0.18 near lower (oversold) +5 | AskWall 9.50 (41K cp, +0.2%) -2 | BidWall x3 mức ≥5K cp +2 | FF net sell intensity=-0.12 (5d/20d aligned) -5 | PE=28.05 expensive -5 | PB=0.61 below book +5 | ROE=2.0% weak -3 | D/E=1.403 moderate 0 | CFO>0 real cash +5 | CF quality=6.73 high +5 | RevG-YoY=9.0% positive +1 | ProfitG-YoY=13.7% good +3 | Market FAIR+giam sau -4 | CONFLUENCE bull (5/10 groups) +5",0.54,v2.3,[],1.0,0,-3,-3,3,0,3,0,0,0,0,3,0,-3,-3,0,-2,-1,3,"RS=0.92(─) +0 | 52W_hi=-42.7% -3 | LinReg_slope=-3.5%/5d -3 | Aroon=-86(▼) -3 | ROC10=-5.2% -3 | Williams%R=-82.0 +3 | NR=Y compress=0.31 +3 | AD_slope20d=-7.7% -2 | EFI=-101,843 -1 | AskWall≤2%@9.5(41K) -2 | BidWall≤2%@9.5(201K) +2 → +0 | FFroom=45.7% +3 | EPScons=1qtrs +0 | PropTrade=-0.0tỷ(5d) +0 | Insider=B1/S0(90d) net=+1 +3",3,0.15,-0.74,0.45,0.12,1.0,0.0,0.0,-0.07,-0.1,1.0,0.27,-0.44,0.2,0.13,0.1,0.08,0.11,0.08,0.05,0.06,,,,NORMAL,SKEWED_DOWN,0.2,0.8,12.5,2395.0,639,Mixed,224,395.0,302900,1204500.0,1768.62,1793.46,1782.83,-0.51,-1.83,-3.47,DEEP_DOWN,12.24,1.99,12.8,62.2,FAIR,NGUYEN_LIEU_NANG_LUONG,0.42,0.3,0.12,0.34,0.62,0.31,,,2026-10-01 14:15,,
NLG,LOSER,HSX,2026-10-01 14:14,2026-10-01,14:14,21.65,realtime,183200.0,450100.0,-266900.0,0.29,21650.0,62800.0,21700.0,44900.0,21600.0,2000.0,21750.0,123000.0,21550.0,10500.0,21800.0,50400.0,12M,21.65,23.07,23.62,23.87,23.51,27.15,-2.33,-6.16,-20.26,30.93,-0.56,-0.31,-0.26,9.97,8.09,21.09,23.66,26.22,0.66,0.11,3.05,-35824311.0,-0.17,22.83,21.63,-8.17,-100.0,25.95,21.35,-49027690.83,-14.35,-355236.32,-89.06,1.14,2155800.0,1895035.0,39.39,19.15,-8.84,-11.99,2026-10-01,False,0,True,0.0,50.0,67663646.0,242548691.0,21.89,34.15,-52.95,-139.43,-0.51,0.22,-2.84,-21980780000.0,-38222440000.0,-0.39,2.0,2.0,0.0,Nguyễn Hiệp,2026-Q2,15.45,0.84,5.0,2.0,109.0,,,0.0,42.0,17.0,1.48,,13.32,415142651.11,236820552.9,55206070.97,87772397.65,109.0,-0.68,-0.19,-0.46,-0.44,-1,25475548019.16,14544291089.32,10931256929.84,914693890.1,4280977916.66,0.75,-872640359.0,970347485.49,,97707126.5,-1.24,-8,8,-10,-6,Bất động sản,8600,BĐS Nam Long,Công ty Cổ phần Đầu tư Nam Long,-4.3,-1.46,-6925780300.0,47716475000.0,-0.15,0.93,-4,False,False,0,Mua,FAIR,-25,-2,6,5,0,-1,-15,9,0,-6,-4,0.0,0,-28,-4,0.0,0.0,0.0,-22.91,SELL,MEDIUM,EMA20<EMA50 -15 | Giá -20%<EMA200 (downtrend dài hạn) -5 | ST=23.51 bearish -5 | MACD hist=-0.26<0 -10 | Stoch K=9.97 oversold +5 | Stoch K>8.09 cross up +3 | CMF=-0.17 outflow (oversold) +8 | MFI=22.83 weak -6 | OBV confirms trend +4 | BB pos=0.11 near lower (oversold) +5 | AskWall x3 mức ≥5K cp -3 | BidWall x2 mức ≥5K cp +2 | FF net sell intensity=-0.94 (5d/20d aligned) -10 | FF flow giảm tốc (trend+accel cùng âm) -5 | PE=15.45 fair +3 | PB=0.84 below book +5 | D/E=0.752 healthy +1 | CFO=-872640358997 (sector-skip) 0 | RevG-YoY=-46.3% declining -3 | ProfitG-YoY=-44.4% declining -3 | Market FAIR+giam sau -4,-22.91,v2.3,[],1.0,0,-3,-3,0,0,0,-6,0,-1,-10,3,0,-3,-3,0,-2,-1,3,"RS=0.92(─) +0 | 52W_hi=-45.0% -3 | LinReg_slope=-8.2%/5d -3 | Aroon=-100(▼) -3 | ROC10=-8.8% -3 | Williams%R=-89.1 +3 | NR=N compress=0.76 +0 | AD_slope20d=-14.3% -2 | EFI=-355,236 -1 | AskWall≤2%@21.8(123K) -2 | BidWall≤2%@21.6(63K) +2 → +0 | FFroom=13.9% +0 | FairVal=-1428%(PE×EPS=1417) -6 | EPScons=-1qtrs -1 | PropTrade=-22.0tỷ(5d) -10 | Insider=B2/S0(90d) net=+2 +3",-7,-0.35,-0.64,-0.07,0.12,0.62,0.0,-0.14,-0.56,0.1,0.0,-0.47,-0.44,0.2,0.13,0.1,0.08,0.11,0.08,0.05,0.06,-0.46,-100.0,46.76,CONTENTION,BIMODAL,0.32,0.68,24.4,2222.0,969,Mixed,217,730.0,685500,1447800.0,1768.62,1793.46,1782.83,-0.51,-1.83,-3.47,DEEP_DOWN,12.24,1.99,12.8,62.2,FAIR,BAT_DONG_SAN,0.52,0.63,0.47,0.12,0.5,0.06,46.76,VUA,2026-10-01 14:15,,
NT2,LOSER,HSX,2026-10-01 14:14,2026-10-01,14:14,21.85,realtime,117800.0,49700.0,68100.0,0.7,21850.0,16400.0,21900.0,25500.0,21800.0,42100.0,21950.0,15000.0,21750.0,29600.0,22000.0,38600.0,12M,21.85,21.04,21.24,20.07,20.75,23.09,-0.94,3.85,-5.37,63.06,0.12,0.17,-0.05,88.55,78.97,19.89,20.8,21.71,0.4,1.0,1.83,4222509.0,0.13,77.99,21.37,3.52,85.71,22.15,20.2,-14812122.17,8.25,257647.68,-17.5,1.45,755400.0,522405.0,29.45,20.2,6.33,6.59,2026-10-01,False,0,True,0.0,49.0,114084737.0,141059254.0,11.29,9.72,1.58,-6.78,0.14,0.33,0.69,205000000.0,-6076620000.0,0.11,0.0,0.0,0.0,,2026-Q2,5.07,1.27,26.0,13.0,1056.0,,,0.0,15.0,13.0,1.63,,5.02,2824544836.48,357507955.6,307764848.23,384113392.32,1056.0,0.3,0.71,0.36,-0.06,-1,10665360113.89,5002753482.88,5662606631.01,1661112397.93,0.0,1.13,1003204721.26,-1372319107.94,,-369114386.68,0.89,33,18,5,10,"Điện, nước & xăng dầu khí đốt",7500,Điện lực Nhơn Trạch 2,Công ty Cổ phần Điện lực Dầu khí Nhơn Trạch 2,-4.3,-1.46,1441635000.0,16582865000.0,0.09,0.93,4,False,False,0,,FAIR,-15,-15,-6,-5,0,-1,5,18,5,4,-4,0.0,0,-31,20,0.0,0.0,0.0,-5.52,NEUTRAL,MEDIUM,EMA20<EMA50 -15 | Giá -5%<EMA200 (downtrend dài hạn) -5 | ST=20.75 bullish +5 | MACD hist=-0.05<0 -10 | Stoch K=88.55 overbought -5 | CMF=0.13 inflow (overbought) -8 | MFI=77.99 strong inflow +6 | OBV divergence -4 | BB pos=1.0 near upper (overbought) -5 | AskWall x3 mức ≥5K cp -3 | BidWall x3 mức ≥5K cp +2 | FF net trung tính (intensity=+0.08) +0 | FF flow tăng tốc (trend+accel cùng dương) +5 | PE=5.07 very cheap +10 | PB=1.27 fair +3 | ROE=26.0% excellent +5 | D/E=1.132 moderate 0 | CFO>0 real cash +5 | RevG-YoY=35.7% strong +5 | ProfitG-YoY=-5.7% slight decline -1 | Market FAIR+giam sau -4,-5.52,v2.3,[],1.0,4,-3,3,0,0,3,-6,0,-1,0,0,0,3,3,0,2,1,-3,"RS=1.11(▲) +4 | 52W_hi=-25.8% -3 | LinReg_slope=+3.5%/5d +3 | Aroon=+86(▲) +3 | ROC10=+6.3% +3 | Williams%R=-17.5 -3 | NR=N compress=0.78 +0 | AD_slope20d=+8.2% +2 | EFI=+257,648 +1 | AskWall≤2%@22.0(39K) -2 | BidWall≤2%@21.8(42K) +2 → +0 | FFroom=39.6% +3 | FairVal=-59%(PE×EPS=13728) -6 | EPScons=-1qtrs -1 | PropTrade=+0.2tỷ(5d) +0",0,0.0,-0.15,-0.52,-0.12,-0.62,0.0,-0.14,0.3,0.41,0.5,0.2,-0.44,0.2,0.13,0.1,0.08,0.11,0.08,0.05,0.06,-1.13,-250.0,16.58,CONTENTION,BIMODAL,0.51,0.49,1.5,932.0,810,Retail,367,405.0,372900,365500.0,1768.62,1793.46,1782.83,-0.51,-1.83,-3.47,DEEP_DOWN,12.24,1.99,12.8,62.2,FAIR,NGUYEN_LIEU_NANG_LUONG,0.77,0.69,0.56,0.66,0.19,0.31,16.58,VUA,2026-10-01 14:15,,VALUE_OPPORTUNITY
NVL,LOSER,HSX,2026-10-01 14:14,2026-10-01,14:14,10.15,realtime,126800.0,183600.0,-56800.0,0.41,10150.0,251900.0,10200.0,394000.0,10100.0,925100.0,10250.0,217800.0,10050.0,560200.0,10300.0,314400.0,12M,10.15,11.77,12.41,27.21,11.67,12.92,-5.16,-13.76,-21.44,20.14,-0.62,-0.24,-0.38,10.95,7.0,10.21,12.01,13.8,0.5,0.0,4.93,-63938046.0,0.05,31.7,10.81,-10.61,-50.0,13.3,9.6,-297957799.71,5.93,-3465204.37,-84.29,0.59,10779800.0,18416023.0,19.39,9.23,-18.21,-22.22,2026-10-01,False,0,True,0.0,49.0,1082594029.0,1177013306.0,58.4,123.03,-64.63,49.01,-0.03,0.39,-15.65,-189212000.0,-189212000.0,,2.0,0.0,2.0,nan,2026-Q2,5.51,0.58,9.0,2.0,375.0,,,0.0,65.0,52.0,0.55,,25.55,1509144123.23,391913920.02,968882092.21,1220019713.98,375.0,-0.58,0.08,-0.22,7.03,1,258658019926.51,65237918524.07,193420101402.44,30482394449.16,42428586834.61,2.96,-6145392030.0,266367225.19,,-5879024804.81,-3.52,3,15,-10,-2,Bất động sản,8600,Novaland,Công ty Cổ phần Tập đoàn Đầu tư Địa ốc No Va,-4.3,-1.46,-4619565000.0,110039290000.0,-0.04,0.93,-2,False,False,0,Bán,FAIR,-30,13,-2,5,-3,-1,-10,13,0,2,-4,0.0,0,-25,9,0.0,0.0,0.0,-12.34,SELL,MEDIUM,EMA20<EMA50 -15 | Giá -21%<EMA200 (downtrend dài hạn) -5 | ADX=27.21 mạnh + giá<EMA200 (downtrend xác nhận) -5 | ST=11.67 bearish -5 | RSI=20.14 oversold +15 | MACD hist=-0.38<0 -10 | Stoch K=10.95 oversold +5 | Stoch K>7.0 cross up +3 | MFI=31.7 weak -6 | OBV confirms trend +4 | BB pos=0.0 near lower (oversold) +5 | OF pattern=WEAK -3 | AskWall x3 mức ≥5K cp -3 | BidWall x3 mức ≥5K cp +2 | FF net sell intensity=-0.36 -5 | FF flow giảm tốc (trend+accel cùng âm) -5 | PE=5.51 very cheap +10 | PB=0.58 below book +5 | D/E=2.965 high -2 | CFO=-6145392029996 (sector-skip) 0 | RevG-YoY=-22.1% declining -3 | ProfitG-YoY=703.4% strong +5 | Market FAIR+giam sau -4,-12.34,v2.3,[],1.0,-4,-3,-3,3,0,3,-6,0,0,0,-3,0,-3,-2,0,2,-1,3,"RS=0.81(▼) -4 | 52W_hi=-47.7% -3 | LinReg_slope=-10.6%/5d -3 | Aroon=-50(▼) -2 | ROC10=-18.2% -3 | Williams%R=-84.3 +3 | NR=Y compress=0.49 +3 | AD_slope20d=+5.9% +2 | EFI=-3,465,204 -1 | AskWall≤2%@10.2(394K) -2 | BidWall≤2%@10.1(925K) +2 → +0 | FFroom=45.1% +3 | FairVal=-108%(PE×EPS=4875) -6 | EPScons=1qtrs +0 | PropTrade=-0.2tỷ(5d) +0 | Insider=B0/S2(90d) net=-2 -3",-3,-0.15,-0.79,0.45,-0.04,1.0,-0.3,-0.14,-0.26,0.24,0.0,0.13,-0.44,0.2,0.13,0.1,0.08,0.11,0.08,0.05,0.06,-0.49,-50.0,109.79,WEAK,BIMODAL,0.27,0.73,-70.3,2762.0,3891,Mixed,1603,2197.0,2878800,7630900.0,1768.62,1793.46,1782.83,-0.51,-1.83,-3.47,DEEP_DOWN,12.24,1.99,12.8,62.2,FAIR,BAT_DONG_SAN,0.61,0.65,0.15,0.38,0.5,0.29,109.79,LON,2026-10-01 14:15,,
OCB,GAINER,HSX,2026-10-01 14:14,2026-10-01,14:14,10.15,realtime,137800.0,315800.0,-178000.0,0.3,10100.0,247100.0,10150.0,81300.0,10050.0,255900.0,10200.0,128000.0,10000.0,398600.0,10250.0,66200.0,12M,10.1,10.32,10.46,24.31,10.63,10.43,-1.34,-2.13,-3.16,35.89,-0.13,-0.02,-0.11,19.27,17.03,9.99,10.28,10.56,0.18,0.19,1.78,17493686.0,-0.36,50.73,10.19,-0.01,-42.86,11.0,9.96,-3964354.65,-144.45,-48909.14,-78.13,0.4,768100.0,1909050.0,11.96,9.04,-2.42,-7.34,2026-10-01,False,0,True,0.0,22.0,87071187.0,673752227.0,6.08,6.29,-0.21,-70.16,1.07,0.39,3.86,-1500740000.0,-2027073000.0,0.01,0.0,0.0,0.0,,2026-Q2,6.92,0.86,13.0,1.0,0.0,,,0.0,66.0,35.0,0.0,,0.0,3205362002.18,,972933237.07,2151161142.21,0.0,0.18,-0.0,0.21,0.23,1,351741185154.31,35821888904.8,315919296249.52,,,8.82,17111680373.6,-490228459.5,-1714049094.0,16621451914.1,4.27,27,15,10,2,Ngân hàng,8300,Ngân hàng Phương Đông,Ngân hàng Thương mại Cổ phần Phương Đông,-4.3,-1.46,-1663585000.0,7786270000.0,-0.21,0.93,-4,False,False,0,,FAIR,-23,-2,1,5,-3,-1,5,15,0,10,-4,0.0,0,-26,25,0.0,0.0,0.0,-6.26,NEUTRAL,MEDIUM,EMA20<EMA50 -15 | Giá -3%<EMA200 (dưới xu hướng) -3 | ST=10.63 bearish -5 | MACD hist=-0.11<0 -10 | Stoch K=19.27 oversold +5 | Stoch K>17.03 cross up +3 | CMF=-0.36 outflow (oversold) +8 | OBV divergence -4 | Vol=0.4x avg weak -3 | BB pos=0.19 near lower (oversold) +5 | OF pattern=WEAK -3 | AskWall x3 mức ≥5K cp -3 | BidWall x3 mức ≥5K cp +2 | FF net trung tính (intensity=-0.02) +0 | FF flow tăng tốc (trend+accel cùng dương) +5 | PE=6.92 very cheap +10 | PB=0.86 below book +5 | ROE=13.0% neutral 0 | CFO=17111680373603 (sector-skip) 0 | RevG-YoY=21.3% strong +5 | ProfitG-YoY=22.7% strong +5 | Market FAIR+giam sau -4,-6.26,v2.3,[],1.0,0,0,-1,1,0,-7,0,0,0,-2,0,0,0,-2,0,-2,-1,1,"RS=0.97(─) +0 | 52W_hi=-15.1% +0 | LinReg_slope=-0.0%/5d +0 | Aroon=-43(▼) -2 | ROC10=-2.4% -1 | Williams%R=-78.1 +1 | NR=N compress=0.68 +1 | AD_slope20d=-144.4% -2 | EFI=-48,909 -1 | AskWall≤2%@10.2(128K) -2 | BidWall≤2%@10.1(256K) +2 → +0 | FFroom=2.8% -7 | EPScons=1qtrs +0 | PropTrade=-1.5tỷ(5d) -2",-2,-0.1,-0.47,-0.07,-0.08,0.75,-0.3,-0.14,-0.07,0.52,0.0,0.67,-0.44,0.2,0.13,0.1,0.08,0.11,0.08,0.05,0.06,,,,WEAK,NORMAL,0.28,0.72,-20.7,1931.0,334,Mixed,125,199.0,181600,458500.0,1768.62,1793.46,1782.83,-0.51,-1.83,-3.47,DEEP_DOWN,12.24,1.99,12.8,62.2,FAIR,NGAN_HANG,0.56,0.64,0.42,0.81,0.5,0.89,,,2026-10-01 14:15,,
PAN,LOSER,HSX,2026-10-01 14:14,2026-10-01,14:14,18.4,realtime,36000.0,185000.0,-149000.0,0.16,18400.0,1900.0,18450.0,3200.0,18300.0,8200.0,18500.0,2200.0,18250.0,8600.0,18550.0,3300.0,12M,18.4,18.63,19.6,43.24,19.08,21.6,-4.95,-1.23,-14.81,40.37,-0.4,0.07,-0.47,43.48,31.23,17.97,18.48,18.98,0.44,0.42,2.39,11130645.0,-0.1,50.06,18.24,0.72,-50.0,19.65,17.8,-9972623.62,-9.48,5207.85,-47.83,0.84,375800.0,445385.0,26.62,17.8,-1.87,-4.17,2026-10-01,False,0,True,0.0,49.0,72122506.0,126455768.0,4.06,9.84,-5.78,-24.76,0.06,0.06,0.22,2014225000.0,553745000.0,0.17,0.0,0.0,0.0,,2026-Q2,3.89,0.86,22.0,7.0,211.0,,,16.0,21.0,10.0,1.22,,6.22,3613405046.09,792548700.85,182120025.51,397280094.7,211.0,-0.04,-0.69,-0.1,0.31,1,16656986625.23,9092827779.63,7564158845.6,3886935840.02,341272537.71,0.83,9054816926.39,-1067529365.54,,7987287560.85,13.46,24,18,10,-4,Thực phẩm và đồ uống,3500,Tập đoàn PAN,Công ty Cổ phần Tập đoàn PAN,-4.3,-1.46,-2128855000.0,6945380000.0,-0.31,0.93,-4,False,False,0,,FAIR,-30,-2,-4,0,0,3,-5,20,10,2,-4,0.0,0,-42,29,0.0,0.0,0.0,-4.25,NEUTRAL,MEDIUM,EMA20<EMA50 -15 | Giá -15%<EMA200 (downtrend dài hạn) -5 | ADX=43.24 mạnh + giá<EMA200 (downtrend xác nhận) -5 | ST=19.08 bearish -5 | RSI=40.37 neutral +5 | MACD hist=-0.47<0 -10 | Stoch K>31.23 cross up +3 | OBV divergence -4 | AskClear (no wall) +1 | BidWall x2 mức ≥5K cp +2 | FF net sell intensity=-0.42 (5d/20d aligned) -10 | FF flow tăng tốc (trend+accel cùng dương) +5 | PE=3.89 very cheap +10 | PB=0.86 below book +5 | ROE=22.0% excellent +5 | D/E=0.832 healthy +1 | CFO>0 real cash +5 | CF quality=13.46 high +5 | RevG-YoY=-10.3% declining -3 | ProfitG-YoY=31.0% strong +5 | Market FAIR+giam sau -4,-4.25,v2.3,[],1.0,0,-3,0,0,3,0,-6,3,0,5,0,0,0,-2,0,-2,1,0,"RS=1.00(─) +0 | 52W_hi=-30.9% -3 | LinReg_slope=+0.7%/5d +0 | Aroon=-50(▼) -2 | ROC10=-1.9% +0 | Williams%R=-47.8 +0 | NR=N compress=1.08 +0 | AD_slope20d=-9.5% -2 | EFI=+5,208 +1 | AskClear +1 | BidWall≤2%@18.2(9K) +2 → +3 | FFroom=27.9% +0 | FairVal=-571%(PE×EPS=2743) -6 | DivYield=16.0% +3 | EPScons=1qtrs +0 | PropTrade=+2.0tỷ(5d) +5",5,0.25,-0.66,-0.07,-0.2,0.0,0.0,0.86,-0.19,0.59,1.0,0.13,-0.44,0.2,0.13,0.1,0.08,0.11,0.08,0.05,0.06,-0.54,-100.0,6.95,CONTENTION,BIMODAL,0.32,0.68,-5.0,852.0,441,Retail,196,239.0,119100,253900.0,1768.62,1793.46,1782.83,-0.51,-1.83,-3.47,DEEP_DOWN,12.24,1.99,12.8,62.2,FAIR,TIEU_DUNG_DICH_VU,0.85,0.76,0.1,0.42,0.88,0.5,6.95,NHO,2026-10-01 14:15,,VALUE_OPPORTUNITY
PC1,LOSER,HSX,2026-10-01 14:14,2026-10-01,14:14,20.1,realtime,37000.0,231200.0,-194200.0,0.14,20100.0,19500.0,20150.0,17400.0,20050.0,60800.0,20200.0,17800.0,20000.0,102300.0,20300.0,2600.0,12M,20.15,20.49,20.66,13.58,21.41,21.99,-0.82,-1.66,-8.37,44.92,-0.02,0.01,-0.04,46.67,49.17,19.67,20.41,21.15,0.56,0.33,2.78,66423854.0,0.17,50.55,20.6,0.52,50.0,21.45,19.45,-61378784.09,7.96,86208.57,-65.0,0.6,927500.0,1556510.0,32.2,16.65,0.5,-0.49,2026-10-01,False,0,True,0.0,50.0,171328211.0,205642671.0,9.91,15.44,-5.52,14.55,-0.08,0.56,-1.91,-5616120000.0,-5616120000.0,0.1,11.0,10.0,1.0,nan,2026-Q2,7.39,1.28,18.0,5.0,289.0,,,0.0,21.0,12.0,1.18,,6.98,2038227010.68,468030191.31,130181746.69,252277854.3,289.0,-0.06,-0.28,-0.31,-0.08,-1,24845883933.47,9126778048.44,15719105885.03,5262866577.08,6953301015.89,1.72,2272718206.89,-1474000701.34,,798717505.55,2.18,22,16,10,-4,Xây dựng và Vật liệu,2300,Tập đoàn PC1,Công ty Cổ phần Tập đoàn PC1,-4.3,-1.46,-4454620000.0,18762215000.0,-0.24,0.93,-4,False,False,0,Mua,FAIR,-25,-8,-12,0,-3,-1,-10,16,10,-4,-4,0.0,0,-45,15,0.0,0.0,0.0,-20.14,SELL,MEDIUM,EMA20<EMA50 -15 | Giá -9%<EMA200 (downtrend dài hạn) -5 | ST=21.41 bearish -5 | RSI=44.92 neutral +5 | MACD hist=-0.04<0 -10 | Stoch K<49.17 cross down -3 | CMF=0.17 inflow (overbought) -8 | OBV divergence -4 | OF pattern=WEAK -3 | AskWall x2 mức ≥5K cp -3 | BidWall x3 mức ≥5K cp +2 | FF net sell intensity=-0.22 -5 | FF flow giảm tốc (trend+accel cùng âm) -5 | PE=7.39 very cheap +10 | PB=1.28 fair +3 | ROE=18.0% good +3 | D/E=1.722 moderate 0 | CFO>0 real cash +5 | CF quality=2.18 high +5 | RevG-YoY=-30.6% declining -3 | ProfitG-YoY=-8.2% slight decline -1 | Market FAIR+giam sau -4 | CONFLUENCE bear (6/10 groups) -5,-20.14,v2.3,[],1.0,0,-3,0,0,0,3,-6,0,-1,-10,5,0,0,2,0,2,1,1,"RS=1.04(─) +0 | 52W_hi=-37.6% -3 | LinReg_slope=+0.5%/5d +0 | Aroon=+50(▲) +2 | ROC10=+0.5% +0 | Williams%R=-65.0 +1 | NR=N compress=0.84 +0 | AD_slope20d=+8.0% +2 | EFI=+86,209 +1 | AskWall≤2%@20.2(18K) -2 | BidWall≤2%@20.0(102K) +2 → +0 | FFroom=41.7% +3 | FairVal=-435%(PE×EPS=3757) -6 | EPScons=-1qtrs -1 | PropTrade=-5.6tỷ(5d) -10 | Insider=B10/S1(90d) net=+9 +5",-5,-0.25,-0.49,-0.24,-0.36,0.0,-0.3,-0.14,-0.26,0.34,1.0,-0.33,-0.44,0.2,0.13,0.1,0.08,0.11,0.08,0.05,0.06,-2.89,-600.0,18.73,WEAK,BIMODAL,0.13,0.87,-41.3,1041.0,891,Mixed,149,718.0,115500,787500.0,1768.62,1793.46,1782.83,-0.51,-1.83,-3.47,DEEP_DOWN,12.24,1.99,12.8,62.2,FAIR,CONG_NGHIEP,0.63,0.61,0.43,0.2,0.7,0.1,18.73,VUA,2026-10-01 14:15,,VALUE_OPPORTUNITY
PDR,LOSER,HSX,2026-10-01 14:14,2026-10-01,14:14,10.95,realtime,145000.0,252400.0,-107400.0,0.36,10950.0,111300.0,11000.0,43600.0,10900.0,127700.0,11050.0,28000.0,10850.0,161800.0,11100.0,42500.0,12M,11.0,11.58,12.18,23.77,12.01,15.65,-4.93,-5.01,-29.71,26.74,-0.27,-0.03,-0.24,44.62,44.11,11.0,11.62,12.23,0.36,0.0,3.27,-182237900.0,0.37,35.65,11.15,-1.51,-28.57,12.3,10.55,174569127.17,18.76,-188635.22,-67.86,0.63,2407300.0,3815865.0,27.0,10.4,-4.76,-10.2,2026-10-01,False,0,True,0.0,50.0,430073991.0,498904689.0,4.77,3.79,4.25,13.23,-0.1,0.44,0.12,276415000.0,276415000.0,,2.0,2.0,0.0,Nguyễn Văn Đạt,2026-Q2,18.17,0.89,5.0,2.0,74.0,,,0.0,63.0,60.0,0.76,,107.89,53510516.65,2340638.73,80578906.61,117093230.62,74.0,-0.49,-0.39,1.69,0.24,1,28607391103.27,12609849551.12,15997541552.15,2084714193.91,3161435842.95,1.27,-2975418118.1,1572252058.9,,-1403166059.2,-5.78,-8,8,-10,-6,Bất động sản,8600,BĐS Phát Đạt,Công ty Cổ phần Phát triển Bất động sản Phát Đạt,-4.3,-1.46,529010000.0,26596175000.0,0.02,0.93,0,False,False,0,Mua,FAIR,-25,8,-10,5,-3,-1,10,8,0,10,-4,0.0,0,-30,12,0.0,0.0,0.0,-3.06,NEUTRAL,MEDIUM,EMA20<EMA50 -15 | Giá -30%<EMA200 (downtrend dài hạn) -5 | ST=12.01 bearish -5 | RSI=26.74 oversold +15 | MACD hist=-0.24<0 -10 | Stoch K>44.11 cross up +3 | CMF=0.37 inflow (overbought) -8 | MFI=35.65 weak -6 | OBV confirms trend +4 | BB pos=0.0 near lower (oversold) +5 | OF pattern=WEAK -3 | AskWall x3 mức ≥5K cp -3 | BidWall x3 mức ≥5K cp +2 | FF net buy intensity=+0.50 (5d/20d aligned) +10 | PE=18.17 fair +3 | PB=0.89 below book +5 | D/E=1.269 moderate 0 | CFO=-2975418118104 (sector-skip) 0 | RevG-YoY=168.5% strong +5 | ProfitG-YoY=24.1% strong +5 | Market FAIR+giam sau -4 | CONFLUENCE bull (5/10 groups) +5,-3.06,v2.3,[],1.0,0,-5,-1,0,0,3,-6,0,0,0,3,0,-1,0,0,2,-1,1,"RS=0.94(─) +0 | 52W_hi=-59.4% -5 | LinReg_slope=-1.5%/5d -1 | Aroon=-29(─) +0 | ROC10=-4.8% -1 | Williams%R=-67.9 +1 | NR=N compress=0.77 +0 | AD_slope20d=+18.8% +2 | EFI=-188,635 -1 | AskWall≤2%@11.0(44K) -2 | BidWall≤2%@10.8(162K) +2 → +0 | FFroom=43.1% +3 | FairVal=-1038%(PE×EPS=962) -6 | EPScons=1qtrs +0 | PropTrade=+0.3tỷ(5d) +0 | Insider=B2/S0(90d) net=+2 +3",3,0.15,-0.58,0.28,-0.36,0.62,-0.3,-0.14,0.48,0.07,0.0,0.67,-0.44,0.2,0.13,0.1,0.08,0.11,0.08,0.05,0.06,-2.22,-250.0,26.44,WEAK,SKEWED_DOWN,0.25,0.75,-45.8,2323.0,981,Mixed,291,655.0,557000,1700800.0,1768.62,1793.46,1782.83,-0.51,-1.83,-3.47,DEEP_DOWN,12.24,1.99,12.8,62.2,FAIR,BAT_DONG_SAN,0.44,0.51,0.47,0.82,0.5,0.79,26.44,VUA,2026-10-01 14:15,,
PHR,LOSER,HSX,2026-10-01 14:14,2026-10-01,14:14,33.5,realtime,40400.0,73500.0,-33100.0,0.35,33550.0,1100.0,33600.0,12400.0,33500.0,2900.0,33650.0,1200.0,33450.0,6400.0,33700.0,5700.0,12M,33.55,32.47,32.65,15.11,34.14,32.69,-0.55,3.33,2.63,60.99,0.07,0.18,-0.11,69.33,58.66,30.71,32.42,34.12,0.91,0.83,2.71,8713159.0,-0.37,65.62,32.14,2.49,92.86,34.5,30.8,-15963960.02,-29.64,143509.14,-27.63,1.61,772200.0,479769.0,40.54,26.4,5.84,0.84,2026-10-01,False,0,True,-0.0,0.0,0.0,0.0,0.0,3.57,-3.57,-50.31,0.44,0.0,2.08,942860000.0,201960000.0,0.04,0.0,0.0,0.0,,2026-Q2,8.75,1.75,22.0,15.0,2687.0,,,0.0,28.0,48.0,4.67,,16.79,406315433.39,138929014.63,364112166.41,188919220.64,2687.0,-0.13,0.3,0.1,3.0,1,6993320829.36,4861996488.9,2131324340.47,160000000.0,0.0,0.44,615847758.22,-27664787.34,,588182970.88,1.29,30,18,10,2,Hóa chất,1300,Cao su Phước Hòa,Công ty Cổ phần Cao su Phước Hòa,-4.3,-1.46,-23750000.0,26257740000.0,-0.0,0.93,0,False,False,0,,FAIR,-17,-7,13,-5,0,-2,-5,19,10,8,-4,0.0,0,-11,37,0.0,0.0,0.0,4.34,NEUTRAL,MEDIUM,"EMA20<EMA50 -15 | Giá 2%>EMA200 (trên xu hướng) +3 | ST=34.14 bearish -5 | MACD hist=-0.11<0 -10 | Stoch K>58.66 cross up +3 | CMF=-0.37 outflow (oversold) +8 | MFI=65.62 strong inflow +6 | OBV divergence -4 | Vol=1.61x avg elevated +3 | BB pos=0.83 near upper (overbought) -5 | AskWall x2 mức ≥5K cp -3 | BidWall 33.45 (6K cp, -0.1%) +1 | FF net sell intensity=-1.00 (5d/20d aligned) -10 | FF flow tăng tốc (trend+accel cùng dương) +5 | PE=8.75 very cheap +10 | PB=1.75 fair +3 | ROE=22.0% excellent +5 | D/E=0.438 healthy +1 | CFO>0 real cash +5 | CF quality=1.29 high +5 | RevG-YoY=10.4% good +3 | ProfitG-YoY=300.3% strong +5 | Market FAIR+giam sau -4",4.34,v2.3,[],1.0,0,0,3,0,0,0,0,0,0,2,0,0,1,3,0,-2,1,-1,"RS=1.05(─) +0 | 52W_hi=-17.4% +0 | LinReg_slope=+2.5%/5d +1 | Aroon=+93(▲) +3 | ROC10=+5.8% +3 | Williams%R=-27.6 -1 | NR=N compress=1.25 +0 | AD_slope20d=-29.6% -2 | EFI=+143,509 +1 | AskWall≤2%@33.6(12K) -2 | BidWall≤2%@33.5(6K) +2 → +0 | FFroom=-10.2%(no cap) +0 | FairVal=+4%(PE×EPS=34931) +0 | EPScons=1qtrs +0 | PropTrade=+0.9tỷ(5d) +2",2,0.1,-0.25,-0.17,0.48,-0.62,0.0,-0.29,-0.19,0.66,1.0,0.53,-0.44,0.2,0.13,0.1,0.08,0.11,0.08,0.05,0.06,-0.15,-50.0,26.16,CONTENTION,BIMODAL,0.46,0.54,28.2,724.0,1054,Retail,494,546.0,348700,403700.0,1768.62,1793.46,1782.83,-0.51,-1.83,-3.47,DEEP_DOWN,12.24,1.99,12.8,62.2,FAIR,NGUYEN_LIEU_NANG_LUONG,0.68,0.59,0.44,0.34,0.62,0.5,26.16,VUA,2026-10-01 14:15,,
PLX,GAINER,HSX,2026-10-01 14:14,2026-10-01,14:14,36.5,realtime,75000.0,160100.0,-85100.0,0.32,36550.0,8400.0,36600.0,5400.0,36500.0,10000.0,36650.0,12500.0,36450.0,18200.0,36700.0,20800.0,12M,36.55,36.18,36.11,14.51,34.58,38.31,0.19,1.02,-4.59,52.54,-0.0,-0.09,0.08,34.0,28.44,34.29,36.17,38.04,1.27,0.6,3.47,63765298.0,-0.2,47.41,36.3,-0.3,-50.0,39.5,34.5,-91662484.41,-29.28,976287.06,-59.0,1.29,6639600.0,5152295.0,67.96,30.8,-3.31,0.97,2026-10-01,False,0,True,0.0,20.0,74919075.0,258775616.0,62.21,61.76,0.45,75.39,-0.73,0.5,-4.1,-1354855000.0,5899500000.0,-0.23,0.0,0.0,0.0,,2026-Q2,14.09,1.78,12.0,3.0,0.0,,,0.0,5.0,1.0,0.7,,8.79,136046295505.03,7554485474.19,2799686278.49,3362537582.46,0.0,0.38,4.67,0.78,1.05,1,88455650260.01,29216885562.62,59238764697.38,10076312826.39,614322252.89,2.03,3990368093.76,-7318982155.22,,-3328614061.47,1.49,30,10,10,10,Dầu khí,0500,Petrolimex,Tập đoàn Xăng dầu Việt Nam,-4.3,-1.46,49811685000.0,245446785000.0,0.2,0.93,4,True,False,3,,FAIR,17,18,12,0,0,-1,-5,8,10,10,-4,0.0,0,40,28,0.0,0.0,0.0,21.45,NEUTRAL,HIGH,EMA20>EMA50 +15 | Giá -5%<EMA200 (dưới xu hướng) -3 | ST=34.58 bullish +5 | RSI=52.54 neutral +5 | MACD hist=0.08>0 +10 | Stoch K>28.44 cross up +3 | CMF=-0.2 outflow (oversold) +8 | OBV confirms trend +4 | AskWall x3 mức ≥5K cp -3 | BidWall x3 mức ≥5K cp +2 | FF net trung tính (intensity=+0.00) +0 | FF flow giảm tốc (trend+accel cùng âm) -5 | PE=14.09 cheap +7 | PB=1.78 fair +3 | ROE=12.0% neutral 0 | D/E=2.028 high -2 | CFO>0 real cash +5 | CF quality=1.49 high +5 | RevG-YoY=77.8% strong +5 | ProfitG-YoY=104.9% strong +5 | Market FAIR+giam sau -4 | CONFLUENCE bull (6/10 groups) +5,21.45,v2.3,[],1.0,0,-3,-1,0,0,-3,0,0,0,-2,0,0,0,-2,0,-2,1,0,"RS=1.06(─) +0 | 52W_hi=-46.3% -3 | LinReg_slope=-0.3%/5d +0 | Aroon=-50(▼) -2 | ROC10=-3.3% -1 | Williams%R=-59.0 +0 | NR=N compress=2.10 +0 | AD_slope20d=-29.3% -2 | EFI=+976,287 +1 | AskWall≤2%@36.7(21K) -2 | BidWall≤2%@36.5(18K) +2 → +0 | FFroom=5.8% -3 | EPScons=1qtrs +0 | PropTrade=-1.4tỷ(5d) -2",-2,-0.1,0.23,0.59,0.44,0.0,0.0,-0.14,-0.3,0.28,1.0,0.67,-0.44,0.2,0.13,0.1,0.08,0.11,0.08,0.05,0.06,2.53,900.0,244.8,CONTENTION,BIMODAL,0.61,0.39,79.4,1086.0,6100,Mixed,3543,2464.0,3982900,2577600.0,1768.62,1793.46,1782.83,-0.51,-1.83,-3.47,DEEP_DOWN,12.24,1.99,12.8,62.2,FAIR,NGUYEN_LIEU_NANG_LUONG,0.37,0.2,0.75,0.34,0.62,0.78,244.8,LON,2026-10-01 14:15,,CONSENSUS_BULL
PNJ,LOSER,HSX,2026-10-01 14:14,2026-10-01,14:14,24.75,realtime,113800.0,0.0,113800.0,1.0,,0.0,24750.0,26629500.0,0.0,0.0,24800.0,44300.0,0.0,0.0,24850.0,7200.0,12M,24.75,33.63,38.49,28.81,29.97,54.59,-12.63,-26.4,-54.66,16.97,-2.98,-1.15,-1.83,0.0,0.32,26.76,34.93,43.1,1.78,0.0,7.19,-97969459.0,-0.27,24.19,28.95,-15.45,-100.0,41.6,26.6,-35303110.22,-161.52,-3653475.48,-100.0,0.38,1647100.0,4317015.0,84.67,24.75,-32.65,-37.81,2026-10-01,False,0,True,0.0,49.0,14321776.0,250826843.0,67.85,213.77,-145.92,93.85,-2.34,0.39,-34.4,619835000.0,-1839035000.0,0.45,20.0,13.0,7.0,Cao Ngọc Duy,2026-Q2,5.56,1.01,18.0,12.0,-2631.0,,,0.0,16.0,6.0,0.53,,5.43,8463965847.11,-666831550.13,-738875532.47,-1021408460.47,-2631.0,-0.51,-1.5,0.12,-2.69,-1,21595833814.32,13456531361.47,8139302452.85,3989128051.25,0.0,0.6,18890403.84,-893788030.06,,-874897626.22,0.01,10,16,0,-6,Hàng cá nhân & Gia dụng,3700,Vàng Phú Nhuận,Công ty Cổ phần Vàng bạc Đá quý Phú Nhuận,-4.3,-1.46,-40270353750.0,40788000000.0,-0.99,0.93,-4,False,True,-3,Bán,FAIR,-30,10,3,5,-3,-4,-10,17,0,0,-4,0.0,0,-41,16,0.0,0.0,0.0,-21.43,SELL,MEDIUM,EMA20<EMA50 -15 | Giá -55%<EMA200 (downtrend dài hạn) -5 | ADX=28.81 mạnh + giá<EMA200 (downtrend xác nhận) -5 | ST=29.97 bearish -5 | RSI=16.97 oversold +15 | MACD hist=-1.83<0 -10 | Stoch K=0.0 oversold +5 | CMF=-0.27 outflow (oversold) +8 | MFI=24.19 weak -6 | OBV confirms trend +4 | Vol=0.38x avg weak -3 | BB pos=0.0 near lower (oversold) +5 | OF pattern=WEAK -3 | AskWall x3 mức ≥5K cp -3 | NoBidWall -1 | FF net sell intensity=-0.52 -5 | FF flow giảm tốc (trend+accel cùng âm) -5 | PE=5.56 very cheap +10 | PB=1.01 fair +3 | ROE=18.0% good +3 | D/E=0.605 healthy +1 | CFO>0 real cash +5 | CF quality=0.01 low -5 | RevG-YoY=11.6% good +3 | ProfitG-YoY=-269.1% declining -3 | Market FAIR+giam sau -4,-21.43,v2.3,[],1.0,-8,-5,-3,0,-3,-7,0,0,-1,2,5,0,-3,-3,-2,-2,-3,3,"RS=0.65(▼) -8 | 52W_hi=-70.8% -5 | LinReg_slope=-15.4%/5d -3 | Aroon=-100(▼) -3 | Donch_BD↓(<26.60) -2 | ROC10=-32.6% -3 | Williams%R=-100.0 +3 | AD_slope20d=-161.5% -2 | EFI=-3,653,475 -3 | AskWall≤2%@24.8(44K) -2 | NoBidWall -1 → -3 | FFroom=2.8% -7 | EPScons=-1qtrs -1 | PropTrade=+0.6tỷ(5d) +2 | Insider=B13/S7(90d) net=+6 +5",7,0.35,-0.96,0.34,-0.08,0.62,-0.3,-1.0,-0.63,0.59,0.0,-0.07,-0.44,0.2,0.13,0.1,0.08,0.11,0.08,0.05,0.06,-6.95,-1850.0,40.61,WEAK,INSUFFICIENT_DATA,1.0,0.0,-40.1,826.0,1970,Retail,1423,,1057500,,1768.62,1793.46,1782.83,-0.51,-1.83,-3.47,DEEP_DOWN,12.24,1.99,12.8,62.2,FAIR,TIEU_DUNG_DICH_VU,0.79,0.75,0.1,0.17,0.33,0.25,40.61,VUA,2026-10-01 14:15,,VALUE_OPPORTUNITY
POW,LOSER,HSX,2026-10-01 14:14,2026-10-01,14:14,12.9,realtime,54300.0,457600.0,-403300.0,0.11,12850.0,495200.0,12900.0,256500.0,12800.0,349400.0,12950.0,108200.0,12750.0,191900.0,13000.0,274100.0,12M,12.9,12.8,13.1,27.76,13.27,13.18,-2.29,0.78,-2.12,50.8,-0.12,0.07,-0.19,70.81,65.96,12.35,12.69,13.03,0.3,0.81,2.33,46946581.0,-0.21,69.95,12.68,1.78,85.71,13.3,12.05,-273637581.28,-10.14,665386.04,-32.0,0.5,3099000.0,6205035.0,16.85,10.66,2.38,-0.39,2026-10-01,False,0,True,0.0,50.0,1414226948.0,1533922844.0,62.99,20.32,42.68,18.02,1.3,0.5,7.53,-3165430000.0,-9692330000.0,0.23,0.0,0.0,0.0,,2026-Q2,6.34,0.97,16.0,6.0,1143.0,,,0.0,18.0,13.0,1.31,,6.55,20306310663.57,4585823309.09,3375345135.45,3920481387.04,1143.0,0.65,1.81,1.16,4.6,1,105925401450.95,44300254359.86,61625147091.09,18972798923.69,19227399863.85,1.39,2094206476.82,-12739016660.25,,-10644810183.42,0.86,33,18,5,10,"Điện, nước & xăng dầu khí đốt",7500,Điện lực Dầu khí Việt Nam,Tổng Công ty Điện lực Dầu khí Việt Nam - CTCP,-4.3,-1.46,-3723765900.0,40460040000.0,-0.09,0.93,-4,False,False,0,,FAIR,-28,-2,10,-5,-3,-1,15,18,5,10,-4,0.0,5,-28,36,0.0,0.0,0.0,8.14,NEUTRAL,MEDIUM,EMA20<EMA50 -15 | Giá -2%<EMA200 (dưới xu hướng) -3 | ADX=27.76 mạnh + giá<EMA200 (downtrend xác nhận) -5 | ST=13.27 bearish -5 | RSI=50.8 neutral +5 | MACD hist=-0.19<0 -10 | Stoch K>65.96 cross up +3 | CMF=-0.21 outflow (oversold) +8 | MFI=69.95 strong inflow +6 | OBV divergence -4 | BB pos=0.81 near upper (overbought) -5 | OF pattern=WEAK -3 | AskWall x3 mức ≥5K cp -3 | BidWall x3 mức ≥5K cp +2 | FF net buy intensity=+0.51 (5d/20d aligned) +10 | FF flow tăng tốc (trend+accel cùng dương) +5 | PE=6.34 very cheap +10 | PB=0.97 below book +5 | ROE=16.0% good +3 | D/E=1.391 moderate 0 | CFO>0 real cash +5 | RevG-YoY=116.1% strong +5 | ProfitG-YoY=460.3% strong +5 | Market FAIR+giam sau -4 | CONFLUENCE bull (5/10 groups) +5 | CONFLUENCE bull (5/11) +5,3.14,v2.3,[],1.0,0,-3,1,0,0,3,3,0,0,-5,0,0,1,3,0,-2,1,-1,"RS=1.04(─) +0 | 52W_hi=-23.4% -3 | LinReg_slope=+1.8%/5d +1 | Aroon=+86(▲) +3 | ROC10=+2.4% +1 | Williams%R=-32.0 -1 | NR=N compress=0.71 +0 | AD_slope20d=-10.1% -2 | EFI=+665,386 +1 | AskWall≤2%@13.0(274K) -2 | BidWall≤2%@12.8(495K) +2 → +0 | FFroom=46.1% +3 | FairVal=+13%(PE×EPS=14859) +3 | EPScons=1qtrs +0 | PropTrade=-3.2tỷ(5d) -5",-5,-0.25,-0.51,-0.07,0.36,-0.62,-0.3,-0.14,0.67,0.72,0.5,0.67,-0.44,0.2,0.13,0.1,0.08,0.11,0.08,0.05,0.06,-0.77,-100.0,39.84,WEAK,NORMAL,0.36,0.64,-60.1,1828.0,1615,Mixed,717,845.0,1047500,1863100.0,1768.62,1793.46,1782.83,-0.51,-1.83,-3.47,DEEP_DOWN,12.24,1.99,12.8,62.2,FAIR,NGUYEN_LIEU_NANG_LUONG,0.68,0.6,0.28,0.94,0.19,0.78,39.84,VUA,2026-10-01 14:15,,
PVD,GAINER,HSX,2026-10-01 14:14,2026-10-01,14:14,18.3,realtime,11800.0,103100.0,-91300.0,0.1,18300.0,91300.0,18400.0,40900.0,18250.0,55000.0,18450.0,69200.0,18200.0,110000.0,18500.0,58100.0,12M,18.3,18.76,18.8,15.48,19.81,18.28,-0.21,-2.45,0.11,44.2,-0.09,-0.1,0.01,30.14,29.23,17.93,18.84,19.76,0.64,0.2,3.5,222699016.0,-0.31,48.51,18.65,-1.71,-71.43,20.4,17.65,24095840.25,-59.82,-168509.73,-76.36,0.34,2026100.0,6012075.0,27.26,11.26,-4.94,-5.43,2026-10-01,False,0,True,0.0,50.0,388745224.0,464079095.0,33.99,13.96,20.03,-83.99,1.29,0.33,8.67,3119902000.0,7024558000.0,0.05,0.0,0.0,0.0,,2026-Q2,15.26,0.98,7.0,4.0,-91.0,,,0.0,18.0,8.0,1.3,,8.39,3036339428.94,545690051.7,163313932.04,263625264.96,-91.0,-0.11,-0.47,0.24,-0.32,-1,29801692068.49,17591960648.03,12209731420.46,1124457776.52,4350237923.54,0.69,1432040001.54,-2868617493.47,,-1436577491.93,1.38,12,8,10,-6,Dầu khí,0500,Khoan Dầu khí PVDrilling,Tổng Công ty Cổ phần Khoan và Dịch vụ khoan Dầu khí,-4.3,-1.46,-3044191000.0,37716820000.0,-0.08,0.93,-4,False,False,0,,FAIR,-17,18,1,0,-3,-1,10,9,10,2,-4,0.0,0,-9,20,0.0,0.0,0.0,9.39,NEUTRAL,MEDIUM,EMA20<EMA50 -15 | Giá 0%>EMA200 (trên xu hướng) +3 | ST=19.81 bearish -5 | RSI=44.2 neutral +5 | MACD hist=0.01>0 +10 | Stoch K>29.23 cross up +3 | CMF=-0.31 outflow (oversold) +8 | OBV divergence -4 | Vol=0.34x avg weak -3 | OF pattern=WEAK -3 | AskWall x3 mức ≥5K cp -3 | BidWall x3 mức ≥5K cp +2 | FF net buy intensity=+0.42 +5 | FF flow tăng tốc (trend+accel cùng dương) +5 | PE=15.26 fair +3 | PB=0.98 below book +5 | D/E=0.694 healthy +1 | CFO>0 real cash +5 | CF quality=1.38 high +5 | RevG-YoY=24.1% strong +5 | ProfitG-YoY=-31.9% declining -3 | Market FAIR+giam sau -4,9.39,v2.3,[],1.0,0,-3,-1,2,0,3,0,0,-1,5,0,0,-1,-3,0,-2,-1,1,"RS=0.99(─) +0 | 52W_hi=-32.9% -3 | LinReg_slope=-1.7%/5d -1 | Aroon=-71(▼) -3 | ROC10=-4.9% -1 | Williams%R=-76.4 +1 | NR=Y compress=0.61 +2 | AD_slope20d=-59.8% -2 | EFI=-168,510 -1 | AskWall≤2%@18.4(69K) -2 | BidWall≤2%@18.2(110K) +2 → +0 | FFroom=41.9% +3 | EPScons=-1qtrs -1 | PropTrade=+3.1tỷ(5d) +5",5,0.25,-0.45,0.62,-0.08,0.25,-0.3,-0.14,0.48,0.31,1.0,0.07,-0.44,0.2,0.13,0.1,0.08,0.11,0.08,0.05,0.06,0.55,100.0,36.93,WEAK,BIMODAL,0.46,0.54,-53.8,919.0,2069,Retail,848,1175.0,848700,1000000.0,1768.62,1793.46,1782.83,-0.51,-1.83,-3.47,DEEP_DOWN,12.24,1.99,12.8,62.2,FAIR,NGUYEN_LIEU_NANG_LUONG,0.51,0.42,0.44,0.81,0.62,0.19,36.93,VUA,2026-10-01 14:15,,
PVT,LOSER,HSX,2026-10-01 14:14,2026-10-01,14:14,23.7,realtime,150500.0,137000.0,13500.0,0.52,23700.0,8000.0,23750.0,35400.0,23650.0,19100.0,23800.0,118200.0,23600.0,26500.0,23850.0,102700.0,12M,23.75,22.69,21.32,43.21,21.31,19.66,6.43,4.67,20.8,60.32,0.96,0.03,0.93,71.02,76.28,20.13,22.6,25.07,0.97,0.73,4.08,91080091.0,0.01,61.63,24.35,3.1,85.71,25.05,19.9,-114641557.12,1.89,1914424.33,-44.07,0.82,6222700.0,7570610.0,29.73,14.95,5.09,16.14,2026-10-01,False,0,True,0.0,49.0,171984094.0,253290279.0,164.92,115.32,49.6,128.42,-0.75,0.56,2.79,2507515000.0,-2209635000.0,0.19,0.0,0.0,0.0,,2026-Q2,8.62,1.3,16.0,6.0,914.0,,,0.0,15.0,10.0,1.77,,4.45,5577324791.27,990022168.58,578711962.44,841576177.29,914.0,0.34,0.81,0.29,0.96,1,23064494841.18,12375161293.46,10689333547.72,1386961945.7,5621476526.02,0.86,3161225060.82,-3123382082.58,,37842978.23,3.05,36,16,10,10,Hàng & Dịch vụ Công nghiệp,2700,Vận tải Dầu khí PVTrans,Tổng Công ty Cổ phần Vận tải Dầu khí,-4.3,-1.46,-3011774400.0,149023525000.0,-0.02,0.93,-1,False,False,0,,FAIR,30,7,10,0,-3,-1,5,17,10,10,-4,0.0,5,56,31,0.0,0.0,0.0,40.54,BUY,HIGH,EMA20>EMA50 +15 | Giá 21%>EMA200 (uptrend dài hạn) +5 | ADX=43.21 mạnh + giá>EMA200 (uptrend xác nhận) +5 | ST=21.31 bullish +5 | MACD hist=0.93>0 +10 | Stoch K<76.28 cross down -3 | MFI=61.63 strong inflow +6 | OBV confirms trend +4 | OF pattern=WEAK -3 | AskWall x3 mức ≥5K cp -3 | BidWall x3 mức ≥5K cp +2 | FF net buy intensity=+0.18 (5d/20d aligned) +5 | PE=8.62 very cheap +10 | PB=1.3 fair +3 | ROE=16.0% good +3 | D/E=0.864 healthy +1 | CFO>0 real cash +5 | CF quality=3.05 high +5 | RevG-YoY=29.3% strong +5 | ProfitG-YoY=96.3% strong +5 | Market FAIR+giam sau -4 | CONFLUENCE bull (6/10 groups) +5 | CONFLUENCE bull (6/11) +5,35.54,v2.3,[],1.0,4,-3,3,0,0,3,-6,0,0,5,0,0,3,3,0,1,1,0,"RS=1.21(▲) +4 | 52W_hi=-20.3% -3 | LinReg_slope=+3.1%/5d +3 | Aroon=+86(▲) +3 | ROC10=+5.1% +3 | Williams%R=-44.1 +0 | NR=N compress=0.95 +0 | AD_slope20d=+1.9% +1 | EFI=+1,914,424 +1 | AskWall≤2%@23.8(118K) -2 | BidWall≤2%@23.6(26K) +2 → +0 | FFroom=33.3% +3 | FairVal=-99%(PE×EPS=11882) -6 | EPScons=1qtrs +0 | PropTrade=+2.5tỷ(5d) +5",5,0.25,0.7,0.34,0.48,0.0,-0.3,-0.14,0.3,0.38,1.0,0.67,-0.44,0.2,0.13,0.1,0.08,0.11,0.08,0.05,0.06,-0.21,-50.0,146.47,WEAK,BIMODAL,0.49,0.51,-29.6,1535.0,3959,Mixed,1843,2087.0,2965700,3086300.0,1768.62,1793.46,1782.83,-0.51,-1.83,-3.47,DEEP_DOWN,12.24,1.99,12.8,62.2,FAIR,CONG_NGHIEP,0.62,0.61,0.97,0.47,0.7,0.9,146.47,LON,2026-10-01 14:15,,CONSENSUS_BULL
REE,GAINER,HSX,2026-10-01 14:14,2026-10-01,14:14,47.5,realtime,62800.0,26200.0,36600.0,0.71,47800.0,500.0,47950.0,10100.0,47700.0,2100.0,48000.0,14000.0,47650.0,3700.0,48050.0,500.0,12M,47.95,46.49,46.7,21.68,45.09,50.74,-0.45,3.14,-5.5,62.27,0.35,0.23,0.12,80.14,62.77,44.27,46.16,48.05,0.94,0.97,1.96,-6955195.0,-0.0,74.11,47.31,1.74,92.86,48.45,44.85,-35376642.56,-0.1,245045.82,-15.07,0.82,325900.0,395810.0,64.52,42.5,5.85,5.97,2026-10-01,False,0,True,0.0,49.0,26805.0,305465527.0,8.13,5.14,2.99,17.38,-0.08,0.61,-0.37,108320000.0,-1099035000.0,-0.0,9.0,9.0,0.0,nan,2026-Q2,11.3,1.37,13.0,7.0,841.0,,,0.0,38.0,32.0,2.06,,8.92,2426396602.73,918517002.65,631294229.34,884608754.92,841.0,-0.02,-0.12,-0.03,0.01,1,41214397290.37,25677038583.3,15537358707.07,1280433074.28,8914624780.95,0.6,2710883355.36,-4555505567.81,,-1844622212.45,1.07,16,10,10,-4,"Điện, nước & xăng dầu khí đốt",7500,Cơ Điện Lạnh REE,Công ty Cổ phần Cơ điện Lạnh,-4.3,-1.46,651300750.0,15624400000.0,0.04,0.93,2,False,False,0,Mua,FAIR,-15,5,10,-5,-3,-4,0,11,10,0,-4,0.0,0,-1,15,0.0,0.0,0.0,-2.13,NEUTRAL,MEDIUM,EMA20<EMA50 -15 | Giá -6%<EMA200 (downtrend dài hạn) -5 | ST=45.09 bullish +5 | MACD hist=0.12>0 +10 | Stoch K=80.14 overbought -5 | MFI=74.11 strong inflow +6 | OBV confirms trend +4 | BB pos=0.97 near upper (overbought) -5 | OF pattern=WEAK -3 | AskWall x2 mức ≥5K cp -3 | NoBidWall -1 | FF net buy intensity=+0.23 (5d/20d aligned) +5 | FF flow giảm tốc (trend+accel cùng âm) -5 | PE=11.3 cheap +7 | PB=1.37 fair +3 | ROE=13.0% neutral 0 | D/E=0.605 healthy +1 | CFO>0 real cash +5 | CF quality=1.07 high +5 | RevG-YoY=-3.5% slight decline -1 | ProfitG-YoY=1.3% positive +1 | Market FAIR+giam sau -4,-2.13,v2.3,[],1.0,4,-3,3,0,-3,-7,-6,0,0,0,5,0,1,3,0,0,2,-3,"RS=1.11(▲) +4 | 52W_hi=-26.4% -3 | LinReg_slope=+1.7%/5d +1 | Aroon=+93(▲) +3 | ROC10=+5.8% +3 | Williams%R=-15.1 -3 | NR=N compress=0.90 +0 | AD_slope20d=-0.1% +0 | EFI=+245,046 +2 | AskWall≤2%@48.0(10K) -2 | NoBidWall -1 → -3 | FFroom=0.0% -7 | FairVal=-334%(PE×EPS=10933) -6 | EPScons=1qtrs +0 | PropTrade=+0.1tỷ(5d) +0 | Insider=B9/S0(90d) net=+9 +5",5,0.25,-0.19,0.17,0.48,-0.62,-0.3,-1.0,-0.26,0.17,1.0,0.0,-0.44,0.2,0.13,0.1,0.08,0.11,0.08,0.05,0.06,0.1,50.0,15.61,WEAK,BIMODAL,0.47,0.53,-45.8,565.0,568,Retail,273,278.0,148200,166500.0,1768.62,1793.46,1782.83,-0.51,-1.83,-3.47,DEEP_DOWN,12.24,1.99,12.8,62.2,FAIR,NGUYEN_LIEU_NANG_LUONG,0.57,0.47,0.56,0.53,0.62,0.06,15.61,VUA,2026-10-01 14:15,,
SAB,GAINER,HSX,2026-10-01 14:14,2026-10-01,14:14,43.45,realtime,28400.0,65300.0,-36900.0,0.3,43450.0,9500.0,43500.0,55400.0,43400.0,10800.0,43550.0,21200.0,43350.0,100.0,43600.0,41500.0,12M,43.5,44.12,44.5,16.73,45.21,44.11,-0.85,-1.41,-1.38,42.39,-0.47,-0.12,-0.35,8.36,9.25,42.93,44.2,45.48,0.74,0.22,1.7,-6703782.0,-0.31,42.68,43.31,-1.21,-64.29,45.8,42.9,-31634671.48,-9.65,-28669.76,-76.92,0.76,350600.0,462730.0,53.42,39.34,-1.81,-3.33,2026-10-01,False,0,True,0.0,100.0,528034648.0,1282562372.0,6.52,16.4,-9.88,-11.76,-0.17,0.33,-1.32,4561680000.0,17007845000.0,0.02,0.0,0.0,0.0,,2026-Q2,11.52,2.81,22.0,15.0,872.0,,,0.0,38.0,19.0,2.26,,9.94,6888032505.52,2663244304.34,1166782062.01,1534458420.32,872.0,0.07,-0.02,0.01,-0.03,-1,31722037063.56,21454838013.22,10267199050.35,200074406.71,167071638.96,0.48,3898884563.12,2428266891.65,,6327151454.77,0.88,17,12,5,0,Thực phẩm và đồ uống,3500,SABECO,Tổng Công ty Cổ phần Bia - Rượu - Nước Giải khát Sài Gòn,-4.3,-1.46,-1365200000.0,15705615000.0,-0.09,0.93,-4,False,False,0,,FAIR,-23,0,12,0,-3,-1,-15,13,5,0,-4,0.0,0,-20,11,0.0,0.0,0.0,-10.0,NEUTRAL,MEDIUM,EMA20<EMA50 -15 | Giá -1%<EMA200 (dưới xu hướng) -3 | ST=45.21 bearish -5 | RSI=42.39 neutral +5 | MACD hist=-0.35<0 -10 | Stoch K=8.36 oversold +5 | CMF=-0.31 outflow (oversold) +8 | OBV confirms trend +4 | OF pattern=WEAK -3 | AskWall x3 mức ≥5K cp -3 | BidWall x2 mức ≥5K cp +2 | FF net sell intensity=-0.43 (5d/20d aligned) -10 | FF flow giảm tốc (trend+accel cùng âm) -5 | PE=11.52 cheap +7 | PB=2.81 neutral 0 | ROE=22.0% excellent +5 | D/E=0.479 healthy +1 | CFO>0 real cash +5 | RevG-YoY=1.2% positive +1 | ProfitG-YoY=-3.4% slight decline -1 | Market FAIR+giam sau -4,-10.0,v2.3,[],1.0,0,0,0,0,0,3,-6,0,-1,5,0,0,-1,-3,0,-2,-1,1,"RS=1.01(─) +0 | 52W_hi=-18.7% +0 | LinReg_slope=-1.2%/5d -1 | Aroon=-64(▼) -3 | ROC10=-1.8% +0 | Williams%R=-76.9 +1 | NR=N compress=1.30 +0 | AD_slope20d=-9.7% -2 | EFI=-28,670 -1 | AskWall≤2%@43.5(55K) -2 | BidWall≤2%@43.4(11K) +2 → +0 | FFroom=41.2% +3 | FairVal=-283%(PE×EPS=11336) -6 | EPScons=-1qtrs -1 | PropTrade=+4.6tỷ(5d) +5",5,0.25,-0.51,0.03,0.36,0.0,-0.3,-0.14,-0.44,0.24,0.5,-0.07,-0.44,0.2,0.13,0.1,0.08,0.11,0.08,0.05,0.06,1.4,600.0,14.98,WEAK,BIMODAL,0.59,0.41,-22.8,426.0,790,Retail,547,234.0,197500,136100.0,1768.62,1793.46,1782.83,-0.51,-1.83,-3.47,DEEP_DOWN,12.24,1.99,12.8,62.2,FAIR,TIEU_DUNG_DICH_VU,0.59,0.61,0.33,0.03,0.6,0.25,14.98,NHO,2026-10-01 14:15,,
SBT,LOSER,HSX,2026-10-01 14:14,2026-10-01,14:14,22.6,realtime,132500.0,190700.0,-58200.0,0.41,22550.0,1400.0,22600.0,15000.0,22500.0,8500.0,22650.0,7200.0,22450.0,23200.0,22700.0,12500.0,12M,22.55,22.79,22.46,16.2,23.65,22.28,1.47,-1.05,1.21,45.64,0.03,-0.07,0.1,46.23,48.48,22.51,22.86,23.21,0.38,0.05,1.69,1147693.0,0.21,40.94,22.7,-0.3,21.43,23.45,22.25,72175765.34,7.58,-24675.41,-71.43,0.85,1006300.0,1190765.0,26.04,19.15,-1.96,-1.31,2026-10-01,False,0,True,0.0,100.0,712811807.0,928026375.0,13.43,8.02,251.0,727.34,1.76,0.72,9.79,-2639820000.0,-2639820000.0,,15.0,13.0,2.0,Nguyễn Thị Phương Thảo,2026-Q2,24.9,1.73,7.0,2.0,203.0,,,0.0,10.0,3.0,1.02,,24.63,6555455343.94,887725074.6,229420696.56,215809874.94,203.0,-0.2,-0.07,-0.04,0.43,1,38323773998.47,12441350930.42,25882423068.05,11875629676.7,4988409562.23,2.08,-2375691582.36,-2211176213.9,,-4586867796.25,-3.21,-8,6,-10,-4,Thực phẩm và đồ uống,3500,Mía đường Thành Thành Công - Biên Hòa,Công ty Cổ phần Thành Thành Công - Biên Hòa,-4.3,-1.46,-270648500.0,22879465000.0,-0.01,0.93,0,False,False,0,Mua,FAIR,13,12,-4,5,0,-1,15,4,-10,4,-4,0.0,0,28,-8,0.0,0.0,0.0,13.07,NEUTRAL,MEDIUM,EMA20>EMA50 +15 | Giá 1%>EMA200 (trên xu hướng) +3 | ST=23.65 bearish -5 | RSI=45.64 neutral +5 | MACD hist=0.1>0 +10 | Stoch K<48.48 cross down -3 | CMF=0.21 inflow (overbought) -8 | OBV confirms trend +4 | BB pos=0.05 near lower (oversold) +5 | AskWall x3 mức ≥5K cp -3 | BidWall x2 mức ≥5K cp +2 | FF net buy intensity=+11.70 (5d/20d aligned) +10 | FF flow tăng tốc (trend+accel cùng dương) +5 | PE=24.9 fair +3 | PB=1.73 fair +3 | D/E=2.08 high -2 | CFO<0 cash burn -10 | CF quality=-3.21 low -5 | RevG-YoY=-4.1% slight decline -1 | ProfitG-YoY=42.8% strong +5 | Market FAIR+giam sau -4 | CONFLUENCE bull (5/10 groups) +5,13.07,v2.3,[],1.0,0,0,0,0,0,3,-6,0,0,-5,5,0,0,0,0,2,-1,1,"RS=1.03(─) +0 | 52W_hi=-13.2% +0 | LinReg_slope=-0.3%/5d +0 | Aroon=+21(─) +0 | ROC10=-2.0% +0 | Williams%R=-71.4 +1 | NR=N compress=0.74 +0 | AD_slope20d=+7.6% +2 | EFI=-24,675 -1 | AskWall≤2%@22.7(12K) -2 | BidWall≤2%@22.4(23K) +2 → +0 | FFroom=76.8% +3 | FairVal=-756%(PE×EPS=2639) -6 | EPScons=1qtrs +0 | PropTrade=-2.6tỷ(5d) -5 | Insider=B13/S2(90d) net=+11 +5",0,0.0,0.25,0.45,-0.12,0.62,0.0,-0.14,0.67,-0.07,-1.0,0.27,-0.44,0.2,0.13,0.1,0.08,0.11,0.08,0.05,0.06,-0.88,-200.0,22.74,CONTENTION,BIMODAL,0.67,0.33,-14.5,1596.0,630,Mixed,398,227.0,666800,334000.0,1768.62,1793.46,1782.83,-0.51,-1.83,-3.47,DEEP_DOWN,12.24,1.99,12.8,62.2,FAIR,TIEU_DUNG_DICH_VU,0.27,0.3,0.75,0.93,0.1,0.62,22.74,VUA,2026-10-01 14:15,,
SHB,LOSER,HSX,2026-10-01 14:14,2026-10-01,14:14,11.3,realtime,325500.0,327100.0,-1600.0,0.5,11250.0,2895000.0,11300.0,229700.0,11200.0,2077300.0,11350.0,1570000.0,11150.0,1299000.0,11400.0,1913300.0,12M,11.3,11.61,11.94,16.63,12.01,13.86,-2.76,-2.67,-18.47,36.44,-0.12,-0.02,-0.11,23.03,29.64,11.27,11.63,11.98,0.23,0.04,2.04,-812396901.0,0.22,34.95,11.42,-0.74,-57.14,12.15,11.3,1881622128.43,10.02,-1075516.81,-90.91,0.55,21823300.0,39376035.0,18.18,11.1,-2.59,-5.44,2026-10-01,False,0,True,0.0,30.0,1390348511.0,1603260007.0,95.3,65.34,29.96,109.87,2.46,0.5,-0.11,35976000.0,28317679000.0,-0.09,0.0,0.0,0.0,,2026-Q2,4.51,0.72,17.0,1.0,1595.0,,,0.0,78.0,41.0,0.0,,0.0,9770966000.0,,3602552000.0,8311812000.0,1595.0,0.31,-0.03,-0.05,-0.01,-1,962886783000.0,75309442000.0,887577341000.0,,,11.79,34917817000.0,-345745000.0,6018113000.0,34572072000.0,2.92,32,18,10,4,Ngân hàng,8300,SHB,Ngân hàng Thương mại Cổ phần Sài Gòn – Hà Nội,-4.3,-1.46,-663901200.0,248156510000.0,-0.0,0.93,0,False,False,0,,FAIR,-25,-13,-10,5,-3,-1,5,18,0,-2,-4,0.0,0,-48,21,0.0,0.0,0.0,-14.64,SELL,MEDIUM,EMA20<EMA50 -15 | Giá -18%<EMA200 (downtrend dài hạn) -5 | ST=12.01 bearish -5 | MACD hist=-0.11<0 -10 | Stoch K<29.64 cross down -3 | CMF=0.22 inflow (overbought) -8 | MFI=34.95 weak -6 | OBV confirms trend +4 | BB pos=0.04 near lower (oversold) +5 | OF pattern=WEAK -3 | AskWall x3 mức ≥5K cp -3 | BidWall x3 mức ≥5K cp +2 | FF net buy intensity=+0.19 (5d/20d aligned) +5 | PE=4.51 very cheap +10 | PB=0.72 below book +5 | ROE=17.0% good +3 | CFO=34917817000000 (sector-skip) 0 | RevG-YoY=-5.5% slight decline -1 | ProfitG-YoY=-1.2% slight decline -1 | Market FAIR+giam sau -4,-14.64,v2.3,[],1.0,0,-3,-1,0,0,0,6,0,-1,0,0,0,0,-2,0,2,-1,3,"RS=0.99(─) +0 | 52W_hi=-37.8% -3 | LinReg_slope=-0.7%/5d +0 | Aroon=-57(▼) -2 | ROC10=-2.6% -1 | Williams%R=-90.9 +3 | NR=N compress=1.00 +0 | AD_slope20d=+10.0% +2 | EFI=-1,075,517 -1 | AskWall≤2%@11.4(1913K) -2 | BidWall≤2%@11.2(2895K) +2 → +0 | FFroom=26.0% +0 | FairVal=+46%(PE×EPS=20735) +6 | EPScons=-1qtrs -1 | PropTrade=+0.0tỷ(5d) +0",0,0.0,-0.57,-0.38,-0.36,0.62,-0.3,-0.14,0.19,0.83,0.0,-0.2,-0.44,0.2,0.13,0.1,0.08,0.11,0.08,0.05,0.06,-1.31,-150.0,245.91,WEAK,SKEWED_UP,0.32,0.68,-34.0,3084.0,6139,Mixed,3211,2831.0,6046900,12592000.0,1768.62,1793.46,1782.83,-0.51,-1.83,-3.47,DEEP_DOWN,12.24,1.99,12.8,62.2,FAIR,NGAN_HANG,0.65,0.69,0.22,0.81,0.5,0.19,245.91,LON,2026-10-01 14:15,,VALUE_OPPORTUNITY
SIP,GAINER,HSX,2026-10-01 14:14,2026-10-01,14:14,49.0,realtime,7100.0,127900.0,-120800.0,0.05,49000.0,9400.0,49100.0,46200.0,48800.0,11100.0,49300.0,200.0,48650.0,400.0,49400.0,100.0,12M,49.1,49.29,49.49,20.18,47.67,51.29,-0.4,-0.39,-4.27,47.41,0.0,0.01,-0.01,66.11,67.97,47.73,49.07,50.42,0.85,0.51,1.73,150101.0,-0.34,52.63,49.58,0.76,50.0,51.1,45.15,-1795077.72,-35.69,-604.21,-33.61,1.93,135300.0,70080.0,62.46,45.15,1.13,-0.2,2026-10-01,False,0,True,0.0,49.0,113021179.0,118635342.0,1.28,3.24,-1.96,-1.33,-0.05,0.5,-0.32,29820000.0,29820000.0,,0.0,0.0,0.0,,2026-Q2,8.37,2.46,28.0,5.0,1353.0,,,0.0,16.0,17.0,2.49,,9.76,2412353331.66,363593019.89,399499381.05,480054820.27,1353.0,0.11,0.2,0.13,0.4,1,30067872706.81,5373147007.26,24694725699.56,4553664290.29,952971100.0,4.6,2439820758.14,-3049744660.03,,-609923901.89,1.84,31,15,10,6,Bất động sản,8600,Đầu tư Sài Gòn VRG,Công ty Cổ phần Đầu tư Sài Gòn VRG,-4.3,-1.46,-418285000.0,6665920000.0,-0.06,0.93,-2,False,False,0,,FAIR,-13,-8,7,0,-8,0,-15,12,0,8,-4,0.0,0,-25,14,0.0,0.0,0.0,-14.93,SELL,MEDIUM,"EMA20<EMA50 -15 | Giá -4%<EMA200 (dưới xu hướng) -3 | ST=47.67 bullish +5 | RSI=47.41 neutral +5 | MACD hist=-0.01<0 -10 | Stoch K<67.97 cross down -3 | CMF=-0.34 outflow (oversold) +8 | OBV divergence -4 | Vol=1.93x avg elevated +3 | OF pattern=SPIKE_SELL -5 | OF vol+104% sell 0.05 | AskWall 49.10 (46K cp, +0.2%) -2 | BidWall x2 mức ≥5K cp +2 | FF net sell intensity=-0.43 (5d/20d aligned) -10 | FF flow giảm tốc (trend+accel cùng âm) -5 | PE=8.37 very cheap +10 | PB=2.46 neutral 0 | ROE=28.000000000000004% excellent +5 | D/E=4.596 very high -3 | CFO=2439820758140 (sector-skip) 0 | RevG-YoY=13.3% good +3 | ProfitG-YoY=40.4% strong +5 | Market FAIR+giam sau -4",-14.93,v2.3,[],1.0,0,-3,0,2,0,3,-6,0,0,0,0,0,0,2,0,-2,-1,-1,RS=1.04(─) +0 | 52W_hi=-21.5% -3 | LinReg_slope=+0.8%/5d +0 | Aroon=+50(▲) +2 | ROC10=+1.1% +0 | Williams%R=-33.6 -1 | NR=Y compress=0.70 +2 | AD_slope20d=-35.7% -2 | EFI=-604 -1 | AskWall≤2%@49.1(46K) -2 | BidWall≤2%@48.8(11K) +2 → +0 | FFroom=46.7% +3 | FairVal=-179%(PE×EPS=17589) -6 | EPScons=1qtrs +0 | PropTrade=+0.0tỷ(5d) +0,0,0.0,-0.26,-0.31,0.16,0.25,-0.8,0.0,-0.44,0.21,0.0,0.53,-0.44,0.2,0.13,0.1,0.08,0.11,0.08,0.05,0.06,,,,SPIKE_SELL,BIMODAL,0.05,0.95,104.5,1589.0,85,Mixed,22,62.0,7100,127900.0,1768.62,1793.46,1782.83,-0.51,-1.83,-3.47,DEEP_DOWN,12.24,1.99,12.8,62.2,FAIR,BAT_DONG_SAN,0.5,0.5,0.79,0.12,0.5,0.5,,,2026-10-01 14:15,,
SJS,GAINER,HSX,2026-10-01 14:14,2026-10-01,14:14,52.2,realtime,1100.0,700.0,400.0,0.61,51600.0,500.0,52200.0,100.0,51500.0,1200.0,52300.0,600.0,51300.0,500.0,52400.0,100.0,12M,52.2,54.31,52.7,22.39,56.4,53.85,3.06,-3.89,-3.06,37.55,0.31,-0.83,1.14,13.5,21.33,52.48,55.76,59.04,1.5,0.0,2.87,-486600.0,0.62,35.66,53.58,-6.38,-71.43,60.1,51.6,2784497.29,8.36,1629.42,-87.27,0.08,1800.0,23610.0,71.3,44.5,-8.1,-10.92,2026-10-01,False,0,True,0.0,50.0,147081866.0,148737414.0,0.05,0.15,-0.09,-0.31,0.0,0.17,-0.0,22640000.0,22640000.0,,1.0,0.0,1.0,nan,2026-Q2,25.47,4.03,17.0,8.0,820.0,,,0.0,74.0,52.0,0.37,,23.53,441085229.48,349531707.38,243785475.21,307791142.07,820.0,0.39,0.39,1.2,1.35,1,8362969929.57,3855605846.76,4507364082.81,1023665451.68,1849787160.4,1.17,-74242932.36,75304865.36,,1061933.0,-0.21,-5,-5,-10,10,Bất động sản,8600,SJ Group,Công ty Cổ phần SJ Group,-4.3,-1.46,-20840000.0,93420000.0,-0.22,0.93,-4,False,False,0,Bán,FAIR,7,15,-20,5,-3,0,-10,-5,0,10,-4,0.0,0,-1,-1,0.0,0.0,0.0,-5.04,NEUTRAL,LOW,EMA20>EMA50 +15 | Giá -3%<EMA200 (dưới xu hướng) -3 | ST=56.4 bearish -5 | MACD hist=1.14>0 +10 | Stoch K=13.5 oversold +5 | CMF=0.62 inflow (overbought) -8 | MFI=35.66 weak -6 | OBV divergence -4 | Vol=0.08x avg weak -3 | BB pos=0.0 near lower (oversold) +5 | OF pattern=WEAK -3 | AskClear (no wall) +1 | NoBidWall -1 | FF net sell intensity=-0.46 (5d/20d aligned) -10 | PE=25.47 expensive -5 | PB=4.03 expensive -3 | ROE=17.0% good +3 | D/E=1.169 moderate 0 | CFO=-74242932358 (sector-skip) 0 | RevG-YoY=119.8% strong +5 | ProfitG-YoY=134.7% strong +5 | Market FAIR+giam sau -4,-5.04,v2.3,[],1.0,0,-3,-3,0,0,3,-6,0,0,0,-3,0,-3,-3,0,2,2,3,"RS=0.93(─) +0 | 52W_hi=-26.8% -3 | LinReg_slope=-6.4%/5d -3 | Aroon=-71(▼) -3 | ROC10=-8.1% -3 | Williams%R=-87.3 +3 | NR=N compress=1.25 +0 | AD_slope20d=+8.4% +2 | EFI=+1,629 +2 | FFroom=49.4% +3 | FairVal=-390%(PE×EPS=10660) -6 | EPScons=1qtrs +0 | PropTrade=+0.0tỷ(5d) +0 | Insider=B0/S1(90d) net=-1 -3",-3,-0.15,-0.04,0.52,-0.64,0.62,-0.3,0.0,-0.26,-0.38,0.0,0.67,-0.44,0.2,0.13,0.1,0.08,0.11,0.08,0.05,0.06,,,,WEAK,BIMODAL,0.61,0.39,-67.9,138.0,13,Retail,7,6.0,1100,700.0,1768.62,1793.46,1782.83,-0.51,-1.83,-3.47,DEEP_DOWN,12.24,1.99,12.8,62.2,FAIR,BAT_DONG_SAN,0.37,0.46,0.85,0.38,0.5,0.79,,,2026-10-01 14:15,,UNCLEAR
SSB,LOSER,HSX,2026-10-01 14:14,2026-10-01,14:14,17.55,realtime,167300.0,170000.0,-2700.0,0.5,17550.0,40700.0,17600.0,14200.0,17500.0,20700.0,17650.0,14000.0,17450.0,3300.0,17700.0,5700.0,12M,17.6,19.19,17.88,39.74,21.28,15.69,7.33,-8.29,12.17,42.53,0.47,-0.52,0.99,9.58,15.06,15.75,19.74,23.72,1.03,0.23,5.85,18283611.0,0.09,64.41,20.31,-10.07,-64.29,24.8,17.1,272225904.07,2.46,-159483.27,-97.96,0.58,2133000.0,3671395.0,24.8,13.23,-24.95,-3.56,2026-10-01,False,0,True,0.0,30.0,1010980715.0,1040640000.0,59.92,37.86,22.06,384.41,-0.98,0.56,-16.94,14840978000.0,-6039221000.0,0.13,20.0,14.0,6.0,Lê Hữu Báu,2026-Q2,20.99,1.49,7.0,1.0,0.0,,,0.0,59.0,27.0,0.0,,0.0,2489231000.0,,990923000.0,1482612000.0,0.0,-0.15,-0.11,-0.08,-0.13,-1,427107510000.0,42195287000.0,384912223000.0,,,9.12,30423240000.0,4073710000.0,100000000.0,34496950000.0,5.52,10,6,10,-6,Ngân hàng,8300,SeABank,Ngân hàng Thương mại Cổ phần Đông Nam Á,-4.3,-1.46,2092759400.0,38440730000.0,0.05,0.93,2,False,False,0,Mua,FAIR,20,20,10,0,0,-1,0,6,0,-4,-4,0.0,0,41,1,0.0,0.0,0.0,17.92,NEUTRAL,MEDIUM,EMA20>EMA50 +15 | Giá 12%>EMA200 (uptrend dài hạn) +5 | ADX=39.74 mạnh + giá>EMA200 (uptrend xác nhận) +5 | ST=21.28 bearish -5 | RSI=42.53 neutral +5 | MACD hist=0.99>0 +10 | Stoch K=9.58 oversold +5 | MFI=64.41 strong inflow +6 | OBV confirms trend +4 | AskWall x3 mức ≥5K cp -3 | BidWall x2 mức ≥5K cp +2 | FF net buy intensity=+0.23 (5d/20d aligned) +5 | FF flow giảm tốc (trend+accel cùng âm) -5 | PE=20.99 fair +3 | PB=1.49 fair +3 | CFO=30423240000000 (sector-skip) 0 | RevG-YoY=-7.5% slight decline -1 | ProfitG-YoY=-12.6% declining -3 | Market FAIR+giam sau -4,17.92,v2.3,[],1.0,0,-3,-3,0,0,0,0,0,-1,5,5,0,-3,-3,0,1,-1,3,"RS=1.01(─) +0 | 52W_hi=-29.2% -3 | LinReg_slope=-10.1%/5d -3 | Aroon=-64(▼) -3 | ROC10=-24.9% -3 | Williams%R=-98.0 +3 | NR=N compress=0.98 +0 | AD_slope20d=+2.5% +1 | EFI=-159,483 -1 | AskWall≤2%@17.6(14K) -2 | BidWall≤2%@17.6(41K) +2 → +0 | FFroom=29.1% +0 | EPScons=-1qtrs -1 | PropTrade=+14.8tỷ(5d) +5 | Insider=B14/S6(90d) net=+8 +5",10,0.5,0.21,0.69,0.4,0.0,0.0,-0.14,0.0,0.21,0.0,-0.33,-0.44,0.2,0.13,0.1,0.08,0.11,0.08,0.05,0.06,-3.56,-650.0,38.31,CONTENTION,BIMODAL,0.42,0.58,-15.8,1017.0,2031,Mixed,607,1387.0,860600,1183900.0,1768.62,1793.46,1782.83,-0.51,-1.83,-3.47,DEEP_DOWN,12.24,1.99,12.8,62.2,FAIR,NGAN_HANG,0.24,0.31,0.75,0.61,0.5,0.08,38.31,VUA,2026-10-01 14:15,,
SSI,GAINER,HSX,2026-10-01 14:14,2026-10-01,14:14,20.15,realtime,125100.0,153000.0,-27900.0,0.45,20150.0,405200.0,20200.0,64400.0,20100.0,975500.0,20250.0,337800.0,20050.0,437500.0,20300.0,323400.0,12M,20.2,20.56,20.55,14.88,19.8,22.41,0.05,-1.75,-9.86,44.13,-0.04,-0.12,0.08,23.08,25.93,19.96,20.7,21.44,0.55,0.16,2.72,-157173752.0,-0.25,41.94,20.39,-1.59,28.57,21.65,19.7,-1585289771.29,-6.55,-1172587.61,-74.36,0.97,19188200.0,19833180.0,31.53,17.34,-4.49,-3.35,2026-10-01,False,0,True,0.0,100.0,2103074029.0,3003293801.0,79.68,101.9,-22.23,-71.74,0.15,0.33,-0.46,10395231000.0,62951073000.0,-0.27,2.0,2.0,0.0,Nguyễn Hồng Nam,2026-Q2,11.47,1.49,13.0,5.0,0.0,,,0.0,64.0,34.0,1.65,,12.71,3318617765.42,2426410182.89,1231126087.73,,0.0,0.04,-0.04,0.11,0.43,1,96460587873.47,40723958711.51,55736629161.96,54038267285.89,0.0,1.37,-10425608767.32,-2139510544.7,,-12565119312.02,-2.54,0,10,-10,0,Dịch vụ tài chính,8700,Chứng khoán SSI,Công ty Cổ phần Chứng khoán SSI,-4.3,-1.46,-3627446450.0,389175835000.0,-0.01,0.93,0,False,False,0,Mua,FAIR,15,12,4,5,0,-1,-5,10,0,8,-4,0.0,5,29,18,0.0,0.0,0.0,23.02,NEUTRAL,MEDIUM,EMA20>EMA50 +15 | Giá -10%<EMA200 (downtrend dài hạn) -5 | ST=19.8 bullish +5 | RSI=44.13 neutral +5 | MACD hist=0.08>0 +10 | Stoch K<25.93 cross down -3 | CMF=-0.25 outflow (oversold) +8 | OBV divergence -4 | BB pos=0.16 near lower (oversold) +5 | AskWall x3 mức ≥5K cp -3 | BidWall x3 mức ≥5K cp +2 | FF net sell intensity=-0.12 (5d/20d aligned) -5 | PE=11.47 cheap +7 | PB=1.49 fair +3 | ROE=13.0% neutral 0 | CFO=-10425608767324 (sector-skip) 0 | RevG-YoY=10.9% good +3 | ProfitG-YoY=42.8% strong +5 | Market FAIR+giam sau -4 | CONFLUENCE bull (5/10 groups) +5 | CONFLUENCE bull (5/11) +5,18.02,v2.3,[],1.0,0,-3,-1,0,0,3,0,0,0,5,3,0,-1,0,0,-2,-1,1,"RS=1.01(─) +0 | 52W_hi=-36.1% -3 | LinReg_slope=-1.6%/5d -1 | Aroon=+29(─) +0 | ROC10=-4.5% -1 | Williams%R=-74.4 +1 | NR=N compress=0.90 +0 | AD_slope20d=-6.5% -2 | EFI=-1,172,588 -1 | AskWall≤2%@20.2(338K) -2 | BidWall≤2%@20.1(976K) +2 → +0 | FFroom=70.0% +3 | EPScons=1qtrs +0 | PropTrade=+10.4tỷ(5d) +5 | Insider=B2/S0(90d) net=+2 +3",8,0.4,0.21,0.41,0.04,0.62,0.0,-0.14,-0.07,0.34,0.0,0.53,-0.44,0.2,0.13,0.1,0.08,0.11,0.08,0.05,0.06,0.25,50.0,379.72,CONTENTION,BIMODAL,0.45,0.55,6.5,1863.0,10000,Mixed,4212,5788.0,8433700,10192000.0,1768.62,1793.46,1782.83,-0.51,-1.83,-3.47,DEEP_DOWN,12.24,1.99,12.8,62.2,FAIR,TAI_CHINH_PHI_NH,0.48,0.6,0.89,0.57,0.5,0.57,379.72,LON,2026-10-01 14:15,,
STB,LOSER,HSX,2026-10-01 14:14,2026-10-01,14:14,70.3,realtime,31500.0,160600.0,-129100.0,0.16,70300.0,9000.0,70400.0,69700.0,70200.0,32700.0,70500.0,120200.0,70100.0,26600.0,70600.0,64700.0,12M,70.4,75.5,74.6,22.51,78.11,66.85,1.21,-6.75,5.31,31.75,-0.15,-0.66,0.51,4.24,16.34,73.08,76.29,79.49,1.91,0.0,2.71,85038900.0,-0.35,32.76,74.99,-3.2,-100.0,79.0,73.9,-314981874.59,-7.29,-2644551.42,-95.12,1.45,4237400.0,2929930.0,79.0,45.95,-7.61,-5.5,2026-10-01,False,0,True,0.0,30.0,364359879.0,565564714.0,133.99,130.14,3.85,-306.02,4.5,0.33,17.77,-18111450000.0,86000006000.0,-0.41,0.0,0.0,0.0,,2026-Q2,45.3,2.22,5.0,0.0,1555.0,,,0.0,64.0,9.0,0.0,,0.0,9950076000.0,,1346691000.0,7124936000.0,1555.0,0.32,-0.15,0.28,-0.53,-1,892048566000.0,62807249000.0,829241317000.0,,,13.2,92478004000.0,-764340000.0,-3818948000.0,91713664000.0,15.57,7,-5,10,2,Ngân hàng,8300,NH Sài Gòn Tài Lộc (SACOMBANK),Ngân hàng Thương mại Cổ phần Sài Gòn Tài Lộc,-4.3,-1.46,-28804720000.0,305695110000.0,-0.09,0.93,-4,False,True,-3,,FAIR,15,15,6,5,0,-1,5,-5,0,2,-4,0.0,0,29,-10,0.0,0.0,0.0,6.22,NEUTRAL,MEDIUM,EMA20>EMA50 +15 | Giá 5%>EMA200 (uptrend dài hạn) +5 | ST=78.11 bearish -5 | MACD hist=0.51>0 +10 | Stoch K=4.24 oversold +5 | CMF=-0.35 outflow (oversold) +8 | MFI=32.76 weak -6 | OBV confirms trend +4 | BB pos=0.0 near lower (oversold) +5 | AskWall x3 mức ≥5K cp -3 | BidWall x3 mức ≥5K cp +2 | FF net trung tính (intensity=+0.01) +0 | FF flow tăng tốc (trend+accel cùng dương) +5 | PE=45.3 expensive -5 | PB=2.22 neutral 0 | CFO=92478004000000 (sector-skip) 0 | RevG-YoY=28.1% strong +5 | ProfitG-YoY=-53.5% declining -3 | Market FAIR+giam sau -4,6.22,v2.3,[],1.0,0,0,-3,0,0,0,-6,0,-1,-10,0,0,-3,-3,-2,-2,-2,3,"RS=0.99(─) +0 | 52W_hi=-11.0% +0 | LinReg_slope=-3.2%/5d -3 | Aroon=-100(▼) -3 | Donch_BD↓(<73.90) -2 | ROC10=-7.6% -3 | Williams%R=-95.1 +3 | NR=N compress=2.41 +0 | AD_slope20d=-7.3% -2 | EFI=-2,644,551 -2 | AskWall≤2%@70.5(120K) -2 | BidWall≤2%@70.2(33K) +2 → +0 | FFroom=19.3% +0 | FairVal=-248%(PE×EPS=20215) -6 | EPScons=-1qtrs -1 | PropTrade=-18.1tỷ(5d) -10",-10,-0.5,0.13,0.52,0.08,0.62,0.0,-0.14,0.19,-0.38,0.0,0.07,-0.44,0.2,0.13,0.1,0.08,0.11,0.08,0.05,0.06,-5.0,-3700.0,300.42,CONTENTION,BIMODAL,0.19,0.81,89.8,891.0,4599,Retail,1167,3404.0,758800,3323300.0,1768.62,1793.46,1782.83,-0.51,-1.83,-3.47,DEEP_DOWN,12.24,1.99,12.8,62.2,FAIR,NGAN_HANG,0.12,0.12,0.64,0.81,0.5,0.36,300.42,LON,2026-10-01 14:15,,
TAL,LOSER,HSX,2026-10-01 14:14,2026-10-01,14:14,22.75,realtime,43200.0,85200.0,-42000.0,0.34,22400.0,2100.0,22750.0,21300.0,22350.0,3400.0,22800.0,8100.0,22300.0,1600.0,22850.0,8200.0,12M,22.4,22.93,23.65,16.74,24.19,28.3,-3.04,-2.31,-20.85,43.11,-0.28,0.04,-0.32,40.65,55.67,21.58,22.82,24.07,0.81,0.33,3.62,3134730.0,0.05,60.91,22.38,3.0,28.57,24.9,21.8,24728937.35,0.94,39927.41,-70.73,2.51,502300.0,200080.0,39.26,19.5,0.67,-9.31,2026-10-01,False,0,True,0.0,49.0,196986257.0,246959856.0,0.76,2.87,-2.1,-5.25,-0.01,0.39,-0.13,-1595650000.0,-1595650000.0,,2.0,2.0,0.0,Nguyễn Hồng Chuyên,2026-Q2,12.78,2.05,16.0,5.0,156.0,,,0.0,37.0,21.0,0.58,,11.7,885738100.76,278483295.15,139459240.41,188767234.97,156.0,0.28,-0.08,0.59,3.0,1,21726925077.07,6554195176.76,15172729900.31,1363602413.7,3343567564.13,2.31,-1654156140.64,46959038.38,,-1607197102.27,-2.57,4,10,-10,4,Bất động sản,8600,Đầu Tư Bất Động Sản Taseco,Công Ty Cổ Phần Đầu Tư Bất Động Sản Taseco,-4.3,-1.46,-69495000.0,11962535000.0,-0.01,0.93,0,False,False,0,Mua,FAIR,-25,-8,7,0,-3,-4,-15,8,0,10,-4,0.0,0,-27,12,0.0,0.0,0.0,-17.29,SELL,MEDIUM,EMA20<EMA50 -15 | Giá -20%<EMA200 (downtrend dài hạn) -5 | ST=24.19 bearish -5 | RSI=43.11 neutral +5 | MACD hist=-0.32<0 -10 | Stoch K<55.67 cross down -3 | MFI=60.91 strong inflow +6 | OBV divergence -4 | Vol=2.51x avg breakout +5 | OF pattern=WEAK -3 | AskWall x3 mức ≥5K cp -3 | NoBidWall -1 | FF net sell intensity=-0.58 (5d/20d aligned) -10 | FF flow giảm tốc (trend+accel cùng âm) -5 | PE=12.78 cheap +7 | PB=2.05 neutral 0 | ROE=16.0% good +3 | D/E=2.315 high -2 | CFO=-1654156140644 (sector-skip) 0 | RevG-YoY=59.0% strong +5 | ProfitG-YoY=299.6% strong +5 | Market FAIR+giam sau -4 | CONFLUENCE bear (5/10 groups) -5,-17.29,v2.3,[],1.0,0,-3,0,2,-3,3,-6,0,0,-2,3,0,1,0,0,0,1,1,"RS=0.95(─) +0 | 52W_hi=-42.1% -3 | LinReg_slope=+3.0%/5d +1 | Aroon=+29(─) +0 | ROC10=+0.7% +0 | Williams%R=-70.7 +1 | NR=Y compress=0.68 +2 | AD_slope20d=+0.9% +0 | EFI=+39,927 +1 | AskWall≤2%@22.9(8K) -2 | NoBidWall -1 → -3 | FFroom=39.1% +3 | FairVal=-1022%(PE×EPS=2028) -6 | EPScons=1qtrs +0 | PropTrade=-1.6tỷ(5d) -2 | Insider=B2/S0(90d) net=+2 +3",1,0.05,-0.51,-0.24,0.32,0.25,-0.3,-1.0,-0.44,0.07,0.0,0.67,-0.44,0.2,0.13,0.1,0.08,0.11,0.08,0.05,0.06,-2.19,-500.0,11.4,WEAK,BIMODAL,0.33,0.67,-26.2,832.0,541,Retail,47,490.0,147100,298900.0,1768.62,1793.46,1782.83,-0.51,-1.83,-3.47,DEEP_DOWN,12.24,1.99,12.8,62.2,FAIR,BAT_DONG_SAN,0.41,0.5,0.47,0.12,0.5,0.79,11.4,NHO,2026-10-01 14:15,,
TCB,LOSER,HSX,2026-10-01 14:14,2026-10-01,14:14,32.4,realtime,80100.0,95800.0,-15700.0,0.46,32400.0,207000.0,32450.0,129000.0,32350.0,380900.0,32500.0,212800.0,32300.0,323000.0,32550.0,204100.0,12M,32.45,32.41,32.0,19.03,31.32,32.59,1.28,0.12,-0.43,51.68,0.27,-0.04,0.31,49.28,56.52,31.5,32.4,33.3,0.77,0.53,2.37,-29368612.0,0.05,61.93,32.78,1.48,64.29,33.7,31.4,-159387484.83,9.18,999158.07,-54.35,0.63,9683500.0,15452075.0,41.13,27.77,-0.61,1.09,2026-10-01,False,0,True,0.0,22.54,129478361.0,1597139381.0,321.16,684.54,-382.55,-306.73,-9.76,0.39,-59.47,32922695000.0,-348014595000.0,4.91,0.0,0.0,0.0,,2026-Q2,8.5,1.29,15.0,2.0,0.0,,,0.0,69.0,47.0,0.0,,0.0,14941781000.0,,7350059000.0,10321654000.0,0.0,0.09,0.1,0.17,0.18,1,1273076923000.0,188997150000.0,1084079773000.0,,,5.74,39923618000.0,-816440000.0,5235750000.0,39107178000.0,1.58,27,13,10,4,Ngân hàng,8300,Techcombank,Ngân hàng Thương mại Cổ phần Kỹ thương Việt Nam,-4.3,-1.46,-77372930000.0,316872605000.0,-0.24,0.93,-4,False,True,-3,,FAIR,17,12,2,0,-3,-1,-15,13,0,6,-4,0.0,0,34,19,0.0,0.0,0.0,9.2,NEUTRAL,HIGH,EMA20>EMA50 +15 | Giá -1%<EMA200 (dưới xu hướng) -3 | ST=31.32 bullish +5 | RSI=51.68 neutral +5 | MACD hist=0.31>0 +10 | Stoch K<56.52 cross down -3 | MFI=61.93 strong inflow +6 | OBV divergence -4 | OF pattern=WEAK -3 | AskWall x3 mức ≥5K cp -3 | BidWall x3 mức ≥5K cp +2 | FF net sell intensity=-0.38 (5d/20d aligned) -10 | FF flow giảm tốc (trend+accel cùng âm) -5 | PE=8.5 very cheap +10 | PB=1.29 fair +3 | ROE=15.0% neutral 0 | CFO=39923618000000 (sector-skip) 0 | RevG-YoY=17.2% good +3 | ProfitG-YoY=17.6% good +3 | Market FAIR+giam sau -4,9.2,v2.3,[],1.0,0,-3,0,2,0,-7,0,0,0,5,0,0,1,3,0,2,1,0,"RS=1.06(─) +0 | 52W_hi=-21.2% -3 | LinReg_slope=+1.5%/5d +1 | Aroon=+64(▲) +3 | ROC10=-0.6% +0 | Williams%R=-54.4 +0 | NR=Y compress=0.71 +2 | AD_slope20d=+9.2% +2 | EFI=+999,158 +1 | AskWall≤2%@32.5(213K) -2 | BidWall≤2%@32.4(381K) +2 → +0 | FFroom=1.8% -7 | EPScons=1qtrs +0 | PropTrade=+32.9tỷ(5d) +5",5,0.25,0.34,0.41,0.2,0.25,-0.3,-0.14,-0.81,0.45,0.0,0.4,-0.44,0.2,0.13,0.1,0.08,0.11,0.08,0.05,0.06,-0.31,-100.0,314.23,WEAK,SKEWED_UP,0.44,0.56,-52.3,588.0,9723,Retail,5609,4114.0,2512600,3201800.0,1768.62,1793.46,1782.83,-0.51,-1.83,-3.47,DEEP_DOWN,12.24,1.99,12.8,62.2,FAIR,NGAN_HANG,0.48,0.51,0.69,0.14,0.5,0.58,314.23,LON,2026-10-01 14:15,,CONSENSUS_BULL
TCH,LOSER,HSX,2026-10-01 14:14,2026-10-01,14:14,11.25,realtime,15700.0,356100.0,-340400.0,0.04,11300.0,17400.0,11350.0,42800.0,11250.0,106100.0,11400.0,49400.0,11200.0,266500.0,11450.0,14900.0,12M,11.3,11.55,11.75,17.64,10.96,13.99,-1.7,-2.16,-19.23,44.3,-0.06,-0.04,-0.02,48.96,43.78,11.05,11.68,12.32,0.43,0.2,3.81,-101485634.0,-0.03,35.18,11.27,-1.41,-35.71,12.45,10.75,39378330.62,-5.37,-39540.26,-59.26,0.49,2161000.0,4374061.0,22.73,9.59,-3.42,-5.44,2026-10-01,False,0,True,0.0,51.0,410411527.0,511689532.0,32.24,23.84,8.39,-10.9,0.43,0.39,2.28,-2696205000.0,-2773185000.0,-0.08,0.0,0.0,0.0,,2026-Q2,36.96,1.0,3.0,1.0,138.0,,,0.0,25.0,24.0,0.82,,62.33,450946642.87,140256405.98,125416921.4,199331931.04,138.0,0.14,0.56,0.16,2.31,1,22278075653.9,14529109584.62,7748966069.28,0.0,0.0,0.53,2342111203.86,-2551363835.77,,-209252631.91,7.36,13,-5,10,8,Bất động sản,8600,ĐT DV Tài chính Hoàng Huy,Công ty Cổ phần Đầu tư Dịch vụ Tài chính Hoàng Huy,-4.3,-1.46,-166340000.0,24578555000.0,-0.01,0.93,0,False,False,0,,FAIR,-15,-2,-5,0,-3,-1,10,-4,0,8,-4,0.0,0,-35,-2,0.0,0.0,0.0,-12.99,SELL,MEDIUM,EMA20<EMA50 -15 | Giá -20%<EMA200 (downtrend dài hạn) -5 | ST=10.96 bullish +5 | RSI=44.3 neutral +5 | MACD hist=-0.02<0 -10 | Stoch K>43.78 cross up +3 | MFI=35.18 weak -6 | OBV confirms trend +4 | Vol=0.49x avg weak -3 | OF pattern=WEAK -3 | AskWall x3 mức ≥5K cp -3 | BidWall x3 mức ≥5K cp +2 | FF net buy intensity=+0.15 +5 | FF flow tăng tốc (trend+accel cùng dương) +5 | PE=36.96 expensive -5 | PB=1.0 fair +3 | ROE=3.0% weak -3 | D/E=0.533 healthy +1 | CFO=2342111203861 (sector-skip) 0 | RevG-YoY=15.5% good +3 | ProfitG-YoY=231.2% strong +5 | Market FAIR+giam sau -4,-12.99,v2.3,[],1.0,0,-5,-1,2,0,3,-6,0,0,-5,0,0,-1,-2,0,-2,-1,0,"RS=0.99(─) +0 | 52W_hi=-50.5% -5 | LinReg_slope=-1.4%/5d -1 | Aroon=-36(▼) -2 | ROC10=-3.4% -1 | Williams%R=-59.3 +0 | NR=Y compress=0.63 +2 | AD_slope20d=-5.4% -2 | EFI=-39,540 -1 | AskWall≤2%@11.3(43K) -2 | BidWall≤2%@11.2(266K) +2 → +0 | FFroom=40.9% +3 | FairVal=-527%(PE×EPS=1794) -6 | EPScons=1qtrs +0 | PropTrade=-2.7tỷ(5d) -5",-5,-0.25,-0.43,-0.1,-0.32,0.25,-0.3,-0.14,0.48,-0.34,0.0,0.53,-0.44,0.2,0.13,0.1,0.08,0.11,0.08,0.05,0.06,-2.16,-250.0,24.21,WEAK,SKEWED_DOWN,0.16,0.84,-53.3,1485.0,1333,Mixed,349,969.0,319200,1652800.0,1768.62,1793.46,1782.83,-0.51,-1.83,-3.47,DEEP_DOWN,12.24,1.99,12.8,62.2,FAIR,BAT_DONG_SAN,0.45,0.47,0.71,0.82,0.5,0.5,24.21,VUA,2026-10-01 14:15,,
TCX,LOSER,HSX,2026-10-01 14:14,2026-10-01,14:14,28.55,realtime,75000.0,87000.0,-12000.0,0.46,28550.0,18000.0,28600.0,62900.0,28500.0,42600.0,28650.0,26600.0,28450.0,19900.0,28700.0,2600.0,12M,28.55,30.89,32.36,26.68,31.25,33.97,-4.54,-7.58,-15.96,23.01,-1.15,-0.26,-0.9,7.58,7.03,28.22,31.29,34.36,0.81,0.05,2.84,1474113.0,-0.44,17.57,28.82,-5.48,-71.43,33.83,28.7,51441376.95,-27.52,-717693.04,-98.86,0.87,1989200.0,2298224.0,44.54,28.5,-10.22,-13.04,2026-10-01,False,0,True,0.0,100.0,2538410418.0,2774453325.0,27.15,122.0,-94.85,-329.78,-0.18,0.06,-0.65,144210000.0,5964725000.0,0.07,0.0,0.0,0.0,,2026-Q2,15.69,2.12,14.0,7.0,527.0,,,0.0,86.0,47.0,1.89,,13.22,3744618689.74,3250019775.4,1691893604.47,,527.0,0.35,0.47,0.41,0.19,1,100592059821.28,45782449906.02,54809609915.26,48116836647.4,1314886041.78,1.2,-20564385947.69,-293444853.98,,-20857830801.67,-3.62,3,3,-10,10,Dịch vụ tài chính,8700,Chứng khoán TCBS,Công ty Cổ phần Chứng khoán Kỹ Thương,-4.3,-1.46,-9450290000.0,57390365000.0,-0.16,0.93,-4,False,False,0,,FAIR,-30,13,-2,5,0,-1,-15,3,0,8,-4,0.0,0,-28,5,0.0,0.0,0.0,-14.01,SELL,MEDIUM,EMA20<EMA50 -15 | Giá -16%<EMA200 (downtrend dài hạn) -5 | ADX=26.68 mạnh + giá<EMA200 (downtrend xác nhận) -5 | ST=31.25 bearish -5 | RSI=23.01 oversold +15 | MACD hist=-0.9<0 -10 | Stoch K=7.58 oversold +5 | Stoch K>7.03 cross up +3 | CMF=-0.44 outflow (oversold) +8 | MFI=17.57 weak -6 | OBV divergence -4 | BB pos=0.05 near lower (oversold) +5 | AskWall x2 mức ≥5K cp -3 | BidWall x3 mức ≥5K cp +2 | FF net sell intensity=-0.64 (5d/20d aligned) -10 | FF flow giảm tốc (trend+accel cùng âm) -5 | PE=15.69 fair +3 | PB=2.12 neutral 0 | ROE=14.000000000000002% neutral 0 | CFO=-20564385947691 (sector-skip) 0 | RevG-YoY=40.8% strong +5 | ProfitG-YoY=19.1% good +3 | Market FAIR+giam sau -4,-14.01,v2.3,[],1.0,0,-3,-3,0,0,3,-6,0,0,0,0,0,-3,-3,-2,-2,-1,3,"RS=0.91(─) +0 | 52W_hi=-35.9% -3 | LinReg_slope=-5.5%/5d -3 | Aroon=-71(▼) -3 | Donch_BD↓(<28.70) -2 | ROC10=-10.2% -3 | Williams%R=-98.9 +3 | NR=N compress=1.28 +0 | AD_slope20d=-27.5% -2 | EFI=-717,693 -1 | AskWall≤2%@28.6(63K) -2 | BidWall≤2%@28.5(43K) +2 → +0 | FFroom=91.5% +3 | FairVal=-317%(PE×EPS=6851) -6 | EPScons=1qtrs +0 | PropTrade=+0.1tỷ(5d) +0",0,0.0,-0.77,0.45,-0.2,0.62,0.0,-0.14,-0.44,-0.1,0.0,0.53,-0.44,0.2,0.13,0.1,0.08,0.11,0.08,0.05,0.06,-1.89,-550.0,57.06,CONTENTION,BIMODAL,0.35,0.65,-5.3,745.0,2649,Retail,860,1779.0,692800,1279600.0,1768.62,1793.46,1782.83,-0.51,-1.83,-3.47,DEEP_DOWN,12.24,1.99,12.8,62.2,FAIR,TAI_CHINH_PHI_NH,0.41,0.52,0.25,0.14,0.5,0.57,57.06,VUA,2026-10-01 14:15,,
TPB,LOSER,HSX,2026-10-01 14:14,2026-10-01,14:14,14.4,realtime,308500.0,80400.0,228100.0,0.79,14400.0,538100.0,14450.0,212400.0,14350.0,803700.0,14500.0,353700.0,14300.0,417500.0,14550.0,365600.0,12M,14.4,14.43,14.63,13.61,14.86,15.83,-1.37,-0.21,-9.03,48.42,-0.01,0.04,-0.05,55.56,62.35,13.87,14.37,14.87,0.28,0.53,1.94,125085929.0,-0.14,57.57,14.42,1.45,35.71,14.85,13.95,-268822799.33,-10.41,589728.12,-50.0,1.69,14133300.0,8380140.0,19.19,13.75,2.49,-0.69,2026-10-01,False,0,True,0.0,30.0,226632749.0,832214061.0,52.16,48.92,3.24,-50.18,0.76,0.28,3.44,1587442000.0,4215926000.0,0.03,0.0,0.0,0.0,,2026-Q2,5.31,0.87,17.0,1.0,659.0,,,0.0,64.0,38.0,0.0,,0.0,5195182000.0,,1827573000.0,3151816000.0,659.0,0.06,0.1,0.13,0.12,1,547664403000.0,49565884000.0,498098519000.0,,,10.05,26177747000.0,2048094000.0,1372844000.0,28225841000.0,3.54,30,18,10,2,Ngân hàng,8300,TPBank,Ngân hàng Thương mại Cổ phần Tiên Phong,-4.3,-1.46,6017080000.0,205548880000.0,0.03,0.93,1,False,False,0,,FAIR,-25,-8,7,0,0,-1,5,18,0,6,-4,0.0,0,-26,18,0.0,0.0,0.0,-5.3,NEUTRAL,MEDIUM,EMA20<EMA50 -15 | Giá -9%<EMA200 (downtrend dài hạn) -5 | ST=14.86 bearish -5 | RSI=48.42 neutral +5 | MACD hist=-0.05<0 -10 | Stoch K<62.35 cross down -3 | CMF=-0.14 outflow (oversold) +8 | OBV divergence -4 | Vol=1.69x avg elevated +3 | AskWall x3 mức ≥5K cp -3 | BidWall x3 mức ≥5K cp +2 | FF net trung tính (intensity=+0.03) +0 | FF flow tăng tốc (trend+accel cùng dương) +5 | PE=5.31 very cheap +10 | PB=0.87 below book +5 | ROE=17.0% good +3 | CFO=26177747000000 (sector-skip) 0 | RevG-YoY=12.6% good +3 | ProfitG-YoY=12.2% good +3 | Market FAIR+giam sau -4,-5.3,v2.3,[],1.0,0,-3,1,0,0,-3,-6,0,0,2,0,0,1,2,0,-2,1,0,"RS=1.04(─) +0 | 52W_hi=-25.0% -3 | LinReg_slope=+1.4%/5d +1 | Aroon=+36(▲) +2 | ROC10=+2.5% +1 | Williams%R=-50.0 +0 | NR=N compress=1.05 +0 | AD_slope20d=-10.4% -2 | EFI=+589,728 +1 | AskWall≤2%@14.5(354K) -2 | BidWall≤2%@14.3(804K) +2 → +0 | FFroom=8.2% -3 | FairVal=-68%(PE×EPS=8567) -6 | EPScons=1qtrs +0 | PropTrade=+1.6tỷ(5d) +2",2,0.1,-0.47,-0.24,0.24,0.0,0.0,-0.14,0.07,0.41,0.0,0.4,-0.44,0.2,0.13,0.1,0.08,0.11,0.08,0.05,0.06,-0.35,-50.0,204.52,CONTENTION,BIMODAL,0.74,0.26,85.8,4012.0,3498,Mixed,1919,1522.0,10358400,3556400.0,1768.62,1793.46,1782.83,-0.51,-1.83,-3.47,DEEP_DOWN,12.24,1.99,12.8,62.2,FAIR,NGAN_HANG,0.63,0.71,0.22,0.81,0.5,0.58,204.52,LON,2026-10-01 14:15,,
VCB,LOSER,HSX,2026-10-01 14:14,2026-10-01,14:14,57.7,realtime,105900.0,15400.0,90500.0,0.87,57700.0,95600.0,57800.0,8900.0,57600.0,189000.0,57900.0,104900.0,57500.0,182200.0,58000.0,54200.0,12M,57.8,58.54,58.81,11.75,57.07,60.07,-0.46,-1.26,-3.78,42.66,-0.23,-0.14,-0.09,9.8,12.77,57.34,58.64,59.93,0.92,0.18,1.59,127368779.0,-0.29,44.88,58.31,-0.65,-64.29,61.0,57.6,-289629972.49,-10.0,-119334.01,-94.12,0.52,2502500.0,4771075.0,78.15,52.6,-3.02,-1.53,2026-10-01,False,0,True,0.0,30.0,839913349.0,2506702528.0,93.45,187.25,-90.15,-112.87,0.22,0.39,-11.76,73472190000.0,29817944000.0,0.61,0.0,0.0,0.0,,2026-Q2,11.64,1.95,18.0,2.0,1740.0,,,0.0,66.0,49.0,0.0,,0.0,26371601000.0,,14542276000.0,17922350000.0,1740.0,0.25,0.54,0.48,0.65,1,2657440573000.0,248490506000.0,2408950067000.0,,,9.69,116230551000.0,-1379136000.0,-3776798000.0,114851415000.0,3.3,33,13,10,10,Ngân hàng,8300,Vietcombank,Ngân hàng Thương mại Cổ phần Ngoại thương Việt Nam,-4.3,-1.46,-8620649000.0,144888030000.0,-0.06,0.93,-2,False,False,0,,FAIR,-13,0,4,5,-3,-1,-10,13,0,10,-4,0.0,0,-14,17,0.0,0.0,0.0,-2.77,NEUTRAL,MEDIUM,EMA20<EMA50 -15 | Giá -4%<EMA200 (dưới xu hướng) -3 | ST=57.07 bullish +5 | RSI=42.66 neutral +5 | MACD hist=-0.09<0 -10 | Stoch K=9.8 oversold +5 | CMF=-0.29 outflow (oversold) +8 | OBV divergence -4 | BB pos=0.18 near lower (oversold) +5 | OF pattern=WEAK -3 | AskWall x3 mức ≥5K cp -3 | BidWall x3 mức ≥5K cp +2 | FF net sell intensity=-0.32 (5d/20d aligned) -10 | PE=11.64 cheap +7 | PB=1.95 fair +3 | ROE=18.0% good +3 | CFO=116230551000000 (sector-skip) 0 | RevG-YoY=47.6% strong +5 | ProfitG-YoY=64.7% strong +5 | Market FAIR+giam sau -4,-2.77,v2.3,[],1.0,0,-3,-1,0,0,0,-6,0,0,10,0,0,0,-3,0,-2,-1,3,"RS=1.03(─) +0 | 52W_hi=-26.2% -3 | LinReg_slope=-0.7%/5d +0 | Aroon=-64(▼) -3 | ROC10=-3.0% -1 | Williams%R=-94.1 +3 | NR=N compress=0.92 +0 | AD_slope20d=-10.0% -2 | EFI=-119,334 -1 | AskWall≤2%@57.9(105K) -2 | BidWall≤2%@57.6(189K) +2 → +0 | FFroom=10.1% +0 | FairVal=-155%(PE×EPS=22620) -6 | EPScons=1qtrs +0 | PropTrade=+73.5tỷ(5d) +10",10,0.5,-0.36,0.07,0.04,0.62,-0.3,-0.14,-0.37,0.24,0.0,0.67,-0.44,0.2,0.13,0.1,0.08,0.11,0.08,0.05,0.06,-0.34,-200.0,143.7,WEAK,SKEWED_UP,0.4,0.6,-22.6,670.0,3637,Retail,1544,2037.0,978600,1440400.0,1768.62,1793.46,1782.83,-0.51,-1.83,-3.47,DEEP_DOWN,12.24,1.99,12.8,62.2,FAIR,NGAN_HANG,0.41,0.42,0.58,0.39,0.5,0.89,143.7,LON,2026-10-01 14:15,,
VCG,LOSER,HSX,2026-10-01 14:14,2026-10-01,14:14,13.6,realtime,71900.0,141000.0,-69100.0,0.34,13650.0,7400.0,13700.0,58300.0,13600.0,64000.0,13750.0,45600.0,13550.0,43900.0,13800.0,63200.0,12M,13.65,14.43,15.32,46.25,14.6,17.97,-5.81,-5.41,-24.04,18.68,-0.55,-0.05,-0.49,2.85,2.42,13.15,14.53,15.92,0.33,0.18,2.42,-152206006.0,-0.72,13.36,13.45,-3.47,-100.0,16.1,13.6,-424779349.62,-6.48,-192720.71,-96.67,0.48,875800.0,1843720.0,25.68,13.6,-5.21,-13.61,2026-10-01,False,0,True,0.0,49.0,328745792.0,342106360.0,7.39,2.44,4.95,-4.93,0.05,0.33,1.26,-2272751000.0,-856231000.0,-0.32,0.0,0.0,0.0,,2026-Q2,2.33,0.84,36.0,14.0,273.0,,,0.0,12.0,26.0,1.16,,8.94,3816016742.93,350468795.37,218782427.09,332500220.96,273.0,0.11,-0.38,-0.13,-0.22,-1,27947986780.07,12469188335.62,15478798444.45,4332399461.91,1367240742.62,1.24,2838642386.18,-2710012404.11,,128629982.06,0.77,23,18,5,0,Xây dựng và Vật liệu,2300,VINACONEX,Tổng Công ty Cổ phần Xuất nhập khẩu và Xây dựng Việt Nam,-4.3,-1.46,-242590000.0,11959375000.0,-0.02,0.93,-1,False,False,0,,FAIR,-30,13,3,5,-3,-1,10,20,5,-6,-4,0.0,5,-21,12,0.0,0.0,0.0,2.47,NEUTRAL,MEDIUM,EMA20<EMA50 -15 | Giá -24%<EMA200 (downtrend dài hạn) -5 | ADX=46.25 mạnh + giá<EMA200 (downtrend xác nhận) -5 | ST=14.6 bearish -5 | RSI=18.68 oversold +15 | MACD hist=-0.49<0 -10 | Stoch K=2.85 oversold +5 | Stoch K>2.42 cross up +3 | CMF=-0.72 outflow (oversold) +8 | MFI=13.36 weak -6 | OBV confirms trend +4 | Vol=0.48x avg weak -3 | BB pos=0.18 near lower (oversold) +5 | OF pattern=WEAK -3 | AskWall x3 mức ≥5K cp -3 | BidWall x3 mức ≥5K cp +2 | FF net buy intensity=+0.50 +5 | FF flow tăng tốc (trend+accel cùng dương) +5 | PE=2.33 very cheap +10 | PB=0.84 below book +5 | ROE=36.0% excellent +5 | D/E=1.241 moderate 0 | CFO>0 real cash +5 | RevG-YoY=-13.0% declining -3 | ProfitG-YoY=-21.6% declining -3 | Market FAIR+giam sau -4 | CONFLUENCE bull (5/10 groups) +5 | CONFLUENCE bull (5/11) +5,-2.53,v2.3,[],1.0,0,-3,-3,3,0,3,-6,0,-1,-5,0,0,-3,-3,0,-2,-1,3,"RS=0.90(─) +0 | 52W_hi=-47.0% -3 | LinReg_slope=-3.5%/5d -3 | Aroon=-100(▼) -3 | ROC10=-5.2% -3 | Williams%R=-96.7 +3 | NR=Y compress=0.50 +3 | AD_slope20d=-6.5% -2 | EFI=-192,721 -1 | AskWall≤2%@13.7(58K) -2 | BidWall≤2%@13.6(64K) +2 → +0 | FFroom=47.1% +3 | FairVal=-283%(PE×EPS=3549) -6 | EPScons=-1qtrs -1 | PropTrade=-2.3tỷ(5d) -5",-5,-0.25,-0.74,0.45,0.0,1.0,-0.3,-0.14,0.48,0.48,0.5,-0.47,-0.44,0.2,0.13,0.1,0.08,0.11,0.08,0.05,0.06,-0.37,-50.0,11.94,WEAK,SKEWED_DOWN,0.25,0.75,-38.6,1112.0,775,Mixed,259,497.0,212100,637100.0,1768.62,1793.46,1782.83,-0.51,-1.83,-3.47,DEEP_DOWN,12.24,1.99,12.8,62.2,FAIR,CONG_NGHIEP,0.87,0.81,0.13,0.6,0.33,0.03,11.94,NHO,2026-10-01 14:15,,
VCI,GAINER,HSX,2026-10-01 14:14,2026-10-01,14:14,19.45,realtime,162000.0,312800.0,-150800.0,0.34,19350.0,116800.0,19400.0,6900.0,19300.0,131500.0,19450.0,85100.0,19250.0,115000.0,19500.0,137000.0,12M,19.4,20.23,21.17,29.26,21.39,24.09,-4.44,-4.1,-19.47,36.91,-0.56,-0.06,-0.51,12.04,12.9,18.54,20.29,22.04,0.67,0.25,3.45,-106070128.0,-0.47,42.38,19.17,-1.51,-78.57,22.85,19.15,-552114023.71,-17.37,-624193.42,-86.11,0.48,4337500.0,9001130.0,32.73,18.15,-3.0,-12.81,2026-10-01,False,0,True,0.0,100.0,965636035.0,1152231925.0,52.18,58.86,-2.09,-196.9,0.93,0.33,10.52,839155000.0,23416170000.0,-0.3,3.0,2.0,1.0,nan,2026-Q2,14.5,1.3,9.0,4.0,0.0,,,0.0,56.0,26.0,1.73,,13.69,1175848817.29,660258396.93,250588812.87,,0.0,-0.16,-0.26,0.01,0.36,1,39727391134.34,17137894988.46,22589496145.88,21703628000.0,0.0,1.32,-8790735982.23,-57062669.36,,-8847798651.59,-6.55,-6,10,-10,-6,Dịch vụ tài chính,8700,Chứng khoán Vietcap,Công ty Cổ phần Chứng khoán Vietcap,-4.3,-1.46,-4542760000.0,84711865000.0,-0.05,0.93,-2,False,False,0,Bán,FAIR,-30,-5,9,0,-3,-1,5,10,0,6,-4,0.0,0,-37,16,0.0,0.0,0.0,-7.49,NEUTRAL,MEDIUM,EMA20<EMA50 -15 | Giá -19%<EMA200 (downtrend dài hạn) -5 | ADX=29.26 mạnh + giá<EMA200 (downtrend xác nhận) -5 | ST=21.39 bearish -5 | MACD hist=-0.51<0 -10 | Stoch K=12.04 oversold +5 | CMF=-0.47 outflow (oversold) +8 | OBV confirms trend +4 | Vol=0.48x avg weak -3 | OF pattern=WEAK -3 | AskWall x3 mức ≥5K cp -3 | BidWall x3 mức ≥5K cp +2 | FF net trung tính (intensity=-0.02) +0 | FF flow tăng tốc (trend+accel cùng dương) +5 | PE=14.5 cheap +7 | PB=1.3 fair +3 | CFO=-8790735982232 (sector-skip) 0 | RevG-YoY=1.4% positive +1 | ProfitG-YoY=36.3% strong +5 | Market FAIR+giam sau -4,-7.49,v2.3,[],1.0,0,-3,-1,0,0,3,0,0,0,2,3,0,-1,-3,0,-2,-1,3,"RS=0.91(─) +0 | 52W_hi=-40.6% -3 | LinReg_slope=-1.5%/5d -1 | Aroon=-79(▼) -3 | ROC10=-3.0% -1 | Williams%R=-86.1 +3 | NR=N compress=0.86 +0 | AD_slope20d=-17.4% -2 | EFI=-624,193 -1 | AskWall≤2%@19.5(137K) -2 | BidWall≤2%@19.3(132K) +2 → +0 | FFroom=83.8% +3 | EPScons=1qtrs +0 | PropTrade=+0.8tỷ(5d) +2 | Insider=B2/S1(90d) net=+1 +3",5,0.25,-0.7,-0.1,0.24,0.0,-0.3,-0.14,0.3,0.34,0.0,0.4,-0.44,0.2,0.13,0.1,0.08,0.11,0.08,0.05,0.06,0.26,50.0,84.24,WEAK,BIMODAL,0.45,0.55,-34.0,1829.0,2340,Mixed,852,1465.0,1922100,2345600.0,1768.62,1793.46,1782.83,-0.51,-1.83,-3.47,DEEP_DOWN,12.24,1.99,12.8,62.2,FAIR,TAI_CHINH_PHI_NH,0.44,0.53,0.25,0.89,0.5,0.32,84.24,LON,2026-10-01 14:15,,VALUE_OPPORTUNITY
VCK,LOSER,HSX,2026-10-01 14:14,2026-10-01,14:14,27.65,realtime,90600.0,145100.0,-54500.0,0.38,27650.0,2700.0,27750.0,6200.0,27600.0,70800.0,27800.0,14500.0,27550.0,38700.0,27850.0,25100.0,12M,27.7,28.81,29.77,22.98,29.88,,-3.22,-3.85,,35.74,-0.54,-0.07,-0.47,16.57,23.97,27.39,28.9,30.4,0.7,0.1,2.53,74338813.0,0.05,43.91,27.93,-1.77,-7.14,30.4,27.5,159458774.54,1.4,58577.61,-91.3,0.49,1001900.0,2050805.0,38.1,26.31,-3.65,-7.67,2026-10-01,False,0,True,0.0,100.0,2347547337.0,2434919704.0,33.82,29.18,4.65,40.9,0.5,0.33,-1.34,-5284065000.0,-10908830000.0,0.42,,,,,2026-Q2,14.58,2.18,17.0,9.0,454.0,,,0.0,63.0,45.0,4.0,,12.88,2353844251.18,1727012992.99,1104360008.19,,454.0,-0.07,-0.11,0.37,0.57,1,47889303869.39,31206270512.26,16683033357.12,10639264000.0,0.0,0.54,-6386814845.21,-188923073.93,,-6575737919.15,-1.78,-4,10,-10,-4,Dịch vụ tài chính,8700,Chứng Khoán VPS,Công ty Cổ phần Chứng Khoán VPS,-4.3,-1.46,-7398585000.0,28184680000.0,-0.26,0.93,-4,False,False,0,,FAIR,-23,-5,-7,5,-3,-1,0,10,0,10,-4,0.0,0,-33,14,0.0,0.0,0.0,-12.96,SELL,MEDIUM,EMA20<EMA50 -15 | Giá<EMA20 (no EMA200) -3 | ST=29.88 bearish -5 | MACD hist=-0.47<0 -10 | Stoch K=16.57 oversold +5 | OBV divergence -4 | Vol=0.49x avg weak -3 | BB pos=0.1 near lower (oversold) +5 | OF pattern=WEAK -3 | AskWall x3 mức ≥5K cp -3 | BidWall x2 mức ≥5K cp +2 | FF net trung tính (intensity=+0.07) +0 | PE=14.58 cheap +7 | PB=2.18 neutral 0 | ROE=17.0% good +3 | CFO=-6386814845213 (sector-skip) 0 | RevG-YoY=36.6% strong +5 | ProfitG-YoY=57.1% strong +5 | Market FAIR+giam sau -4,-12.96,v2.3,['EMA200'],0.89,0,-3,-1,0,0,3,-6,0,0,-10,0,0,-1,0,0,1,1,3,"RS=0.96(─) +0 | 52W_hi=-27.4% -3 | LinReg_slope=-1.8%/5d -1 | Aroon=-7(─) +0 | ROC10=-3.6% -1 | Williams%R=-91.3 +3 | NR=N compress=0.98 +0 | AD_slope20d=+1.4% +1 | EFI=+58,578 +1 | AskWall≤2%@27.9(25K) -2 | BidWall≤2%@27.6(71K) +2 → +0 | FFroom=96.4% +3 | FairVal=-368%(PE×EPS=5902) -6 | EPScons=1qtrs +0 | PropTrade=-5.3tỷ(5d) -10",-10,-0.5,-0.51,-0.1,-0.2,0.62,-0.3,-0.14,0.11,0.14,0.0,0.67,-0.44,0.2,0.13,0.1,0.08,0.11,0.08,0.05,0.06,-0.72,-200.0,27.51,WEAK,BIMODAL,0.33,0.67,-26.4,1159.0,852,Mixed,280,560.0,328300,653800.0,1768.62,1793.46,1782.83,-0.51,-1.83,-3.47,DEEP_DOWN,12.24,1.99,12.8,62.2,FAIR,TAI_CHINH_PHI_NH,0.53,0.59,0.68,0.75,0.5,0.86,27.51,VUA,2026-10-01 14:15,,
VGC,LOSER,HSX,2026-10-01 14:15,2026-10-01,14:14,44.15,realtime,58900.0,98000.0,-39100.0,0.38,44150.0,1900.0,44200.0,4100.0,44100.0,8800.0,44250.0,1600.0,44050.0,5700.0,44300.0,3500.0,12M,44.15,41.74,40.72,17.63,40.74,41.6,2.5,5.77,6.13,65.89,1.03,0.4,0.63,89.98,91.85,37.85,41.19,44.53,1.27,0.94,2.88,-2798839.0,0.24,82.03,43.35,6.35,85.71,45.5,38.15,-21450373.17,9.82,678761.65,-18.37,0.71,347300.0,486595.0,55.13,34.0,10.79,10.65,2026-10-01,False,0,True,0.0,49.0,215562654.0,219691500.0,12.1,18.28,-6.18,4.72,-0.17,0.61,-1.5,3307005000.0,135085020000.0,-4.23,0.0,0.0,0.0,,2026-Q2,14.18,2.4,16.0,5.0,0.0,,,0.0,28.0,13.0,0.72,,7.09,4462451810.64,1388342768.46,562999894.01,1000459462.23,0.0,0.36,1.61,0.38,0.28,1,27670047800.21,11741102096.57,15928945703.64,2924065418.59,2614866854.84,1.36,3339074764.41,-4594423585.99,,-1255348821.59,2.38,30,10,10,10,Xây dựng và Vật liệu,2300,Tổng Công ty Viglacera,Tổng Công ty Viglacera - Công ty Cổ phần,-4.3,-1.46,-512400000.0,15466045000.0,-0.03,0.93,-2,False,False,0,,FAIR,25,2,-6,-5,-3,3,-10,10,10,10,-4,0.0,5,27,30,0.0,0.0,0.0,25.71,BUY,MEDIUM,EMA20>EMA50 +15 | Giá 6%>EMA200 (uptrend dài hạn) +5 | ST=40.74 bullish +5 | MACD hist=0.63>0 +10 | Stoch K=89.98 overbought -5 | Stoch K<91.85 cross down -3 | CMF=0.24 inflow (overbought) -8 | MFI=82.03 strong inflow +6 | OBV divergence -4 | BB pos=0.94 near upper (overbought) -5 | OF pattern=WEAK -3 | AskClear (no wall) +1 | BidWall x2 mức ≥5K cp +2 | FF net sell intensity=-0.20 -5 | FF flow giảm tốc (trend+accel cùng âm) -5 | PE=14.18 cheap +7 | PB=2.4 neutral 0 | ROE=16.0% good +3 | D/E=1.357 moderate 0 | CFO>0 real cash +5 | CF quality=2.38 high +5 | RevG-YoY=38.2% strong +5 | ProfitG-YoY=28.5% strong +5 | Market FAIR+giam sau -4 | CONFLUENCE bull (5/10 groups) +5 | CONFLUENCE bull (5/11) +5,20.71,v2.3,[],1.0,4,0,3,0,3,3,0,0,0,5,0,0,3,3,0,2,2,-3,"RS=1.16(▲) +4 | 52W_hi=-19.9% +0 | LinReg_slope=+6.3%/5d +3 | Aroon=+86(▲) +3 | ROC10=+10.8% +3 | Williams%R=-18.4 -3 | NR=N compress=1.03 +0 | AD_slope20d=+9.8% +2 | EFI=+678,762 +2 | AskClear +1 | BidWall≤2%@44.1(9K) +2 → +3 | FFroom=48.1% +3 | EPScons=1qtrs +0 | PropTrade=+3.3tỷ(5d) +5",5,0.25,0.66,0.07,-0.08,-0.62,-0.3,0.86,-0.26,0.34,1.0,0.67,-0.44,0.2,0.13,0.1,0.08,0.11,0.08,0.05,0.06,-1.89,-850.0,15.41,WEAK,BIMODAL,0.38,0.62,-65.2,631.0,548,Retail,210,312.0,119700,198800.0,1768.62,1793.46,1782.83,-0.51,-1.83,-3.47,DEEP_DOWN,12.24,1.99,12.8,62.2,FAIR,CONG_NGHIEP,0.43,0.41,0.87,0.2,0.7,0.9,15.41,VUA,2026-10-01 14:15,,
VHC,GAINER,HSX,2026-10-01 14:15,2026-10-01,14:14,49.65,realtime,55500.0,11900.0,43600.0,0.82,49650.0,800.0,49700.0,3100.0,49600.0,7800.0,49750.0,3100.0,49550.0,6000.0,49800.0,6900.0,12M,49.65,50.22,52.14,34.03,50.9,55.96,-3.68,-1.14,-11.28,42.03,-1.02,-0.03,-0.99,22.88,12.2,47.92,50.36,52.81,0.92,0.35,1.85,1700428.0,-0.22,35.95,48.53,-2.11,-92.86,53.0,48.0,-4679427.39,-38.2,-8769.1,-51.47,0.71,214700.0,300460.0,69.9,48.0,-2.07,-4.7,2026-10-01,False,0,True,0.0,100.0,172735610.0,209453159.0,4.89,16.43,-11.54,-51.33,-0.06,0.11,0.54,10140000.0,10140000.0,,0.0,0.0,0.0,,2026-Q2,7.48,1.08,15.0,11.0,2161.0,,,0.0,18.0,12.0,2.03,,5.51,3394053086.88,703020024.66,475173642.48,567367880.77,2161.0,0.15,0.79,0.06,-0.08,-1,13513956117.46,9821441014.41,3692515103.05,2375485440.43,94415929.13,0.38,2407151117.14,-287420747.27,,2119730369.87,1.7,31,13,10,8,Thực phẩm và đồ uống,3500,Thủy sản Vĩnh Hoàn,Công ty Cổ phần Vĩnh Hoàn,-4.3,-1.46,544570000.0,10625045000.0,0.05,0.93,2,False,False,0,,FAIR,-30,-2,-2,0,0,0,-10,14,10,0,-4,0.0,0,-45,17,0.0,0.0,0.0,-15.13,SELL,MEDIUM,"EMA20<EMA50 -15 | Giá -11%<EMA200 (downtrend dài hạn) -5 | ADX=34.03 mạnh + giá<EMA200 (downtrend xác nhận) -5 | ST=50.9 bearish -5 | RSI=42.03 neutral +5 | MACD hist=-0.99<0 -10 | Stoch K>12.2 cross up +3 | CMF=-0.22 outflow (oversold) +8 | MFI=35.95 weak -6 | OBV divergence -4 | AskWall 49.80 (7K cp, +0.3%) -2 | BidWall x2 mức ≥5K cp +2 | FF net sell intensity=-0.54 (5d/20d aligned) -10 | PE=7.48 very cheap +10 | PB=1.08 fair +3 | ROE=15.0% neutral 0 | D/E=0.376 healthy +1 | CFO>0 real cash +5 | CF quality=1.7 high +5 | RevG-YoY=6.3% positive +1 | ProfitG-YoY=-7.7% slight decline -1 | Market FAIR+giam sau -4",-15.13,v2.3,[],1.0,0,-3,-1,0,0,3,-6,0,-1,0,0,0,-1,-3,0,-2,-1,0,"RS=1.00(─) +0 | 52W_hi=-29.0% -3 | LinReg_slope=-2.1%/5d -1 | Aroon=-93(▼) -3 | ROC10=-2.1% -1 | Williams%R=-51.5 +0 | NR=N compress=1.19 +0 | AD_slope20d=-38.2% -2 | EFI=-8,769 -1 | AskWall≤2%@49.8(7K) -2 | BidWall≤2%@49.6(8K) +2 → +0 | FFroom=82.5% +3 | FairVal=-77%(PE×EPS=28093) -6 | EPScons=-1qtrs -1 | PropTrade=+0.0tỷ(5d) +0",0,0.0,-0.7,-0.1,-0.2,0.0,0.0,0.0,-0.26,0.28,1.0,-0.07,-0.44,0.2,0.13,0.1,0.08,0.11,0.08,0.05,0.06,2.16,1050.0,10.44,CONTENTION,BIMODAL,0.69,0.31,1.0,279.0,759,Retail,382,373.0,145700,65900.0,1768.62,1793.46,1782.83,-0.51,-1.83,-3.47,DEEP_DOWN,12.24,1.99,12.8,62.2,FAIR,TIEU_DUNG_DICH_VU,0.72,0.71,0.1,0.17,0.88,0.25,10.44,NHO,2026-10-01 14:15,,VALUE_OPPORTUNITY
VHM,LOSER,HSX,2026-10-01 14:15,2026-10-01,14:14,68.0,realtime,77700.0,47900.0,29800.0,0.62,68100.0,138700.0,68200.0,31200.0,68000.0,27800.0,68300.0,13000.0,67900.0,118300.0,68400.0,23100.0,12M,68.2,69.97,70.79,13.04,74.61,63.61,-1.16,-2.53,7.22,42.93,-0.99,-0.2,-0.79,41.17,43.78,65.9,70.66,75.41,2.51,0.24,3.68,-2904881.0,-0.42,43.65,67.28,-1.59,-64.29,79.5,65.2,-88427906.28,-31767.98,-3293309.78,-65.52,0.52,5440400.0,10496450.0,83.44,41.84,-4.35,-7.08,2026-10-01,False,0,True,0.0,50.0,3578922224.0,4107412004.0,261.04,676.1,-694.25,-2569.21,-1.14,0.11,3.88,20199660000.0,-88179282000.0,0.66,0.0,0.0,0.0,,2026-Q2,7.04,2.13,33.0,9.0,-484.0,,,0.0,44.0,36.0,0.86,,7.61,52107641000.0,35765915000.0,22683056000.0,32838551000.0,-484.0,-0.2,-0.11,1.75,2.02,1,1113193186000.0,284772810000.0,828420376000.0,62820116000.0,152688244000.0,2.91,41189141000.0,-78087978000.0,,-36898837000.0,0.98,14,15,5,-6,Bất động sản,8600,Vinhomes,Công ty Cổ phần Vinhomes,-4.3,-1.46,36236021000.0,370833620000.0,0.1,0.93,4,True,False,3,,FAIR,-15,-8,12,0,-3,-1,-10,13,0,10,-4,0.0,0,-22,23,0.0,0.0,0.0,-5.82,NEUTRAL,MEDIUM,EMA20<EMA50 -15 | Giá 7%>EMA200 (uptrend dài hạn) +5 | ST=74.61 bearish -5 | RSI=42.93 neutral +5 | MACD hist=-0.79<0 -10 | Stoch K<43.78 cross down -3 | CMF=-0.42 outflow (oversold) +8 | OBV confirms trend +4 | OF pattern=WEAK -3 | AskWall x3 mức ≥5K cp -3 | BidWall x3 mức ≥5K cp +2 | FF net sell intensity=-0.74 (5d/20d aligned) -10 | PE=7.04 very cheap +10 | PB=2.13 neutral 0 | ROE=33.0% excellent +5 | D/E=2.909 high -2 | CFO=41189141000000 (sector-skip) 0 | RevG-YoY=174.6% strong +5 | ProfitG-YoY=202.1% strong +5 | Market FAIR+giam sau -4,-5.82,v2.3,[],1.0,0,0,-1,0,0,3,0,0,0,5,0,0,-1,-3,0,-2,-2,1,"RS=0.97(─) +0 | 52W_hi=-18.5% +0 | LinReg_slope=-1.6%/5d -1 | Aroon=-64(▼) -3 | ROC10=-4.3% -1 | Williams%R=-65.5 +1 | NR=N compress=0.74 +0 | AD_slope20d=-31768.0% -2 | EFI=-3,293,310 -2 | AskWall≤2%@68.2(31K) -2 | BidWall≤2%@67.9(118K) +2 → +0 | FFroom=43.6% +3 | EPScons=1qtrs +0 | PropTrade=+20.2tỷ(5d) +5",5,0.25,-0.36,-0.28,0.32,0.0,-0.3,-0.14,-0.26,0.45,0.0,0.67,-0.44,0.2,0.13,0.1,0.08,0.11,0.08,0.05,0.06,-0.44,-300.0,366.11,WEAK,BIMODAL,0.36,0.64,-35.4,596.0,8916,Retail,3399,5389.0,1910900,3341100.0,1768.62,1793.46,1782.83,-0.51,-1.83,-3.47,DEEP_DOWN,12.24,1.99,12.8,62.2,FAIR,BAT_DONG_SAN,0.58,0.59,0.71,0.38,0.5,0.79,366.11,LON,2026-10-01 14:15,,
VIB,GAINER,HSX,2026-10-01 14:15,2026-10-01,14:14,13.35,realtime,709400.0,758600.0,-49200.0,0.48,13400.0,47500.0,13450.0,345400.0,13350.0,184100.0,13500.0,424300.0,13300.0,222400.0,13550.0,248600.0,12M,13.4,13.43,13.59,12.87,13.87,14.54,-1.18,-0.22,-7.84,48.26,-0.05,-0.01,-0.04,37.82,29.13,13.15,13.48,13.82,0.26,0.37,1.94,-119066286.0,-0.12,59.56,13.32,-1.23,-42.86,13.83,13.15,-382869110.39,-2.79,-2318.07,-58.33,1.21,5233100.0,4321291.0,17.92,12.83,-1.47,-0.15,2026-10-01,False,0,True,0.0,4.99,50272887.0,169859884.0,32.64,6.73,25.92,104.74,-0.47,0.5,-0.63,7802675000.0,22238775000.0,0.13,9.0,8.0,1.0,Phạm Thị Minh Huệ,2026-Q2,6.71,1.04,16.0,1.0,560.0,,,0.0,66.0,34.0,0.0,,0.0,5367740000.0,,1905424000.0,3663931000.0,560.0,-0.08,-0.15,0.05,-0.08,-1,580998048000.0,47837834000.0,533160214000.0,,,11.14,12935391000.0,-225985000.0,-2085210000.0,12709406000.0,1.78,22,16,10,-4,Ngân hàng,8300,VIBBank,Ngân hàng Thương mại Cổ phần Quốc tế Việt Nam,-4.3,-1.46,36285099400.0,70496265000.0,0.51,0.93,4,True,False,3,Mua,FAIR,-25,-2,12,0,0,-1,5,16,0,0,-4,0.0,0,-23,9,0.0,0.0,0.0,-4.15,NEUTRAL,MEDIUM,EMA20<EMA50 -15 | Giá -8%<EMA200 (downtrend dài hạn) -5 | ST=13.87 bearish -5 | RSI=48.26 neutral +5 | MACD hist=-0.04<0 -10 | Stoch K>29.13 cross up +3 | CMF=-0.12 outflow (oversold) +8 | OBV confirms trend +4 | AskWall x3 mức ≥5K cp -3 | BidWall x3 mức ≥5K cp +2 | FF net buy intensity=+0.66 (5d/20d aligned) +10 | FF flow giảm tốc (trend+accel cùng âm) -5 | PE=6.71 very cheap +10 | PB=1.04 fair +3 | ROE=16.0% good +3 | CFO=12935391000000 (sector-skip) 0 | RevG-YoY=4.9% positive +1 | ProfitG-YoY=-8.2% slight decline -1 | Market FAIR+giam sau -4,-4.15,v2.3,[],1.0,0,-3,0,0,0,-7,-6,0,-1,10,5,0,-1,-2,0,-1,-1,0,"RS=1.04(─) +0 | 52W_hi=-25.5% -3 | LinReg_slope=-1.2%/5d -1 | Aroon=-43(▼) -2 | ROC10=-1.5% +0 | Williams%R=-58.3 +0 | NR=N compress=1.05 +0 | AD_slope20d=-2.8% -1 | EFI=-2,318 -1 | AskWall≤2%@13.4(345K) -2 | BidWall≤2%@13.3(222K) +2 → +0 | FFroom=1.5% -7 | FairVal=-83%(PE×EPS=7280) -6 | EPScons=-1qtrs -1 | PropTrade=+7.8tỷ(5d) +10 | Insider=B8/S1(90d) net=+7 +5",15,0.75,-0.58,-0.07,0.4,0.0,0.0,-0.14,-0.07,0.34,0.0,-0.07,-0.44,0.2,0.13,0.1,0.08,0.11,0.08,0.05,0.06,0.37,50.0,69.18,CONTENTION,BIMODAL,0.45,0.55,67.5,3498.0,1333,Mixed,664,646.0,2091600,2551100.0,1768.62,1793.46,1782.83,-0.51,-1.83,-3.47,DEEP_DOWN,12.24,1.99,12.8,62.2,FAIR,NGAN_HANG,0.54,0.55,0.22,0.81,0.5,0.28,69.18,VUA,2026-10-01 14:15,,
VIC,LOSER,HSX,2026-10-01 14:15,2026-10-01,14:14,221.0,realtime,30000.0,17300.0,12700.0,0.63,219900.0,9400.0,220000.0,600.0,219800.0,10500.0,220300.0,500.0,219700.0,13000.0,220500.0,1300.0,12M,220.0,232.6,226.99,21.79,245.56,186.63,2.47,-5.42,17.88,38.63,0.13,-3.02,3.14,4.26,8.61,222.21,239.12,256.02,7.54,0.0,3.43,71606148.0,-0.23,57.47,226.17,-6.26,-100.0,265.0,226.0,78294164.84,-19.49,-4854793.19,-98.88,0.55,2377200.0,4340550.0,265.0,87.6,-8.79,-10.02,2026-10-01,False,0,True,0.0,48.02,3487830385.0,3727215320.0,194.94,564.14,-369.19,-1253.89,-2.4,0.33,-4.18,-13513940000.0,124603820000.0,-0.15,6.0,1.0,5.0,Nguyễn Thị Thu Hiền,2026-Q2,82.81,10.34,14.0,2.0,1033.0,,,0.0,20.0,6.0,0.78,,35.13,117568392000.0,29496057000.0,8711953000.0,16000125000.0,1033.0,0.13,0.2,1.53,10.26,1,1309346482000.0,191669605000.0,1117676877000.0,135759351000.0,220051194000.0,5.83,69244889000.0,-139928403000.0,,-70683514000.0,6.1,8,-8,10,6,Bất động sản,8600,VinGroup,Tập đoàn Vingroup - Công ty CP,-4.3,-1.46,-53529322200.0,530190650000.0,-0.1,0.93,-4,False,True,-3,Bán,FAIR,15,15,12,5,0,3,-15,-11,0,10,-4,0.0,0,34,-7,0.0,0.0,0.0,5.49,NEUTRAL,MEDIUM,EMA20>EMA50 +15 | Giá 18%>EMA200 (uptrend dài hạn) +5 | ST=245.56 bearish -5 | MACD hist=3.14>0 +10 | Stoch K=4.26 oversold +5 | CMF=-0.23 outflow (oversold) +8 | OBV confirms trend +4 | BB pos=0.0 near lower (oversold) +5 | AskClear (no wall) +1 | BidWall x3 mức ≥5K cp +2 | FF net sell intensity=-0.49 (5d/20d aligned) -10 | FF flow giảm tốc (trend+accel cùng âm) -5 | PE=82.81 expensive -5 | PB=10.34 expensive -3 | ROE=14.000000000000002% neutral 0 | D/E=5.831 very high -3 | CFO=69244889000000 (sector-skip) 0 | RevG-YoY=153.3% strong +5 | ProfitG-YoY=1025.9% strong +5 | Market FAIR+giam sau -4 | CONFLUENCE bull (6/10 groups) +5,5.49,v2.3,[],1.0,0,0,-3,0,3,3,-6,0,0,-10,-5,0,-3,-3,-2,-2,-3,3,"RS=0.94(─) +0 | 52W_hi=-16.6% +0 | LinReg_slope=-6.3%/5d -3 | Aroon=-100(▼) -3 | Donch_BD↓(<226.00) -2 | ROC10=-8.8% -3 | Williams%R=-98.9 +3 | NR=N compress=1.73 +0 | AD_slope20d=-19.5% -2 | EFI=-4,854,793 -3 | AskClear +1 | BidWall≤2%@219.7(13K) +2 → +3 | FFroom=44.9% +3 | FairVal=-1546%(PE×EPS=13429) -6 | EPScons=1qtrs +0 | PropTrade=-13.5tỷ(5d) -10 | Insider=B1/S5(90d) net=-4 -5",-15,-0.75,0.13,0.52,0.28,0.62,0.0,0.86,-0.44,-0.59,0.0,0.67,-0.44,0.2,0.13,0.1,0.08,0.11,0.08,0.05,0.06,-3.12,-7100.0,517.15,CONTENTION,BIMODAL,0.37,0.63,94.3,310.0,7455,Retail,2450,4970.0,847200,1451500.0,1768.62,1793.46,1782.83,-0.51,-1.83,-3.47,DEEP_DOWN,12.24,1.99,12.8,62.2,FAIR,BAT_DONG_SAN,0.17,0.21,0.91,0.12,0.5,0.79,517.15,LON,2026-10-01 14:15,,
VIX,LOSER,HSX,2026-10-01 14:15,2026-10-01,14:15,12.15,realtime,314000.0,98900.0,215100.0,0.76,12100.0,948300.0,12150.0,124800.0,12050.0,1092900.0,12200.0,394100.0,12000.0,2029800.0,12250.0,381600.0,12M,12.15,12.84,13.35,29.44,13.65,16.44,-3.82,-5.37,-26.09,36.38,-0.29,-0.09,-0.2,9.43,9.87,11.94,12.98,14.02,0.48,0.1,3.95,-1077812972.0,-0.56,32.07,12.23,-2.77,-100.0,14.3,12.2,-1927234942.04,-23.18,-2668298.36,-92.86,0.7,22975100.0,32742515.0,32.53,11.0,-5.45,-13.52,2026-10-01,False,0,True,0.0,100.0,2415313812.0,2572788533.0,58.82,80.51,-21.69,-368.14,0.63,0.33,16.11,-484039540000.0,-487913209000.0,-11.36,0.0,0.0,0.0,,2026-Q2,5.71,0.97,16.0,12.0,114.0,,,0.0,66.0,47.0,7.42,,6.3,1349303071.72,194120633.15,75882025.13,,114.0,-0.18,-0.45,-0.32,-0.94,-1,38592337487.37,32695309239.82,5897028247.55,4559500000.0,0.0,0.18,-6969094558.68,-162341070.0,,-7131435628.68,-1.29,2,18,-10,-6,Dịch vụ tài chính,8700,Chứng khoán VIX,Công ty Cổ phần Chứng khoán VIX,-4.3,-1.46,-11803202000.0,282043200000.0,-0.04,0.93,-2,False,False,0,,FAIR,-30,-5,6,5,0,-1,0,18,0,-6,-4,0.0,0,-38,5,0.0,0.0,0.0,-18.13,SELL,MEDIUM,EMA20<EMA50 -15 | Giá -26%<EMA200 (downtrend dài hạn) -5 | ADX=29.44 mạnh + giá<EMA200 (downtrend xác nhận) -5 | ST=13.65 bearish -5 | MACD hist=-0.2<0 -10 | Stoch K=9.43 oversold +5 | CMF=-0.56 outflow (oversold) +8 | MFI=32.07 weak -6 | OBV confirms trend +4 | BB pos=0.1 near lower (oversold) +5 | AskWall x3 mức ≥5K cp -3 | BidWall x3 mức ≥5K cp +2 | FF net sell intensity=-0.16 (5d/20d aligned) -5 | FF flow tăng tốc (trend+accel cùng dương) +5 | PE=5.71 very cheap +10 | PB=0.97 below book +5 | ROE=16.0% good +3 | CFO=-6969094558676 (sector-skip) 0 | RevG-YoY=-31.7% declining -3 | ProfitG-YoY=-94.2% declining -3 | Market FAIR+giam sau -4,-18.13,v2.3,[],1.0,0,-5,-3,0,0,3,-6,0,-1,-10,0,0,-1,-3,-2,-2,-1,3,"RS=0.90(─) +0 | 52W_hi=-62.6% -5 | LinReg_slope=-2.8%/5d -1 | Aroon=-100(▼) -3 | Donch_BD↓(<12.20) -2 | ROC10=-5.5% -3 | Williams%R=-92.9 +3 | NR=N compress=1.24 +0 | AD_slope20d=-23.2% -2 | EFI=-2,668,298 -1 | AskWall≤2%@12.2(394K) -2 | BidWall≤2%@12.1(1093K) +2 → +0 | FFroom=93.9% +3 | FairVal=-720%(PE×EPS=1482) -6 | EPScons=-1qtrs -1 | PropTrade=-484.0tỷ(5d) -10",-10,-0.5,-0.77,-0.17,0.12,0.62,0.0,-0.14,0.11,0.41,0.0,-0.47,-0.44,0.2,0.13,0.1,0.08,0.11,0.08,0.05,0.06,-1.22,-150.0,279.09,CONTENTION,BIMODAL,0.31,0.69,6.7,2274.0,10000,Mixed,2683,7298.0,6954600,15669900.0,1768.62,1793.46,1782.83,-0.51,-1.83,-3.47,DEEP_DOWN,12.24,1.99,12.8,62.2,FAIR,TAI_CHINH_PHI_NH,0.8,0.92,0.25,0.75,0.5,0.07,279.09,LON,2026-10-01 14:15,,
VJC,LOSER,HSX,2026-10-01 14:15,2026-10-01,14:15,129.5,realtime,110600.0,36000.0,74600.0,0.75,129300.0,1100.0,129400.0,100.0,129200.0,100.0,129500.0,1100.0,129100.0,5800.0,129600.0,27200.0,12M,129.3,129.96,129.15,27.18,124.85,133.03,0.63,-0.51,-2.8,49.79,1.63,0.16,1.47,58.71,64.44,119.9,128.97,138.03,3.03,0.52,2.34,9868780.0,0.2,64.25,134.39,1.94,42.86,138.0,122.5,88756509.99,5.06,236792.51,-56.13,0.74,819500.0,1100900.0,169.22,99.61,1.97,2.95,2026-10-01,False,0,True,0.0,30.0,183377073.0,230727888.0,52.53,43.51,9.02,97.91,-0.08,0.39,-3.64,585990000.0,28481425000.0,-0.12,0.0,0.0,0.0,,2026-Q2,46.63,3.86,9.0,2.0,0.0,,,0.0,8.0,2.0,1.04,,32.58,30514342299.25,1717422502.16,333740098.65,433861552.91,0.0,0.45,-0.67,0.71,-0.49,-1,149092842836.3,26397543807.67,122695299028.63,27470483400.44,44822769103.97,4.65,1509051393.02,-26554114681.27,,-25045063288.25,0.71,-1,-8,5,2,Du lịch và Giải trí,5700,Vietjet Air,Công ty Cổ phần Hàng không Vietjet,-4.3,-1.46,-5930510000.0,107285110000.0,-0.06,0.93,-2,False,False,0,,FAIR,12,12,2,0,0,-1,-5,-11,5,2,-4,0.0,0,29,-5,0.0,0.0,0.0,8.09,NEUTRAL,MEDIUM,"EMA20>EMA50 +15 | Giá -3%<EMA200 (dưới xu hướng) -3 | ADX=27.18 mạnh + giá<EMA200 (downtrend xác nhận) -5 | ST=124.85 bullish +5 | RSI=49.79 neutral +5 | MACD hist=1.47>0 +10 | Stoch K<64.44 cross down -3 | CMF=0.2 inflow (overbought) -8 | MFI=64.25 strong inflow +6 | OBV confirms trend +4 | AskWall 129.60 (27K cp, +0.1%) -2 | BidWall 129.10 (6K cp, -0.3%) +1 | FF net trung tính (intensity=+0.09) +0 | FF flow giảm tốc (trend+accel cùng âm) -5 | PE=46.63 expensive -5 | PB=3.86 expensive -3 | D/E=4.648 very high -3 | CFO>0 real cash +5 | RevG-YoY=70.6% strong +5 | ProfitG-YoY=-48.8% declining -3 | Market FAIR+giam sau -4",8.09,v2.3,[],1.0,0,-3,0,0,0,0,0,0,-1,2,0,0,1,2,0,2,1,0,"RS=1.08(─) +0 | 52W_hi=-23.5% -3 | LinReg_slope=+1.9%/5d +1 | Aroon=+43(▲) +2 | ROC10=+2.0% +0 | Williams%R=-56.1 +0 | NR=N compress=1.40 +0 | AD_slope20d=+5.1% +2 | EFI=+236,793 +1 | AskWall≤2%@129.6(27K) -2 | BidWall≤2%@129.1(6K) +2 → +0 | FFroom=23.8% +0 | EPScons=-1qtrs -1 | PropTrade=+0.6tỷ(5d) +2",2,0.1,0.23,0.41,0.2,0.0,0.0,-0.14,-0.19,-0.38,0.5,0.07,-0.44,0.2,0.13,0.1,0.08,0.11,0.08,0.05,0.06,-1.89,-2500.0,107.16,CONTENTION,BIMODAL,0.72,0.28,-7.9,754.0,1081,Retail,628,436.0,528400,210200.0,1768.62,1793.46,1782.83,-0.51,-1.83,-3.47,DEEP_DOWN,12.24,1.99,12.8,62.2,FAIR,TIEU_DUNG_DICH_VU,0.17,0.14,0.68,0.42,0.6,0.5,107.16,LON,2026-10-01 14:15,,
VND,LOSER,HSX,2026-10-01 14:15,2026-10-01,14:15,13.75,realtime,84300.0,134900.0,-50600.0,0.38,13750.0,100000.0,13800.0,131000.0,13700.0,253900.0,13850.0,153700.0,13650.0,207700.0,13900.0,114200.0,12M,13.75,14.8,15.68,42.09,15.2,17.1,-5.61,-7.09,-19.59,28.62,-0.63,-0.08,-0.56,4.87,5.15,13.36,14.89,16.41,0.46,0.13,3.35,-300846200.0,-0.5,21.72,13.73,-3.75,-100.0,16.6,13.8,-785742699.88,-13.82,-1160833.15,-96.97,0.79,7598200.0,9627170.0,23.96,13.7,-7.09,-16.16,2026-10-01,False,0,True,0.0,100.0,1408727561.0,1522299908.0,31.93,50.41,-18.48,-271.06,0.78,0.17,11.36,791965000.0,936720000.0,-0.0,0.0,0.0,0.0,,2026-Q2,7.81,0.98,13.0,5.0,580.0,,,0.0,70.0,37.0,1.84,,9.2,1869167915.62,1537317559.64,882551882.48,,580.0,0.03,0.62,0.07,1.39,1,49866116931.03,21432124678.2,28433992252.84,23645363986.41,0.0,1.33,-4435192060.53,63026817.58,,-4372165242.95,-2.19,11,15,-10,6,Dịch vụ tài chính,8700,Chứng khoán VNDIRECT,Công ty Cổ phần Chứng khoán VNDIRECT,-4.3,-1.46,-20909595000.0,105452130000.0,-0.2,0.93,-4,False,True,-3,,FAIR,-30,10,6,5,0,-1,0,15,0,6,-4,0.0,0,-27,15,0.0,0.0,0.0,-4.34,NEUTRAL,MEDIUM,EMA20<EMA50 -15 | Giá -20%<EMA200 (downtrend dài hạn) -5 | ADX=42.09 mạnh + giá<EMA200 (downtrend xác nhận) -5 | ST=15.2 bearish -5 | RSI=28.62 oversold +15 | MACD hist=-0.56<0 -10 | Stoch K=4.87 oversold +5 | CMF=-0.5 outflow (oversold) +8 | MFI=21.72 weak -6 | OBV confirms trend +4 | BB pos=0.13 near lower (oversold) +5 | AskWall x3 mức ≥5K cp -3 | BidWall x3 mức ≥5K cp +2 | FF net sell intensity=-0.22 (5d/20d aligned) -5 | FF flow tăng tốc (trend+accel cùng dương) +5 | PE=7.81 very cheap +10 | PB=0.98 below book +5 | ROE=13.0% neutral 0 | CFO=-4435192060534 (sector-skip) 0 | RevG-YoY=7.4% positive +1 | ProfitG-YoY=139.5% strong +5 | Market FAIR+giam sau -4 | CONFLUENCE bull (5/10 groups) +5,-4.34,v2.3,[],1.0,-4,-3,-3,0,0,3,-6,0,0,2,0,0,-3,-3,-2,-2,-1,3,"RS=0.88(▼) -4 | 52W_hi=-42.6% -3 | LinReg_slope=-3.8%/5d -3 | Aroon=-100(▼) -3 | Donch_BD↓(<13.80) -2 | ROC10=-7.1% -3 | Williams%R=-97.0 +3 | NR=N compress=0.88 +0 | AD_slope20d=-13.8% -2 | EFI=-1,160,833 -1 | AskWall≤2%@13.8(154K) -2 | BidWall≤2%@13.7(254K) +2 → +0 | FFroom=92.5% +3 | FairVal=-82%(PE×EPS=7540) -6 | EPScons=1qtrs +0 | PropTrade=+0.8tỷ(5d) +2",2,0.1,-0.85,0.34,0.12,0.62,0.0,-0.14,0.11,0.31,0.0,0.4,-0.44,0.2,0.13,0.1,0.08,0.11,0.08,0.05,0.06,-0.36,-50.0,104.97,NORMAL,SKEWED_DOWN,0.34,0.66,-5.2,1271.0,5944,Mixed,1084,4680.0,2459400,4835000.0,1768.62,1793.46,1782.83,-0.51,-1.83,-3.47,DEEP_DOWN,12.24,1.99,12.8,62.2,FAIR,TAI_CHINH_PHI_NH,0.61,0.74,0.25,0.75,0.5,0.32,104.97,LON,2026-10-01 14:15,,
VNM,LOSER,HSX,2026-10-01 14:15,2026-10-01,14:15,58.7,realtime,5200.0,93100.0,-87900.0,0.05,58600.0,69100.0,58700.0,30800.0,58500.0,220700.0,58800.0,41400.0,58400.0,74500.0,58900.0,39400.0,12M,58.7,60.35,60.24,20.12,62.33,60.2,0.18,-2.73,-2.49,39.0,-0.37,-0.19,-0.19,28.28,39.66,58.75,60.38,62.0,1.1,0.0,1.87,19363827.0,-0.17,43.71,59.65,-0.37,-42.86,62.3,58.6,-175364928.38,-4.5,-557325.19,-96.3,1.36,3146800.0,2317240.0,73.11,53.26,-2.49,-4.08,2026-10-01,False,0,True,0.0,100.0,1048375962.0,2089955445.0,125.39,145.45,3.59,35.55,1.92,0.61,-1.26,26112262000.0,66319380000.0,0.2,1.0,1.0,0.0,,2026-Q2,11.32,3.9,34.0,20.0,1369.0,,,0.0,42.0,16.0,1.55,,8.92,18847347464.99,8204085955.76,3167031130.41,3908962379.22,1369.0,0.17,0.3,0.13,0.28,1,57451803693.88,35666334973.93,21785468719.95,8323441876.84,131430000.0,0.61,8668137048.52,1976101215.68,,10644238264.2,0.92,22,9,5,8,Thực phẩm và đồ uống,3500,VINAMILK,Công ty Cổ phần Sữa Việt Nam,-4.3,-1.46,-50425237200.0,185419280000.0,-0.27,0.93,-4,False,True,-3,Mua,FAIR,7,-13,12,5,0,-1,0,10,5,8,-4,0.0,5,9,17,0.0,0.0,0.0,18.68,NEUTRAL,MEDIUM,EMA20>EMA50 +15 | Giá -2%<EMA200 (dưới xu hướng) -3 | ST=62.33 bearish -5 | MACD hist=-0.19<0 -10 | Stoch K<39.66 cross down -3 | CMF=-0.17 outflow (oversold) +8 | OBV confirms trend +4 | BB pos=0.0 near lower (oversold) +5 | AskWall x3 mức ≥5K cp -3 | BidWall x3 mức ≥5K cp +2 | FF net trung tính (intensity=+0.01) +0 | PE=11.32 cheap +7 | PB=3.9 expensive -3 | ROE=34.0% excellent +5 | D/E=0.611 healthy +1 | CFO>0 real cash +5 | RevG-YoY=12.7% good +3 | ProfitG-YoY=28.0% strong +5 | Market FAIR+giam sau -4 | CONFLUENCE bull (5/10 groups) +5 | CONFLUENCE bull (5/11) +5,13.68,v2.3,[],1.0,0,0,-1,0,0,3,-6,0,0,10,3,0,0,-2,0,-1,-1,3,"RS=1.00(─) +0 | 52W_hi=-19.7% +0 | LinReg_slope=-0.4%/5d +0 | Aroon=-43(▼) -2 | ROC10=-2.5% -1 | Williams%R=-96.3 +3 | NR=N compress=0.85 +0 | AD_slope20d=-4.5% -1 | EFI=-557,325 -1 | AskWall≤2%@58.8(41K) -2 | BidWall≤2%@58.5(221K) +2 → +0 | FFroom=50.2% +3 | FairVal=-230%(PE×EPS=17797) -6 | EPScons=1qtrs +0 | PropTrade=+26.1tỷ(5d) +10 | Insider=B1/S0(90d) net=+1 +3",13,0.65,0.09,-0.38,0.4,0.62,0.0,-0.14,0.11,0.14,0.5,0.53,-0.44,0.2,0.13,0.1,0.08,0.11,0.08,0.05,0.06,-1.35,-800.0,184.62,CONTENTION,BIMODAL,0.2,0.8,86.1,479.0,6281,Retail,988,5246.0,610300,2384900.0,1768.62,1793.46,1782.83,-0.51,-1.83,-3.47,DEEP_DOWN,12.24,1.99,12.8,62.2,FAIR,TIEU_DUNG_DICH_VU,0.6,0.62,0.6,0.6,0.6,0.75,184.62,LON,2026-10-01 14:15,,
VPB,GAINER,HSX,2026-10-01 14:15,2026-10-01,14:15,23.4,realtime,125100.0,541000.0,-415900.0,0.19,23350.0,138800.0,23400.0,390700.0,23300.0,500100.0,23450.0,591100.0,23250.0,217600.0,23500.0,932400.0,12M,23.35,22.28,21.57,43.93,21.63,21.59,3.29,4.8,8.15,67.08,0.58,0.09,0.49,84.06,78.26,21.05,22.23,23.41,0.57,0.97,2.44,75568364.0,0.12,77.39,23.04,3.62,64.29,23.6,21.3,-183833687.75,23.05,4366873.64,-10.87,0.41,9546700.0,23129773.0,27.01,18.63,4.38,9.21,2026-10-01,False,0,True,0.0,30.0,599360616.0,2380177080.0,223.43,736.47,-666.11,-1056.38,-10.52,0.33,-74.53,6936927000.0,2664594742000.0,-21.17,0.0,0.0,0.0,,2026-Q2,7.85,1.31,17.0,2.0,1057.0,,,0.0,78.0,35.0,0.0,,0.0,23483634000.0,,8384630000.0,18869554000.0,1057.0,0.18,0.35,0.42,0.72,1,1502526376000.0,191215344000.0,1311311032000.0,,,6.86,44532621000.0,-88786000.0,8650600000.0,44443835000.0,1.86,34,16,10,8,Ngân hàng,8300,VPBank,Ngân hàng Thương mại Cổ phần Việt Nam Thịnh Vượng,-4.3,-1.46,-26200055000.0,223989835000.0,-0.12,0.93,-4,False,True,-3,,FAIR,30,5,-1,-5,-3,-1,-15,16,0,10,-4,0.0,0,40,20,0.0,0.0,0.0,12.67,NEUTRAL,HIGH,EMA20>EMA50 +15 | Giá 8%>EMA200 (uptrend dài hạn) +5 | ADX=43.93 mạnh + giá>EMA200 (uptrend xác nhận) +5 | ST=21.63 bullish +5 | MACD hist=0.49>0 +10 | Stoch K=84.06 overbought -5 | CMF=0.12 inflow (overbought) -8 | MFI=77.39 strong inflow +6 | OBV confirms trend +4 | Vol=0.41x avg weak -3 | BB pos=0.97 near upper (overbought) -5 | OF pattern=WEAK -3 | AskWall x3 mức ≥5K cp -3 | BidWall x3 mức ≥5K cp +2 | FF net sell intensity=-0.69 (5d/20d aligned) -10 | FF flow giảm tốc (trend+accel cùng âm) -5 | PE=7.85 very cheap +10 | PB=1.31 fair +3 | ROE=17.0% good +3 | CFO=44532621000000 (sector-skip) 0 | RevG-YoY=42.0% strong +5 | ProfitG-YoY=72.4% strong +5 | Market FAIR+giam sau -4,12.67,v2.3,[],1.0,4,0,1,3,0,-3,-6,0,0,5,0,0,3,3,0,2,1,-3,"RS=1.14(▲) +4 | 52W_hi=-13.4% +0 | LinReg_slope=+3.6%/5d +3 | Aroon=+64(▲) +3 | ROC10=+4.4% +1 | Williams%R=-10.9 -3 | NR=Y compress=0.32 +3 | AD_slope20d=+23.1% +2 | EFI=+4,366,874 +1 | AskWall≤2%@23.5(932K) -2 | BidWall≤2%@23.3(500K) +2 → +0 | FFroom=7.5% -3 | FairVal=-70%(PE×EPS=13741) -6 | EPScons=1qtrs +0 | PropTrade=+6.9tỷ(5d) +5",5,0.25,0.75,0.1,0.08,-0.25,-0.3,-0.14,-0.67,0.34,0.0,0.67,-0.44,0.2,0.13,0.1,0.08,0.11,0.08,0.05,0.06,,,,WEAK,NORMAL,0.36,0.64,-62.1,1494.0,6324,Mixed,3046,3170.0,3311900,5979300.0,1768.62,1793.46,1782.83,-0.51,-1.83,-3.47,DEEP_DOWN,12.24,1.99,12.8,62.2,FAIR,NGAN_HANG,0.52,0.57,0.94,0.14,0.5,0.89,,,2026-10-01 14:15,,CONSENSUS_BULL
VPI,LOSER,HSX,2026-10-01 14:15,2026-10-01,14:15,59.5,realtime,182800.0,126800.0,56000.0,0.59,58400.0,7800.0,58500.0,13500.0,58300.0,6800.0,58600.0,9600.0,58200.0,3400.0,58700.0,4100.0,12M,58.5,60.44,59.25,12.94,57.91,55.39,2.01,-3.21,5.61,43.43,0.31,-0.4,0.71,20.94,44.83,57.98,60.8,63.62,1.81,0.09,3.09,44863253.0,0.13,48.94,60.77,-0.68,-71.43,63.4,57.2,72060929.45,7.23,-358990.86,-94.23,0.69,1348600.0,1954249.0,63.4,46.27,-7.29,-6.47,2026-10-01,False,0,True,0.0,49.0,136895069.0,172506643.0,67.24,37.71,29.53,-56.79,1.14,0.44,9.06,-586450000.0,-2870065000.0,0.0,0.0,0.0,0.0,,2026-Q2,51.85,3.86,8.0,3.0,406.0,,,0.0,40.0,17.0,0.32,,37.57,841950271.83,341247538.21,129804009.72,226454573.43,406.0,1.93,3.83,3.69,32.25,1,15817959625.33,5731658112.39,10086301512.94,2343802320.47,5060525927.89,1.76,156828991.18,-806373759.09,,-649544767.9,0.4,2,-8,0,10,Bất động sản,8600,Đầu tư Văn Phú - Invest,Công ty Cổ phần Phát triển Bất động sản Văn Phú,-4.3,-1.46,19325590000.0,79643490000.0,0.24,0.93,4,True,False,3,,FAIR,25,12,-4,5,0,-1,10,-8,0,10,-4,0.0,5,36,-4,0.0,0.0,0.0,23.51,NEUTRAL,MEDIUM,EMA20>EMA50 +15 | Giá 7%>EMA200 (uptrend dài hạn) +5 | ST=57.91 bullish +5 | RSI=43.43 neutral +5 | MACD hist=0.71>0 +10 | Stoch K<44.83 cross down -3 | CMF=0.13 inflow (overbought) -8 | OBV confirms trend +4 | BB pos=0.09 near lower (oversold) +5 | AskWall x2 mức ≥5K cp -3 | BidWall x2 mức ≥5K cp +2 | FF net buy intensity=+0.28 +5 | FF flow tăng tốc (trend+accel cùng dương) +5 | PE=51.85 expensive -5 | PB=3.86 expensive -3 | D/E=1.76 moderate 0 | CFO=156828991184 (sector-skip) 0 | RevG-YoY=369.3% strong +5 | ProfitG-YoY=3224.6% strong +5 | Market FAIR+giam sau -4 | CONFLUENCE bull (5/10 groups) +5 | CONFLUENCE bull (5/11) +5,18.51,v2.3,[],1.0,0,0,-3,0,2,3,-6,0,0,-2,0,0,0,-3,0,2,-1,3,"RS=0.98(─) +0 | 52W_hi=-6.2% +0 | LinReg_slope=-0.7%/5d +0 | Aroon=-71(▼) -3 | ROC10=-7.3% -3 | Williams%R=-94.2 +3 | NR=N compress=1.02 +0 | AD_slope20d=+7.2% +2 | EFI=-358,991 -1 | AskClear +1 | BidWall2-5%@58.4(8K) +1 → +2 | FFroom=38.9% +3 | FairVal=-1027%(PE×EPS=5278) -6 | EPScons=1qtrs +0 | PropTrade=-0.6tỷ(5d) -2",-2,-0.1,0.42,0.41,-0.12,0.62,0.0,0.14,0.48,-0.48,0.0,0.67,-0.44,0.2,0.13,0.1,0.08,0.11,0.08,0.05,0.06,-1.35,-800.0,77.74,CONTENTION,BIMODAL,0.45,0.55,2.4,1656.0,726,Mixed,279,426.0,527500,641700.0,1768.62,1793.46,1782.83,-0.51,-1.83,-3.47,DEEP_DOWN,12.24,1.99,12.8,62.2,FAIR,BAT_DONG_SAN,0.21,0.29,0.97,0.82,0.5,0.79,77.74,LON,2026-10-01 14:15,,
VPL,LOSER,HSX,2026-10-01 14:15,2026-10-01,14:15,77.9,realtime,82100.0,81600.0,500.0,0.5,77700.0,1300.0,77800.0,100.0,77600.0,3500.0,77900.0,1500.0,77500.0,12100.0,78000.0,100.0,12M,77.8,80.16,80.55,20.01,77.36,83.42,-0.48,-2.94,-6.74,42.79,-0.21,-0.54,0.33,19.7,24.13,76.24,81.51,86.78,2.48,0.15,3.19,16014300.0,0.01,37.8,79.31,-4.94,-28.57,88.2,76.5,10086790.24,1.39,-554189.14,-89.09,0.37,409500.0,1115595.0,111.0,67.0,-9.01,1.57,2026-10-01,False,0,True,0.0,49.0,797133696.0,919950684.0,77.64,29.75,47.89,291.94,-0.94,0.78,-6.64,-657310000.0,-4800900000.0,0.01,0.0,0.0,0.0,,2026-Q2,47.03,3.13,8.0,3.0,0.0,,,0.0,37.0,18.0,0.84,,22.92,3309546000.0,1157976000.0,671913000.0,733185000.0,0.0,-0.05,-0.55,0.12,2.99,1,119178039000.0,45360652000.0,73817387000.0,3757678000.0,17115994000.0,1.63,-1399892000.0,-185170000.0,,-1585062000.0,-1.27,-22,-8,-10,-4,Du lịch và Giải trí,5700,Vinpearl,Công ty Cổ phần Vinpearl,-4.3,-1.46,-3032890000.0,32855980000.0,-0.09,0.93,-4,False,False,0,,FAIR,-15,20,-13,5,-3,2,5,-8,-10,8,-4,0.0,0,-11,-10,0.0,0.0,0.0,-3.83,NEUTRAL,MEDIUM,"EMA20<EMA50 -15 | Giá -7%<EMA200 (downtrend dài hạn) -5 | ST=77.36 bullish +5 | RSI=42.79 neutral +5 | MACD hist=0.33>0 +10 | Stoch K=19.7 oversold +5 | MFI=37.8 weak -6 | OBV divergence -4 | Vol=0.37x avg weak -3 | BB pos=0.15 near lower (oversold) +5 | OF pattern=WEAK -3 | AskClear (no wall) +1 | BidWall 77.50 (12K cp, -0.5%) +1 | FF net buy intensity=+0.45 (5d/20d aligned) +10 | FF flow giảm tốc (trend+accel cùng âm) -5 | PE=47.03 expensive -5 | PB=3.13 expensive -3 | D/E=1.627 moderate 0 | CFO<0 cash burn -10 | CF quality=-1.27 low -5 | RevG-YoY=12.5% good +3 | ProfitG-YoY=299.1% strong +5 | Market FAIR+giam sau -4 | CONFLUENCE bear (5/10 groups) -5",-3.83,v2.3,[],1.0,0,-3,-3,2,3,3,0,0,0,-2,0,0,-3,0,0,1,-2,3,"RS=1.06(─) +0 | 52W_hi=-29.8% -3 | LinReg_slope=-4.9%/5d -3 | Aroon=-29(─) +0 | ROC10=-9.0% -3 | Williams%R=-89.1 +3 | NR=Y compress=0.69 +2 | AD_slope20d=+1.4% +1 | EFI=-554,189 -2 | AskClear +1 | BidWall≤2%@77.5(12K) +2 → +3 | FFroom=42.5% +3 | EPScons=1qtrs +0 | PropTrade=-0.7tỷ(5d) -2",-2,-0.1,-0.4,0.69,-0.56,0.88,-0.3,0.71,0.3,-0.28,-1.0,0.53,-0.44,0.2,0.13,0.1,0.08,0.11,0.08,0.05,0.06,-1.77,-1400.0,31.9,WEAK,BIMODAL,0.43,0.57,-24.2,753.0,541,Retail,166,370.0,174800,232000.0,1768.62,1793.46,1782.83,-0.51,-1.83,-3.47,DEEP_DOWN,12.24,1.99,12.8,62.2,FAIR,TIEU_DUNG_DICH_VU,0.22,0.21,0.45,0.7,0.1,0.75,31.9,VUA,2026-10-01 14:15,,
VPX,LOSER,HSX,2026-10-01 14:15,2026-10-01,14:15,25.15,realtime,9700.0,126200.0,-116500.0,0.07,25200.0,2700.0,25350.0,6100.0,25150.0,8700.0,25400.0,5500.0,25100.0,8100.0,25450.0,500.0,12M,25.2,24.94,25.33,19.82,23.17,,-1.54,1.04,,52.23,0.04,0.19,-0.15,82.18,78.93,23.12,24.62,26.11,0.76,0.69,3.02,10629800.0,0.07,72.97,25.09,4.86,42.86,26.0,23.1,27918030.12,4.78,183154.98,-27.59,0.49,447600.0,915235.0,34.5,23.1,5.22,-2.51,2026-10-01,False,0,True,0.0,100.0,1800661801.0,1875000000.0,10.81,21.65,-10.84,-40.3,0.02,0.22,0.07,35959385000.0,35959385000.0,,,,,,2026-Q2,8.94,1.35,16.0,7.0,925.0,,,0.0,70.0,39.0,1.65,,10.54,4098141674.33,3027309416.75,1733062153.8,,925.0,0.43,2.98,2.47,2.93,1,88950788787.98,35702739951.38,53248048836.6,52419985354.81,0.0,1.49,-35041717537.85,-15774434.72,,-35057491972.57,-9.82,16,16,-10,10,Dịch vụ tài chính,8700,Chứng khoán VPBank,Công ty Cổ phần Chứng khoán VPBank,-4.3,-1.46,-173610000.0,11414080000.0,-0.02,0.93,0,False,False,0,,FAIR,-7,-10,-1,0,-3,-1,-5,16,0,10,-4,0.0,0,-13,20,0.0,0.0,0.0,-1.13,NEUTRAL,MEDIUM,EMA20<EMA50 -15 | Giá>EMA20 (no EMA200) +3 | ST=23.17 bullish +5 | RSI=52.23 neutral +5 | MACD hist=-0.15<0 -10 | Stoch K=82.18 overbought -5 | MFI=72.97 strong inflow +6 | OBV divergence -4 | Vol=0.49x avg weak -3 | OF pattern=WEAK -3 | AskWall x2 mức ≥5K cp -3 | BidWall x2 mức ≥5K cp +2 | FF net sell intensity=-0.33 (5d/20d aligned) -10 | FF flow tăng tốc (trend+accel cùng dương) +5 | PE=8.94 very cheap +10 | PB=1.35 fair +3 | ROE=16.0% good +3 | CFO=-35041717537848 (sector-skip) 0 | RevG-YoY=246.9% strong +5 | ProfitG-YoY=293.0% strong +5 | Market FAIR+giam sau -4,-1.13,v2.3,['EMA200'],0.89,0,-3,3,2,0,3,-6,0,0,5,0,0,3,2,0,1,1,-1,"RS=1.02(─) +0 | 52W_hi=-27.1% -3 | LinReg_slope=+4.9%/5d +3 | Aroon=+43(▲) +2 | ROC10=+5.2% +3 | Williams%R=-27.6 -1 | NR=Y compress=0.79 +2 | AD_slope20d=+4.8% +1 | EFI=+183,155 +1 | AskWall≤2%@25.4(6K) -2 | BidWall≤2%@25.1(9K) +2 → +0 | FFroom=96.0% +3 | FairVal=-109%(PE×EPS=12025) -6 | EPScons=1qtrs +0 | PropTrade=+36.0tỷ(5d) +5",5,0.25,-0.09,-0.28,0.04,0.25,-0.3,-0.14,-0.07,0.34,0.0,0.67,-0.44,0.2,0.13,0.1,0.08,0.11,0.08,0.05,0.06,-2.33,-600.0,11.33,WEAK,BIMODAL,0.13,0.87,-67.6,962.0,452,Retail,71,370.0,54500,376500.0,1768.62,1793.46,1782.83,-0.51,-1.83,-3.47,DEEP_DOWN,12.24,1.99,12.8,62.2,FAIR,TAI_CHINH_PHI_NH,0.55,0.71,0.82,0.57,0.5,0.86,11.33,NHO,2026-10-01 14:15,,
VRE,LOSER,HSX,2026-10-01 14:15,2026-10-01,14:15,24.0,realtime,136500.0,70300.0,66200.0,0.66,23950.0,7500.0,24000.0,13800.0,23900.0,59400.0,24050.0,17600.0,23850.0,53200.0,24100.0,22600.0,12M,23.95,24.92,25.4,16.91,26.19,28.1,-1.89,-3.89,-14.77,38.21,-0.35,-0.18,-0.18,6.92,8.7,23.56,25.33,27.09,0.74,0.11,3.09,11123621.0,-0.32,43.07,23.93,-4.46,-64.29,27.95,24.05,22118850.55,-57.75,-585498.48,-96.08,0.55,2684900.0,4853025.0,43.65,20.9,-7.17,-8.94,2026-10-01,False,0,True,0.0,49.0,884470660.0,1141121020.0,58.41,93.9,-35.49,-89.66,-1.08,0.33,-2.12,-6723955000.0,19948715000.0,-0.16,0.0,0.0,0.0,,2026-Q2,7.63,1.12,15.0,12.0,708.0,,,0.0,54.0,79.0,1.57,,10.23,2373871000.0,1398332000.0,1608531000.0,1892698000.0,708.0,0.04,0.0,0.11,0.3,1,62806214000.0,49310673000.0,13495541000.0,19451000.0,6386715000.0,0.27,-3262205000.0,3007764000.0,,-254441000.0,-0.51,5,13,-10,2,Bất động sản,8600,Vincom Retail,Công ty Cổ phần Vincom Retail,-4.3,-1.46,-735971500.0,64505195000.0,-0.01,0.93,0,False,False,0,,FAIR,-25,-5,4,5,0,-1,-10,16,0,8,-4,0.0,0,-35,18,0.0,0.0,0.0,-15.67,SELL,MEDIUM,EMA20<EMA50 -15 | Giá -15%<EMA200 (downtrend dài hạn) -5 | ST=26.19 bearish -5 | MACD hist=-0.18<0 -10 | Stoch K=6.92 oversold +5 | CMF=-0.32 outflow (oversold) +8 | OBV divergence -4 | BB pos=0.11 near lower (oversold) +5 | AskWall x3 mức ≥5K cp -3 | BidWall x3 mức ≥5K cp +2 | FF net sell intensity=-0.23 (5d/20d aligned) -5 | FF flow giảm tốc (trend+accel cùng âm) -5 | PE=7.63 very cheap +10 | PB=1.12 fair +3 | ROE=15.0% neutral 0 | D/E=0.274 very low +3 | CFO=-3262205000000 (sector-skip) 0 | RevG-YoY=10.8% good +3 | ProfitG-YoY=30.4% strong +5 | Market FAIR+giam sau -4,-15.67,v2.3,[],1.0,0,-3,-3,0,0,3,-6,0,0,-10,0,0,-3,-3,-2,-2,-1,3,"RS=0.95(─) +0 | 52W_hi=-45.0% -3 | LinReg_slope=-4.5%/5d -3 | Aroon=-64(▼) -3 | Donch_BD↓(<24.05) -2 | ROC10=-7.2% -3 | Williams%R=-96.1 +3 | NR=N compress=0.98 +0 | AD_slope20d=-57.8% -2 | EFI=-585,498 -1 | AskWall≤2%@24.1(23K) -2 | BidWall≤2%@23.9(59K) +2 → +0 | FFroom=38.0% +3 | FairVal=-161%(PE×EPS=9204) -6 | EPScons=1qtrs +0 | PropTrade=-6.7tỷ(5d) -10",-10,-0.5,-0.68,-0.17,0.04,0.62,0.0,-0.14,-0.26,0.34,0.0,0.53,-0.44,0.2,0.13,0.1,0.08,0.11,0.08,0.05,0.06,-1.44,-350.0,63.93,NORMAL,SKEWED_DOWN,0.29,0.71,-14.9,670.0,3968,Retail,1187,2754.0,752500,1881100.0,1768.62,1793.46,1782.83,-0.51,-1.83,-3.47,DEEP_DOWN,12.24,1.99,12.8,62.2,FAIR,BAT_DONG_SAN,0.72,0.76,0.47,0.38,0.5,0.5,63.93,VUA,2026-10-01 14:15,,VALUE_OPPORTUNITY
VSC,LOSER,HSX,2026-10-01 14:15,2026-10-01,14:15,12.95,realtime,309300.0,307400.0,1900.0,0.5,12950.0,181000.0,13000.0,267900.0,12900.0,134800.0,13050.0,98600.0,12850.0,221900.0,13100.0,125600.0,12M,12.95,13.47,14.39,28.18,14.38,18.9,-6.39,-3.86,-31.48,39.24,-0.31,0.05,-0.36,58.59,67.82,12.73,13.31,13.89,0.5,0.19,3.86,-32720000.0,-0.48,55.86,13.14,3.27,71.43,14.75,12.25,-467168135.89,-19.5,-356209.18,-57.58,1.02,8232300.0,8058565.0,29.4,12.25,-1.89,-10.07,2026-10-01,False,0,True,0.0,49.0,175206220.0,183441477.0,38.0,35.44,2.55,19.39,-0.4,0.44,-0.57,9205000.0,9205000.0,,6.0,2.0,4.0,Vũ Ngọc Lâm,2026-Q2,14.34,0.88,6.0,3.0,0.0,,,0.0,40.0,17.0,1.02,,9.83,861250391.28,375686602.56,185789072.05,286820937.29,0.0,0.0,12.92,0.07,0.6,1,14853712501.08,7260764465.53,7592948035.55,2498514357.68,4005041642.03,1.05,627525495.62,-3847038190.21,,-3219512694.59,1.84,28,12,10,6,Hàng & Dịch vụ Công nghiệp,2700,VICONSHIP,Công ty Cổ phần Container Việt Nam,-4.3,-1.46,-4248180000.0,106722300000.0,-0.04,0.93,-2,False,False,0,Mua,FAIR,-30,-13,12,5,0,-1,-5,12,10,6,-4,0.0,5,-28,28,0.0,0.0,0.0,0.83,NEUTRAL,MEDIUM,EMA20<EMA50 -15 | Giá -31%<EMA200 (downtrend dài hạn) -5 | ADX=28.18 mạnh + giá<EMA200 (downtrend xác nhận) -5 | ST=14.38 bearish -5 | MACD hist=-0.36<0 -10 | Stoch K<67.82 cross down -3 | CMF=-0.48 outflow (oversold) +8 | OBV confirms trend +4 | BB pos=0.19 near lower (oversold) +5 | AskWall x3 mức ≥5K cp -3 | BidWall x3 mức ≥5K cp +2 | FF net trung tính (intensity=+0.03) +0 | FF flow giảm tốc (trend+accel cùng âm) -5 | PE=14.34 cheap +7 | PB=0.88 below book +5 | D/E=1.046 moderate 0 | CFO>0 real cash +5 | CF quality=1.84 high +5 | RevG-YoY=6.7% positive +1 | ProfitG-YoY=59.8% strong +5 | Market FAIR+giam sau -4 | CONFLUENCE bull (5/10 groups) +5 | CONFLUENCE bull (5/11) +5,-4.17,v2.3,[],1.0,0,-5,0,0,0,3,0,0,0,0,-3,0,3,3,0,-2,-1,0,"RS=0.94(─) +0 | 52W_hi=-56.0% -5 | LinReg_slope=+3.3%/5d +3 | Aroon=+71(▲) +3 | ROC10=-1.9% +0 | Williams%R=-57.6 +0 | NR=N compress=0.91 +0 | AD_slope20d=-19.5% -2 | EFI=-356,209 -1 | AskWall≤2%@13.0(268K) -2 | BidWall≤2%@12.8(222K) +2 → +0 | FFroom=46.8% +3 | EPScons=1qtrs +0 | PropTrade=+0.0tỷ(5d) +0 | Insider=B2/S4(90d) net=-2 -3",-3,-0.15,-0.55,-0.45,0.36,0.62,0.0,-0.14,-0.07,0.41,1.0,0.4,-0.44,0.2,0.13,0.1,0.08,0.11,0.08,0.05,0.06,-1.52,-200.0,106.43,CONTENTION,BIMODAL,0.32,0.68,-11.0,1907.0,4189,Mixed,1372,2766.0,2536100,5364900.0,1768.62,1793.46,1782.83,-0.51,-1.83,-3.47,DEEP_DOWN,12.24,1.99,12.8,62.2,FAIR,CONG_NGHIEP,0.5,0.43,0.13,0.37,0.7,0.57,106.43,LON,2026-10-01 14:15,,
VTP,GAINER,HSX,2026-10-01 14:15,2026-10-01,14:15,53.4,realtime,21600.0,55400.0,-33800.0,0.28,53300.0,24000.0,53400.0,11700.0,53200.0,2600.0,53500.0,13300.0,53100.0,5100.0,53600.0,3100.0,12M,53.3,51.4,51.84,18.56,48.41,57.71,-0.85,3.7,-7.64,58.49,0.13,0.44,-0.31,78.96,77.19,47.58,50.68,53.78,1.73,0.92,3.25,10496817.0,-0.0,77.31,51.55,6.09,92.86,53.6,48.1,-14138986.57,-0.25,734167.72,-24.64,2.07,1343600.0,649840.0,82.42,43.4,7.57,2.11,2026-10-01,False,0,True,0.0,49.0,91034197.0,98923733.0,30.87,15.09,15.77,23.82,0.11,0.67,1.83,-9308035000.0,-41185220000.0,0.12,0.0,0.0,0.0,,2026-Q2,23.81,4.58,18.0,5.0,272.0,,,0.0,6.0,2.0,1.16,,18.34,5585685569.5,302738990.97,68915717.79,94023093.16,272.0,0.17,0.77,0.12,-0.29,-1,8084230587.64,2317910598.85,5766319988.79,1634562666.15,394855135.73,2.49,761724836.06,-1073775070.77,,-312050234.71,1.88,21,3,10,8,Hàng & Dịch vụ Công nghiệp,2700,Bưu chính Viettel,Tổng Công ty Cổ phần Bưu chính Viettel,-4.3,-1.46,6248630900.0,72293290000.0,0.09,0.93,4,False,False,0,,FAIR,-15,-2,7,-5,0,-1,15,1,10,0,-4,0.0,0,-8,4,0.0,0.0,0.0,1.28,NEUTRAL,LOW,EMA20<EMA50 -15 | Giá -7%<EMA200 (downtrend dài hạn) -5 | ST=48.41 bullish +5 | RSI=58.49 neutral +5 | MACD hist=-0.31<0 -10 | Stoch K>77.19 cross up +3 | MFI=77.31 strong inflow +6 | OBV divergence -4 | Vol=2.07x avg breakout +5 | BB pos=0.92 near upper (overbought) -5 | AskWall x2 mức ≥5K cp -3 | BidWall x2 mức ≥5K cp +2 | FF net buy intensity=+0.34 (5d/20d aligned) +10 | FF flow tăng tốc (trend+accel cùng dương) +5 | PE=23.81 fair +3 | PB=4.58 expensive -3 | ROE=18.0% good +3 | D/E=2.488 high -2 | CFO>0 real cash +5 | CF quality=1.88 high +5 | RevG-YoY=12.1% good +3 | ProfitG-YoY=-28.9% declining -3 | Market FAIR+giam sau -4,1.28,v2.3,[],1.0,0,-3,3,0,0,3,-6,0,-1,-10,0,0,3,3,0,0,2,-1,"RS=1.07(─) +0 | 52W_hi=-35.2% -3 | LinReg_slope=+6.1%/5d +3 | Aroon=+93(▲) +3 | ROC10=+7.6% +3 | Williams%R=-24.6 -1 | NR=N compress=1.25 +0 | AD_slope20d=-0.2% +0 | EFI=+734,168 +2 | AskWall≤2%@53.5(13K) -2 | BidWall≤2%@53.3(24K) +2 → +0 | FFroom=45.1% +3 | FairVal=-1410%(PE×EPS=3536) -6 | EPScons=-1qtrs -1 | PropTrade=-9.3tỷ(5d) -10",-10,-0.5,-0.23,0.0,0.36,-0.62,0.0,-0.14,0.67,-0.17,1.0,-0.07,-0.44,0.2,0.13,0.1,0.08,0.11,0.08,0.05,0.06,1.91,1000.0,72.17,CONTENTION,BIMODAL,0.61,0.39,43.6,527.0,2544,Retail,1490,1053.0,818900,522300.0,1768.62,1793.46,1782.83,-0.51,-1.83,-3.47,DEEP_DOWN,12.24,1.99,12.8,62.2,FAIR,CONG_NGHIEP,0.3,0.24,0.67,0.83,0.7,0.23,72.17,LON,2026-10-01 14:15,,UNCLEAR
